Mes_Ano;Data_Internalizacao;UF;Armazem_Agrupado_Origem;Tipo_Armazem_Origem;Armazem_Origem;Armazem_Destino;Tipo_Armazem_Destino;Tipo_Desconexao;Tecnologia;Volume
AGO/2026;18/08/2026;MG;ALARES LOJA;ALARES LOJA;DEVOLUCAO EQUIP LOJA PARAGUACU;CDL POCOS DE CALDAS - LABORATORIO;ALARES LABORATORIO;voluntaria;WIFI 5;1
AGO/2026;18/08/2026;PB;DEBORAH BRUNA;TERCEIROS COLETA;EMP JPA REV DB - DEBORAH BRUNA;CDL JOAO PESSOA - LABORATORIO;ALARES LABORATORIO;Sem.Info;WIFI 6;1
AGO/2026;18/08/2026;PB;DEBORAH BRUNA;TERCEIROS COLETA;EMP JPA REV DB - DEBORAH BRUNA;CDL JOAO PESSOA - LABORATORIO;ALARES LABORATORIO;involuntaria;WIFI 5;4
AGO/2026;18/08/2026;PB;DEBORAH BRUNA;TERCEIROS COLETA;EMP JPA REV DB - DEBORAH BRUNA;CDL JOAO PESSOA - LABORATORIO;ALARES LABORATORIO;involuntaria;WIFI 6;6
AGO/2026;18/08/2026;PB;DEBORAH BRUNA;TERCEIROS COLETA;EMP JPA REV DB - DEBORAH BRUNA;CDL JOAO PESSOA - LABORATORIO;ALARES LABORATORIO;voluntaria;WIFI 5;21
AGO/2026;18/08/2026;PB;DEBORAH BRUNA;TERCEIROS COLETA;EMP JPA REV DB - DEBORAH BRUNA;CDL JOAO PESSOA - LABORATORIO;ALARES LABORATORIO;voluntaria;WIFI 6;29
AGO/2026;18/08/2026;RN;ALARES LOJA;ALARES LOJA;DEVOLUCAO EQUIP LOJA PARNAMIRIM;CDL NATAL - LABORATORIO;ALARES LABORATORIO;Sem.Info;WIFI 5;3
AGO/2026;18/08/2026;RN;ALARES LOJA;ALARES LOJA;DEVOLUCAO EQUIP LOJA NATAL;CDL NATAL - LABORATORIO;ALARES LABORATORIO;Sem.Info;WIFI 5;3
AGO/2026;18/08/2026;SP-SOC;ALARES LOJA;ALARES LOJA;DEVOLUCAO EQUIP LOJA IGUAPE;CDL REGISTRO - LABORATORIO;ALARES LABORATORIO;Sem.Info;WIFI 5;2
AGO/2026;18/08/2026;SP-SOC;ALARES LOJA;ALARES LOJA;DEVOLUCAO EQUIP LOJA IGUAPE;CDL REGISTRO - LABORATORIO;ALARES LABORATORIO;involuntaria;WIFI 6;2
AGO/2026;18/08/2026;SP-SOC;ALARES LOJA;ALARES LOJA;DEVOLUCAO EQUIP LOJA IGUAPE;CDL REGISTRO - LABORATORIO;ALARES LABORATORIO;voluntaria;OUTROS;2
AGO/2026;18/08/2026;SP-SOC;ALARES LOJA;ALARES LOJA;DEVOLUCAO EQUIP LOJA IGUAPE;CDL REGISTRO - LABORATORIO;ALARES LABORATORIO;voluntaria;WIFI 5;5
AGO/2026;18/08/2026;SP-SOC;ALARES LOJA;ALARES LOJA;DEVOLUCAO EQUIP LOJA IGUAPE;CDL REGISTRO - LABORATORIO;ALARES LABORATORIO;voluntaria;WIFI 6;5
AGO/2026;18/08/2026;SP-SOC;DEROYQUE;TERCEIROS COLETA;EMP PCS REV DEROYQUE - PRINCIPAL;CDL REGISTRO - LABORATORIO;ALARES LABORATORIO;Sem.Info;WIFI 5;13
AGO/2026;18/08/2026;SP-SOC;DEROYQUE;TERCEIROS COLETA;EMP PCS REV DEROYQUE - PRINCIPAL;CDL REGISTRO - LABORATORIO;ALARES LABORATORIO;Sem.Info;WIFI 6;9
AGO/2026;18/08/2026;SP-SPR;ALARES LOJA;ALARES LOJA;DEVOLUCAO EQUIP LOJA SALTO DE PIRAPORA;CDL ITUPEVA - LABORATORIO;ALARES CDL;voluntaria;WIFI 5;26
AGO/2026;18/08/2026;SP-SPR;ALARES LOJA;ALARES LOJA;DEVOLUCAO EQUIP LOJA SALTO DE PIRAPORA;CDL ITUPEVA - LABORATORIO;ALARES CDL;voluntaria;WIFI 6;27
AGO/2026;17/08/2026;-;ALARES LOJA;ALARES LOJA;ALARES - BAIXA VIRTUAL;CDL NATAL - LABORATORIO;ALARES LABORATORIO;Sem.Info;WIFI 5;1
AGO/2026;17/08/2026;-;ALARES LOJA;ALARES LOJA;ALARES - BAIXA VIRTUAL;CDL NATAL - LABORATORIO;ALARES LABORATORIO;Sem.Info;WIFI 6;1
AGO/2026;17/08/2026;-;ALARES LOJA;ALARES LOJA;DEVOLUCAO EQUIP. LOJA - INATIVO;CDL NATAL - LABORATORIO;ALARES LABORATORIO;voluntaria;WIFI 5;1
AGO/2026;17/08/2026;CE;ALARES LOJA;ALARES LOJA;DEVOLUCAO EQUIP LOJA SAO GONCALO DO AMARANTE;CDL NATAL - LABORATORIO;ALARES LABORATORIO;Sem.Info;WIFI 5;1
AGO/2026;17/08/2026;CE;ALARES LOJA;ALARES LOJA;DEVOLUCAO EQUIP LOJA SAO GONCALO DO AMARANTE;CDL NATAL - LABORATORIO;ALARES LABORATORIO;voluntaria;WIFI 5;1
AGO/2026;17/08/2026;CE;OMEGA;TERCEIROS COLETA;EMP FLA REV OMEGA MARCOS GOMES;CDL FORTALEZA - LABORATORIO;ALARES LABORATORIO;Sem.Info;WIFI 5;1
AGO/2026;17/08/2026;CE;OMEGA;TERCEIROS COLETA;EMP FLA REV OMEGA MARCOS GOMES;CDL FORTALEZA - LABORATORIO;ALARES LABORATORIO;involuntaria;OUTROS;4
AGO/2026;17/08/2026;CE;OMEGA;TERCEIROS COLETA;EMP FLA REV OMEGA MARCOS GOMES;CDL FORTALEZA - LABORATORIO;ALARES LABORATORIO;involuntaria;WIFI 5;3
AGO/2026;17/08/2026;CE;OMEGA;TERCEIROS COLETA;EMP FLA REV OMEGA MARCOS GOMES;CDL FORTALEZA - LABORATORIO;ALARES LABORATORIO;involuntaria;WIFI 6;23
AGO/2026;17/08/2026;CE;OMEGA;TERCEIROS COLETA;EMP FLA REV OMEGA MARCOS GOMES;CDL FORTALEZA - LABORATORIO;ALARES LABORATORIO;voluntaria;IPTV;10
AGO/2026;17/08/2026;CE;OMEGA;TERCEIROS COLETA;EMP FLA REV OMEGA MARCOS GOMES;CDL FORTALEZA - LABORATORIO;ALARES LABORATORIO;voluntaria;OUTROS;23
AGO/2026;17/08/2026;CE;OMEGA;TERCEIROS COLETA;EMP FLA REV OMEGA MARCOS GOMES;CDL FORTALEZA - LABORATORIO;ALARES LABORATORIO;voluntaria;WIFI 5;85
AGO/2026;17/08/2026;CE;OMEGA;TERCEIROS COLETA;EMP FLA REV OMEGA MARCOS GOMES;CDL FORTALEZA - LABORATORIO;ALARES LABORATORIO;voluntaria;WIFI 6;115
AGO/2026;17/08/2026;RN;ALARES LOJA;ALARES LOJA;DEVOLUCAO EQUIP LOJA PARNAMIRIM;CDL NATAL - LABORATORIO;ALARES LABORATORIO;Sem.Info;IPTV;2
AGO/2026;17/08/2026;RN;ALARES LOJA;ALARES LOJA;DEVOLUCAO EQUIP LOJA NATAL;CDL NATAL - LABORATORIO;ALARES LABORATORIO;Sem.Info;IPTV;1
AGO/2026;17/08/2026;RN;ALARES LOJA;ALARES LOJA;DEVOLUCAO EQUIP LOJA NATAL;CDL NATAL - LABORATORIO;ALARES LABORATORIO;Sem.Info;WIFI 5;3
AGO/2026;17/08/2026;RN;ALARES LOJA;ALARES LOJA;DEVOLUCAO EQUIP LOJA PARNAMIRIM;CDL NATAL - LABORATORIO;ALARES LABORATORIO;Sem.Info;WIFI 5;9
AGO/2026;17/08/2026;RN;ALARES LOJA;ALARES LOJA;DEVOLUCAO EQUIP LOJA PARNAMIRIM;CDL NATAL - LABORATORIO;ALARES LABORATORIO;Sem.Info;WIFI 6;1
AGO/2026;17/08/2026;RN;ALARES LOJA;ALARES LOJA;DEVOLUCAO EQUIP LOJA PARNAMIRIM;CDL NATAL - LABORATORIO;ALARES LABORATORIO;involuntaria;WIFI 6;1
AGO/2026;17/08/2026;RN;ALARES LOJA;ALARES LOJA;DEVOLUCAO EQUIP LOJA NATAL;CDL NATAL - LABORATORIO;ALARES LABORATORIO;involuntaria;WIFI 6;3
AGO/2026;17/08/2026;RN;ALARES LOJA;ALARES LOJA;DEVOLUCAO EQUIP LOJA NATAL;CDL NATAL - LABORATORIO;ALARES LABORATORIO;voluntaria;IPTV;5
AGO/2026;17/08/2026;RN;ALARES LOJA;ALARES LOJA;DEVOLUCAO EQUIP LOJA PARNAMIRIM;CDL NATAL - LABORATORIO;ALARES LABORATORIO;voluntaria;IPTV;6
AGO/2026;17/08/2026;RN;ALARES LOJA;ALARES LOJA;DEVOLUCAO EQUIP LOJA NISIA FLORESTA;CDL NATAL - LABORATORIO;ALARES LABORATORIO;voluntaria;OUTROS;1
AGO/2026;17/08/2026;RN;ALARES LOJA;ALARES LOJA;DEVOLUCAO EQUIP LOJA NATAL;CDL NATAL - LABORATORIO;ALARES LABORATORIO;voluntaria;OUTROS;6
AGO/2026;17/08/2026;RN;ALARES LOJA;ALARES LOJA;DEVOLUCAO EQUIP LOJA PARNAMIRIM;CDL NATAL - LABORATORIO;ALARES LABORATORIO;voluntaria;WIFI 5;19
AGO/2026;17/08/2026;RN;ALARES LOJA;ALARES LOJA;DEVOLUCAO EQUIP LOJA SAO JOSE DE MIPIBU;CDL NATAL - LABORATORIO;ALARES LABORATORIO;voluntaria;WIFI 5;3
AGO/2026;17/08/2026;RN;ALARES LOJA;ALARES LOJA;DEVOLUCAO EQUIP LOJA NATAL;CDL NATAL - LABORATORIO;ALARES LABORATORIO;voluntaria;WIFI 5;19
AGO/2026;17/08/2026;RN;ALARES LOJA;ALARES LOJA;DEVOLUCAO EQUIP LOJA NISIA FLORESTA;CDL NATAL - LABORATORIO;ALARES LABORATORIO;voluntaria;WIFI 5;4
AGO/2026;17/08/2026;RN;ALARES LOJA;ALARES LOJA;DEVOLUCAO EQUIP LOJA NISIA FLORESTA;CDL NATAL - LABORATORIO;ALARES LABORATORIO;voluntaria;WIFI 6;3
AGO/2026;17/08/2026;RN;ALARES LOJA;ALARES LOJA;DEVOLUCAO EQUIP LOJA SAO JOSE DE MIPIBU;CDL NATAL - LABORATORIO;ALARES LABORATORIO;voluntaria;WIFI 6;1
AGO/2026;17/08/2026;RN;ALARES LOJA;ALARES LOJA;DEVOLUCAO EQUIP LOJA PARNAMIRIM;CDL NATAL - LABORATORIO;ALARES LABORATORIO;voluntaria;WIFI 6;21
AGO/2026;17/08/2026;RN;ALARES LOJA;ALARES LOJA;DEVOLUCAO EQUIP LOJA NATAL;CDL NATAL - LABORATORIO;ALARES LABORATORIO;voluntaria;WIFI 6;9
AGO/2026;17/08/2026;SP-ITV;ALARES LOJA;ALARES LOJA;DEVOLUCAO LOJAS ERRO ITUPEVA - GMUD;CDL ITUPEVA - LABORATORIO;ALARES CDL;Sem.Info;OUTROS;2
AGO/2026;17/08/2026;SP-ITV;ALARES LOJA;ALARES LOJA;DEVOLUCAO EQUIP LOJA TABOAO DA SERRA;CDL ITUPEVA - LABORATORIO;ALARES CDL;Sem.Info;WIFI 5;1
AGO/2026;17/08/2026;SP-ITV;ALARES LOJA;ALARES LOJA;DEVOLUCAO LOJAS ERRO ITUPEVA - GMUD;CDL ITUPEVA - LABORATORIO;ALARES CDL;Sem.Info;WIFI 5;22
AGO/2026;17/08/2026;SP-ITV;ALARES LOJA;ALARES LOJA;DEVOLUCAO EQUIP LOJA TABOAO DA SERRA;CDL ITUPEVA - LABORATORIO;ALARES CDL;Sem.Info;WIFI 6;1
AGO/2026;17/08/2026;SP-ITV;ALARES LOJA;ALARES LOJA;DEVOLUCAO EQUIP LOJA TABOAO DA SERRA;CDL ITUPEVA - LABORATORIO;ALARES CDL;involuntaria;WIFI 5;2
AGO/2026;17/08/2026;SP-ITV;ALARES LOJA;ALARES LOJA;DEVOLUCAO EQUIP LOJA TABOAO DA SERRA;CDL ITUPEVA - LABORATORIO;ALARES CDL;voluntaria;OUTROS;2
AGO/2026;17/08/2026;SP-ITV;ALARES LOJA;ALARES LOJA;DEVOLUCAO EQUIP LOJA TABOAO DA SERRA;CDL ITUPEVA - LABORATORIO;ALARES CDL;voluntaria;WIFI 5;17
AGO/2026;17/08/2026;SP-ITV;ALARES LOJA;ALARES LOJA;DEVOLUCAO EQUIP LOJA TABOAO DA SERRA;CDL ITUPEVA - LABORATORIO;ALARES CDL;voluntaria;WIFI 6;14
AGO/2026;17/08/2026;SP-ITV;TERCEIROS COLETA;TERCEIROS COLETA;DEVOLUCAO TECNICO ITUPEVA ERRO - GMUD;CDL ITUPEVA - LABORATORIO;ALARES CDL;Sem.Info;WIFI 5;3
AGO/2026;17/08/2026;SP-MOC;ALARES LOJA;ALARES LOJA;DEVOLUCAO EQUIP LOJA MOGI GUACU;CDL ITUPEVA - LABORATORIO;ALARES CDL;Sem.Info;WIFI 5;11
AGO/2026;17/08/2026;SP-MOC;ALARES LOJA;ALARES LOJA;DEVOLUCAO EQUIP LOJA MOGI GUACU;CDL ITUPEVA - LABORATORIO;ALARES CDL;Sem.Info;WIFI 6;3
AGO/2026;17/08/2026;SP-MOC;ALARES LOJA;ALARES LOJA;DEVOLUCAO EQUIP LOJA ESPIRITO SANTO DO PINHAL;CDL ITUPEVA - LABORATORIO;ALARES CDL;voluntaria;WIFI 6;1
AGO/2026;17/08/2026;SP-ORN;ALARES LOJA;ALARES LOJA;DEVOLUCAO EQUIP LOJA TUPA;CDL OURINHOS - LABORATORIO;ALARES LABORATORIO;voluntaria;WIFI 5;1
AGO/2026;17/08/2026;SP-SOC;ALARES LOJA;ALARES LOJA;DEVOLUCAO EQUIP LOJA EMBU DAS ARTES;CDL ITUPEVA - LABORATORIO;ALARES CDL;voluntaria;WIFI 5;4
AGO/2026;17/08/2026;SP-SOC;ALARES LOJA;ALARES LOJA;DEVOLUCAO EQUIP LOJA ITAPECERICA DA SERRA;CDL ITUPEVA - LABORATORIO;ALARES CDL;voluntaria;WIFI 5;1
AGO/2026;17/08/2026;SP-SOC;DEROYQUE;TERCEIROS COLETA;EMP PCS REV DEROYQUE - PRINCIPAL;CDL ITUPEVA - LABORATORIO;ALARES CDL;Sem.Info;WIFI 5;1
AGO/2026;17/08/2026;SP-SOC;DEROYQUE;TERCEIROS COLETA;EMP PCS REV DEROYQUE - PRINCIPAL;CDL ITUPEVA - LABORATORIO;ALARES CDL;Sem.Info;WIFI 6;1
AGO/2026;17/08/2026;SP-SOC;DEROYQUE;TERCEIROS COLETA;EMP PCS REV DEROYQUE - PRINCIPAL;CDL ITUPEVA - LABORATORIO;ALARES CDL;involuntaria;WIFI 5;39
AGO/2026;17/08/2026;SP-SOC;DEROYQUE;TERCEIROS COLETA;EMP PCS REV DEROYQUE - PRINCIPAL;CDL ITUPEVA - LABORATORIO;ALARES CDL;involuntaria;WIFI 6;28
AGO/2026;17/08/2026;SP-SOC;DEROYQUE;TERCEIROS COLETA;EMP PCS REV DEROYQUE - PRINCIPAL;CDL ITUPEVA - LABORATORIO;ALARES CDL;voluntaria;OUTROS;2
AGO/2026;17/08/2026;SP-SOC;DEROYQUE;TERCEIROS COLETA;EMP PCS REV DEROYQUE - PRINCIPAL;CDL ITUPEVA - LABORATORIO;ALARES CDL;voluntaria;WIFI 5;106
AGO/2026;17/08/2026;SP-SOC;DEROYQUE;TERCEIROS COLETA;EMP PCS REV DEROYQUE - PRINCIPAL;CDL ITUPEVA - LABORATORIO;ALARES CDL;voluntaria;WIFI 6;79
AGO/2026;15/08/2026;SP-ORN;TERCEIROS COLETA;TERCEIROS COLETA;DEVOLUCAO REVERSA TERCEIROS ORN - GMUD;CDL OURINHOS - LABORATORIO;ALARES LABORATORIO;Sem.Info;WIFI 5;2
AGO/2026;14/08/2026;BA;ALARES LOJA;ALARES LOJA;DEVOLUCAO EQUIP LOJA PORTO SEGURO;CDL PORTO E EUNAPOLIS - LABORATORIO;ALARES LABORATORIO;involuntaria;OUTROS;1
AGO/2026;14/08/2026;BA;ALARES LOJA;ALARES LOJA;DEVOLUCAO EQUIP LOJA PORTO SEGURO;CDL PORTO E EUNAPOLIS - LABORATORIO;ALARES LABORATORIO;involuntaria;WIFI 6;1
AGO/2026;14/08/2026;BA;ALARES LOJA;ALARES LOJA;DEVOLUCAO EQUIP LOJA PORTO SEGURO;CDL PORTO E EUNAPOLIS - LABORATORIO;ALARES LABORATORIO;voluntaria;OUTROS;16
AGO/2026;14/08/2026;BA;ALARES LOJA;ALARES LOJA;DEVOLUCAO EQUIP LOJA PORTO SEGURO;CDL PORTO E EUNAPOLIS - LABORATORIO;ALARES LABORATORIO;voluntaria;WIFI 5;15
AGO/2026;14/08/2026;BA;ALARES LOJA;ALARES LOJA;DEVOLUCAO EQUIP LOJA PORTO SEGURO;CDL PORTO E EUNAPOLIS - LABORATORIO;ALARES LABORATORIO;voluntaria;WIFI 6;15
AGO/2026;14/08/2026;RN;NDR;TERCEIROS COLETA;EMP NTL REV NDR - PRINCIPAL;CDL NATAL - LABORATORIO;ALARES LABORATORIO;Sem.Info;WIFI 5;3
AGO/2026;14/08/2026;RN;NDR;TERCEIROS COLETA;EMP NTL REV NDR - PRINCIPAL;CDL NATAL - LABORATORIO;ALARES LABORATORIO;Sem.Info;WIFI 6;1
AGO/2026;14/08/2026;RN;NDR;TERCEIROS COLETA;EMP NTL REV NDR - PRINCIPAL;CDL NATAL - LABORATORIO;ALARES LABORATORIO;involuntaria;IPTV;7
AGO/2026;14/08/2026;RN;NDR;TERCEIROS COLETA;EMP NTL REV NDR - PRINCIPAL;CDL NATAL - LABORATORIO;ALARES LABORATORIO;involuntaria;OUTROS;1
AGO/2026;14/08/2026;RN;NDR;TERCEIROS COLETA;EMP NTL REV NDR - PRINCIPAL;CDL NATAL - LABORATORIO;ALARES LABORATORIO;involuntaria;WIFI 5;48
AGO/2026;14/08/2026;RN;NDR;TERCEIROS COLETA;EMP NTL REV NDR - PRINCIPAL;CDL NATAL - LABORATORIO;ALARES LABORATORIO;involuntaria;WIFI 6;58
AGO/2026;14/08/2026;RN;NDR;TERCEIROS COLETA;EMP NTL REV NDR - PRINCIPAL;CDL NATAL - LABORATORIO;ALARES LABORATORIO;voluntaria;IPTV;23
AGO/2026;14/08/2026;RN;NDR;TERCEIROS COLETA;EMP NTL REV NDR - PRINCIPAL;CDL NATAL - LABORATORIO;ALARES LABORATORIO;voluntaria;OUTROS;1
AGO/2026;14/08/2026;RN;NDR;TERCEIROS COLETA;EMP NTL REV NDR - PRINCIPAL;CDL NATAL - LABORATORIO;ALARES LABORATORIO;voluntaria;WIFI 5;112
AGO/2026;14/08/2026;RN;NDR;TERCEIROS COLETA;EMP NTL REV NDR - PRINCIPAL;CDL NATAL - LABORATORIO;ALARES LABORATORIO;voluntaria;WIFI 6;126
AGO/2026;14/08/2026;SP-ITV;ALARES LOJA;ALARES LOJA;DEVOLUCAO LOJAS ERRO ITUPEVA - GMUD;CDL ITUPEVA - LABORATORIO;ALARES CDL;Sem.Info;WIFI 5;3
AGO/2026;14/08/2026;SP-MOC;ALARES LOJA;ALARES LOJA;DEVOLUCAO EQUIP LOJA MOGI GUACU;CDL ITUPEVA - LABORATORIO;ALARES CDL;Sem.Info;WIFI 5;2
AGO/2026;14/08/2026;SP-ORN;TELECOM;TERCEIROS COLETA;EMP ORN REV TELECOM FERNANDA SOARES;CDL OURINHOS - LABORATORIO;ALARES LABORATORIO;Sem.Info;OUTROS;2
AGO/2026;14/08/2026;SP-ORN;TELECOM;TERCEIROS COLETA;EMP ORN REV TELECOM FERNANDA SOARES;CDL OURINHOS - LABORATORIO;ALARES LABORATORIO;Sem.Info;WIFI 5;5
AGO/2026;14/08/2026;SP-ORN;TELECOM;TERCEIROS COLETA;EMP ORN REV TELECOM FERNANDA SOARES;CDL OURINHOS - LABORATORIO;ALARES LABORATORIO;Sem.Info;WIFI 6;2
AGO/2026;14/08/2026;SP-ORN;TELECOM;TERCEIROS COLETA;EMP ORN REV TELECOM FERNANDA SOARES;CDL OURINHOS - LABORATORIO;ALARES LABORATORIO;involuntaria;OUTROS;19
AGO/2026;14/08/2026;SP-ORN;TELECOM;TERCEIROS COLETA;EMP ORN REV TELECOM FERNANDA SOARES;CDL OURINHOS - LABORATORIO;ALARES LABORATORIO;involuntaria;WIFI 5;254
AGO/2026;14/08/2026;SP-ORN;TELECOM;TERCEIROS COLETA;EMP ORN REV TELECOM FERNANDA SOARES;CDL OURINHOS - LABORATORIO;ALARES LABORATORIO;involuntaria;WIFI 6;137
AGO/2026;14/08/2026;SP-ORN;TELECOM;TERCEIROS COLETA;EMP ORN REV TELECOM FERNANDA SOARES;CDL OURINHOS - LABORATORIO;ALARES LABORATORIO;voluntaria;OUTROS;71
AGO/2026;14/08/2026;SP-ORN;TELECOM;TERCEIROS COLETA;EMP ORN REV TELECOM FERNANDA SOARES;CDL OURINHOS - LABORATORIO;ALARES LABORATORIO;voluntaria;WIFI 5;432
AGO/2026;14/08/2026;SP-ORN;TELECOM;TERCEIROS COLETA;EMP ORN REV TELECOM FERNANDA SOARES;CDL OURINHOS - LABORATORIO;ALARES LABORATORIO;voluntaria;WIFI 6;207
AGO/2026;14/08/2026;SP-SOC;ALARES LOJA;ALARES LOJA;DEVOLUCAO EQUIP LOJA SOROCABA;CDL ITUPEVA - LABORATORIO;ALARES CDL;Sem.Info;WIFI 5;3
AGO/2026;14/08/2026;SP-SOC;ALARES LOJA;ALARES LOJA;DEVOLUCAO EQUIP LOJA IBIUNA;CDL ITUPEVA - LABORATORIO;ALARES CDL;involuntaria;WIFI 5;1
AGO/2026;14/08/2026;SP-SOC;ALARES LOJA;ALARES LOJA;DEVOLUCAO EQUIP LOJA ILHA COMPRIDA;CDL ITUPEVA - LABORATORIO;ALARES CDL;involuntaria;WIFI 6;1
AGO/2026;14/08/2026;SP-SOC;ALARES LOJA;ALARES LOJA;DEVOLUCAO EQUIP LOJA BARUERI;CDL ITUPEVA - LABORATORIO;ALARES CDL;voluntaria;WIFI 5;1
AGO/2026;14/08/2026;SP-SOC;ALARES LOJA;ALARES LOJA;DEVOLUCAO EQUIP LOJA IBIUNA;CDL ITUPEVA - LABORATORIO;ALARES CDL;voluntaria;WIFI 5;1
AGO/2026;14/08/2026;SP-SOC;ALARES LOJA;ALARES LOJA;DEVOLUCAO EQUIP LOJA SOROCABA;CDL ITUPEVA - LABORATORIO;ALARES CDL;voluntaria;WIFI 6;1
AGO/2026;14/08/2026;SP-SPR;ALARES LOJA;ALARES LOJA;DEVOLUCAO EQUIP LOJA ARACOIABA DA SERRA;CDL ITUPEVA - LABORATORIO;ALARES CDL;voluntaria;WIFI 5;9
AGO/2026;14/08/2026;SP-SPR;ALARES LOJA;ALARES LOJA;DEVOLUCAO EQUIP LOJA SARAPUI;CDL ITUPEVA - LABORATORIO;ALARES CDL;voluntaria;WIFI 6;8
AGO/2026;14/08/2026;SP-SPR;ALARES LOJA;ALARES LOJA;DEVOLUCAO EQUIP LOJA SALTO DE PIRAPORA;CDL ITUPEVA - LABORATORIO;ALARES CDL;voluntaria;WIFI 6;1
AGO/2026;14/08/2026;SP-SPR;ALARES LOJA;ALARES LOJA;DEVOLUCAO EQUIP LOJA ARACOIABA DA SERRA;CDL ITUPEVA - LABORATORIO;ALARES CDL;voluntaria;WIFI 6;10
AGO/2026;13/08/2026;BA;ALARES LOJA;ALARES LOJA;DEVOLUCAO EQUIP LOJA EUNAPOLIS;CDL PORTO E EUNAPOLIS - LABORATORIO;ALARES LABORATORIO;involuntaria;WIFI 6;1
AGO/2026;13/08/2026;BA;ALARES LOJA;ALARES LOJA;DEVOLUCAO EQUIP LOJA EUNAPOLIS;CDL PORTO E EUNAPOLIS - LABORATORIO;ALARES LABORATORIO;voluntaria;WIFI 5;4
AGO/2026;13/08/2026;BA;ALARES LOJA;ALARES LOJA;DEVOLUCAO EQUIP LOJA EUNAPOLIS;CDL PORTO E EUNAPOLIS - LABORATORIO;ALARES LABORATORIO;voluntaria;WIFI 6;15
AGO/2026;13/08/2026;CE;ABL;TERCEIROS COLETA;EMP FLA REV ABL JOAO SERGINO;CDL FORTALEZA - LABORATORIO;ALARES LABORATORIO;Sem.Info;OUTROS;1
AGO/2026;13/08/2026;CE;ABL;TERCEIROS COLETA;EMP FLA REV ABL JOAO SERGINO;CDL FORTALEZA - LABORATORIO;ALARES LABORATORIO;Sem.Info;WIFI 5;2
AGO/2026;13/08/2026;CE;ABL;TERCEIROS COLETA;EMP FLA REV ABL JOAO SERGINO;CDL FORTALEZA - LABORATORIO;ALARES LABORATORIO;involuntaria;WIFI 5;5
AGO/2026;13/08/2026;CE;ABL;TERCEIROS COLETA;EMP FLA REV ABL JOAO SERGINO;CDL FORTALEZA - LABORATORIO;ALARES LABORATORIO;involuntaria;WIFI 6;10
AGO/2026;13/08/2026;CE;ABL;TERCEIROS COLETA;EMP FLA REV ABL JOAO SERGINO;CDL FORTALEZA - LABORATORIO;ALARES LABORATORIO;voluntaria;OUTROS;1
AGO/2026;13/08/2026;CE;ABL;TERCEIROS COLETA;EMP FLA REV ABL JOAO SERGINO;CDL FORTALEZA - LABORATORIO;ALARES LABORATORIO;voluntaria;WIFI 5;16
AGO/2026;13/08/2026;CE;ABL;TERCEIROS COLETA;EMP FLA REV ABL JOAO SERGINO;CDL FORTALEZA - LABORATORIO;ALARES LABORATORIO;voluntaria;WIFI 6;14
AGO/2026;13/08/2026;MG;ALARES LOJA;ALARES LOJA;DEVOLUCAO EQUIP LOJA POCOS DE CALDAS;CDL POCOS DE CALDAS - LABORATORIO;ALARES LABORATORIO;Sem.Info;WIFI 5;1
AGO/2026;13/08/2026;MG;JL - MG;TERCEIROS COLETA;EMP PCS REV JL - ROSELANE FRANCISCA;CDL POCOS DE CALDAS - LABORATORIO;ALARES LABORATORIO;Sem.Info;OUTROS;1
AGO/2026;13/08/2026;MG;JL - MG;TERCEIROS COLETA;EMP PCS REV JL - ROSELANE FRANCISCA;CDL POCOS DE CALDAS - LABORATORIO;ALARES LABORATORIO;Sem.Info;WIFI 5;4
AGO/2026;13/08/2026;MG;JL - MG;TERCEIROS COLETA;EMP PCS REV JL - ROSELANE FRANCISCA;CDL POCOS DE CALDAS - LABORATORIO;ALARES LABORATORIO;Sem.Info;WIFI 6;1
AGO/2026;13/08/2026;MG;JL - MG;TERCEIROS COLETA;EMP PCS REV JL - ROSELANE FRANCISCA;CDL POCOS DE CALDAS - LABORATORIO;ALARES LABORATORIO;involuntaria;OUTROS;4
AGO/2026;13/08/2026;MG;JL - MG;TERCEIROS COLETA;EMP PCS REV JL - ROSELANE FRANCISCA;CDL POCOS DE CALDAS - LABORATORIO;ALARES LABORATORIO;involuntaria;WIFI 5;22
AGO/2026;13/08/2026;MG;JL - MG;TERCEIROS COLETA;EMP PCS REV JL - ROSELANE FRANCISCA;CDL POCOS DE CALDAS - LABORATORIO;ALARES LABORATORIO;involuntaria;WIFI 6;44
AGO/2026;13/08/2026;MG;JL - MG;TERCEIROS COLETA;EMP PCS REV JL - ROSELANE FRANCISCA;CDL POCOS DE CALDAS - LABORATORIO;ALARES LABORATORIO;voluntaria;OUTROS;65
AGO/2026;13/08/2026;MG;JL - MG;TERCEIROS COLETA;EMP PCS REV JL - ROSELANE FRANCISCA;CDL POCOS DE CALDAS - LABORATORIO;ALARES LABORATORIO;voluntaria;WIFI 5;122
AGO/2026;13/08/2026;MG;JL - MG;TERCEIROS COLETA;EMP PCS REV JL - ROSELANE FRANCISCA;CDL POCOS DE CALDAS - LABORATORIO;ALARES LABORATORIO;voluntaria;WIFI 6;77
AGO/2026;13/08/2026;RN;ALARES LOJA;ALARES LOJA;DEVOLUCAO EQUIP LOJA NATAL;CDL NATAL - LABORATORIO;ALARES LABORATORIO;Sem.Info;IPTV;2
AGO/2026;13/08/2026;RN;ALARES LOJA;ALARES LOJA;DEVOLUCAO EQUIP LOJA PARNAMIRIM;CDL NATAL - LABORATORIO;ALARES LABORATORIO;Sem.Info;IPTV;1
AGO/2026;13/08/2026;RN;ALARES LOJA;ALARES LOJA;DEVOLUCAO EQUIP LOJA NATAL;CDL NATAL - LABORATORIO;ALARES LABORATORIO;Sem.Info;OUTROS;11
AGO/2026;13/08/2026;RN;ALARES LOJA;ALARES LOJA;DEVOLUCAO EQUIP LOJA NATAL;CDL NATAL - LABORATORIO;ALARES LABORATORIO;Sem.Info;WIFI 5;11
AGO/2026;13/08/2026;RN;ALARES LOJA;ALARES LOJA;DEVOLUCAO EQUIP LOJA PARNAMIRIM;CDL NATAL - LABORATORIO;ALARES LABORATORIO;Sem.Info;WIFI 5;1
AGO/2026;13/08/2026;RN;ALARES LOJA;ALARES LOJA;DEVOLUCAO EQUIP LOJA PARNAMIRIM;CDL NATAL - LABORATORIO;ALARES LABORATORIO;Sem.Info;WIFI 6;1
AGO/2026;13/08/2026;RN;ALARES LOJA;ALARES LOJA;DEVOLUCAO EQUIP LOJA NATAL;CDL NATAL - LABORATORIO;ALARES LABORATORIO;Sem.Info;WIFI 6;2
AGO/2026;13/08/2026;RN;ALARES LOJA;ALARES LOJA;DEVOLUCAO EQUIP LOJA NATAL;CDL NATAL - LABORATORIO;ALARES LABORATORIO;involuntaria;IPTV;1
AGO/2026;13/08/2026;RN;ALARES LOJA;ALARES LOJA;DEVOLUCAO EQUIP LOJA NATAL;CDL NATAL - LABORATORIO;ALARES LABORATORIO;involuntaria;WIFI 5;1
AGO/2026;13/08/2026;RN;ALARES LOJA;ALARES LOJA;DEVOLUCAO EQUIP LOJA PARNAMIRIM;CDL NATAL - LABORATORIO;ALARES LABORATORIO;voluntaria;IPTV;2
AGO/2026;13/08/2026;RN;ALARES LOJA;ALARES LOJA;DEVOLUCAO EQUIP LOJA PARNAMIRIM;CDL NATAL - LABORATORIO;ALARES LABORATORIO;voluntaria;WIFI 5;3
AGO/2026;13/08/2026;RN;ALARES LOJA;ALARES LOJA;DEVOLUCAO EQUIP LOJA NATAL;CDL NATAL - LABORATORIO;ALARES LABORATORIO;voluntaria;WIFI 5;7
AGO/2026;13/08/2026;RN;ALARES LOJA;ALARES LOJA;DEVOLUCAO EQUIP LOJA NATAL;CDL NATAL - LABORATORIO;ALARES LABORATORIO;voluntaria;WIFI 6;10
AGO/2026;13/08/2026;RN;ALARES LOJA;ALARES LOJA;DEVOLUCAO EQUIP LOJA PARNAMIRIM;CDL NATAL - LABORATORIO;ALARES LABORATORIO;voluntaria;WIFI 6;1
AGO/2026;13/08/2026;RN;NDR;TERCEIROS COLETA;EMP NTL REV NDR - PRINCIPAL;CDL NATAL - LABORATORIO;ALARES LABORATORIO;involuntaria;IPTV;3
AGO/2026;13/08/2026;RN;NDR;TERCEIROS COLETA;EMP NTL REV NDR - PRINCIPAL;CDL NATAL - LABORATORIO;ALARES LABORATORIO;involuntaria;OUTROS;8
AGO/2026;13/08/2026;RN;NDR;TERCEIROS COLETA;EMP NTL REV NDR - PRINCIPAL;CDL NATAL - LABORATORIO;ALARES LABORATORIO;involuntaria;WIFI 5;50
AGO/2026;13/08/2026;RN;NDR;TERCEIROS COLETA;EMP NTL REV NDR - PRINCIPAL;CDL NATAL - LABORATORIO;ALARES LABORATORIO;involuntaria;WIFI 6;48
AGO/2026;13/08/2026;RN;NDR;TERCEIROS COLETA;EMP NTL REV NDR - PRINCIPAL;CDL NATAL - LABORATORIO;ALARES LABORATORIO;voluntaria;IPTV;34
AGO/2026;13/08/2026;RN;NDR;TERCEIROS COLETA;EMP NTL REV NDR - PRINCIPAL;CDL NATAL - LABORATORIO;ALARES LABORATORIO;voluntaria;OUTROS;4
AGO/2026;13/08/2026;RN;NDR;TERCEIROS COLETA;EMP NTL REV NDR - PRINCIPAL;CDL NATAL - LABORATORIO;ALARES LABORATORIO;voluntaria;WIFI 5;97
AGO/2026;13/08/2026;RN;NDR;TERCEIROS COLETA;EMP NTL REV NDR - PRINCIPAL;CDL NATAL - LABORATORIO;ALARES LABORATORIO;voluntaria;WIFI 6;94
AGO/2026;13/08/2026;SP-ITV;ALARES LOJA;ALARES LOJA;DEVOLUCAO LOJAS ERRO ITUPEVA - GMUD;CDL ITUPEVA - LABORATORIO;ALARES CDL;Sem.Info;WIFI 5;2
AGO/2026;13/08/2026;SP-MOC;ALARES LOJA;ALARES LOJA;ALARES - EQUIPE SAC;CDL POCOS DE CALDAS - LABORATORIO;ALARES LABORATORIO;Sem.Info;WIFI 5;1
AGO/2026;13/08/2026;SP-ORN;ALARES LOJA;ALARES LOJA;DEVOLUCAO EQUIP LOJA PIRAJU;CDL OURINHOS - LABORATORIO;ALARES LABORATORIO;Sem.Info;WIFI 6;1
AGO/2026;13/08/2026;SP-ORN;ALARES LOJA;ALARES LOJA;DEVOLUCAO EQUIP LOJA SANTA C DO RIO PARDO;CDL OURINHOS - LABORATORIO;ALARES LABORATORIO;voluntaria;WIFI 5;1
AGO/2026;13/08/2026;SP-ORN;JOAO MANTOAN;TERCEIROS COLETA;EMP ORN REV JM JOAO MANTOAN;CDL OURINHOS - LABORATORIO;ALARES LABORATORIO;Sem.Info;WIFI 5;2
AGO/2026;13/08/2026;SP-ORN;JOAO MANTOAN;TERCEIROS COLETA;EMP ORN REV JM JOAO MANTOAN;CDL OURINHOS - LABORATORIO;ALARES LABORATORIO;involuntaria;OUTROS;10
AGO/2026;13/08/2026;SP-ORN;JOAO MANTOAN;TERCEIROS COLETA;EMP ORN REV JM JOAO MANTOAN;CDL OURINHOS - LABORATORIO;ALARES LABORATORIO;involuntaria;WIFI 5;30
AGO/2026;13/08/2026;SP-ORN;JOAO MANTOAN;TERCEIROS COLETA;EMP ORN REV JM JOAO MANTOAN;CDL OURINHOS - LABORATORIO;ALARES LABORATORIO;involuntaria;WIFI 6;13
AGO/2026;13/08/2026;SP-ORN;JOAO MANTOAN;TERCEIROS COLETA;EMP ORN REV JM JOAO MANTOAN;CDL OURINHOS - LABORATORIO;ALARES LABORATORIO;voluntaria;OUTROS;47
AGO/2026;13/08/2026;SP-ORN;JOAO MANTOAN;TERCEIROS COLETA;EMP ORN REV JM JOAO MANTOAN;CDL OURINHOS - LABORATORIO;ALARES LABORATORIO;voluntaria;WIFI 5;130
AGO/2026;13/08/2026;SP-ORN;JOAO MANTOAN;TERCEIROS COLETA;EMP ORN REV JM JOAO MANTOAN;CDL OURINHOS - LABORATORIO;ALARES LABORATORIO;voluntaria;WIFI 6;57
AGO/2026;13/08/2026;SP-SOC;ALARES LOJA;ALARES LOJA;DEVOLUCAO EQUIP LOJA IBIUNA;CDL ITUPEVA - LABORATORIO;ALARES CDL;Sem.Info;OUTROS;1
AGO/2026;13/08/2026;SP-SOC;ALARES LOJA;ALARES LOJA;DEVOLUCAO EQUIP LOJA IBIUNA;CDL ITUPEVA - LABORATORIO;ALARES CDL;Sem.Info;WIFI 5;3
AGO/2026;13/08/2026;SP-SOC;ALARES LOJA;ALARES LOJA;DEVOLUCAO EQUIP LOJA COTIA;CDL ITUPEVA - LABORATORIO;ALARES CDL;Sem.Info;WIFI 6;1
AGO/2026;13/08/2026;SP-SOC;ALARES LOJA;ALARES LOJA;DEVOLUCAO EQUIP LOJA SOROCABA;CDL ITUPEVA - LABORATORIO;ALARES CDL;Sem.Info;WIFI 6;1
AGO/2026;13/08/2026;SP-SOC;ALARES LOJA;ALARES LOJA;DEVOLUCAO EQUIP LOJA IBIUNA;CDL ITUPEVA - LABORATORIO;ALARES CDL;voluntaria;WIFI 5;4
AGO/2026;13/08/2026;SP-SOC;ALARES LOJA;ALARES LOJA;DEVOLUCAO EQUIP LOJA IBIUNA;CDL ITUPEVA - LABORATORIO;ALARES CDL;voluntaria;WIFI 6;4
AGO/2026;13/08/2026;SP-SOC;ALARES LOJA;ALARES LOJA;DEVOLUCAO EQUIP LOJA IGUAPE;CDL REGISTRO - LABORATORIO;ALARES LABORATORIO;voluntaria;WIFI 6;1
AGO/2026;13/08/2026;SP-SPR;ALARES LOJA;ALARES LOJA;DEVOLUCAO EQUIP LOJA SALTO DE PIRAPORA;CDL ITUPEVA - LABORATORIO;ALARES CDL;Sem.Info;WIFI 6;3
AGO/2026;12/08/2026;-;ALARES LOJA;ALARES LOJA;DEVOLUCAO EQUIP. LOJA - INATIVO;CDL NATAL - LABORATORIO;ALARES LABORATORIO;Sem.Info;OUTROS;1
AGO/2026;12/08/2026;-;ALARES LOJA;ALARES LOJA;DEVOLUCAO EQUIP. LOJA - INATIVO;CDL POCOS DE CALDAS - LABORATORIO;ALARES LABORATORIO;Sem.Info;OUTROS;1
AGO/2026;12/08/2026;BA;ALARES LOJA;ALARES LOJA;DEVOLUCAO EQUIP LOJA EUNAPOLIS;CDL FORTALEZA - LABORATORIO;ALARES LABORATORIO;Sem.Info;WIFI 6;2
AGO/2026;12/08/2026;CE;ALARES LOJA;ALARES LOJA;DEVOLUCAO EQUIP LOJA FORTALEZA;CDL FORTALEZA - LABORATORIO;ALARES LABORATORIO;Sem.Info;OUTROS;3
AGO/2026;12/08/2026;CE;ALARES LOJA;ALARES LOJA;DEVOLUCAO EQUIP LOJA FORTALEZA;CDL FORTALEZA - LABORATORIO;ALARES LABORATORIO;Sem.Info;WIFI 5;2
AGO/2026;12/08/2026;CE;ALARES LOJA;ALARES LOJA;DEVOLUCAO EQUIP LOJA FORTALEZA;CDL FORTALEZA - LABORATORIO;ALARES LABORATORIO;involuntaria;WIFI 5;1
AGO/2026;12/08/2026;CE;ALARES LOJA;ALARES LOJA;DEVOLUCAO EQUIP LOJA FORTALEZA;CDL FORTALEZA - LABORATORIO;ALARES LABORATORIO;voluntaria;IPTV;7
AGO/2026;12/08/2026;CE;ALARES LOJA;ALARES LOJA;DEVOLUCAO EQUIP LOJA FORTALEZA;CDL FORTALEZA - LABORATORIO;ALARES LABORATORIO;voluntaria;WIFI 5;10
AGO/2026;12/08/2026;CE;ALARES LOJA;ALARES LOJA;DEVOLUCAO EQUIP LOJA FORTALEZA;CDL FORTALEZA - LABORATORIO;ALARES LABORATORIO;voluntaria;WIFI 6;12
AGO/2026;12/08/2026;CE;REPARO ELETROS;TERCEIROS COLETA;EMP FLA REV REPARO ELETROS JADSON ITALO;CDL FORTALEZA - LABORATORIO;ALARES LABORATORIO;involuntaria;WIFI 5;1
AGO/2026;12/08/2026;CE;REPARO ELETROS;TERCEIROS COLETA;EMP FLA REV REPARO ELETROS JADSON ITALO;CDL FORTALEZA - LABORATORIO;ALARES LABORATORIO;involuntaria;WIFI 6;1
AGO/2026;12/08/2026;CE;REPARO ELETROS;TERCEIROS COLETA;EMP FLA REV REPARO ELETROS JADSON ITALO;CDL FORTALEZA - LABORATORIO;ALARES LABORATORIO;voluntaria;IPTV;8
AGO/2026;12/08/2026;CE;REPARO ELETROS;TERCEIROS COLETA;EMP FLA REV REPARO ELETROS JADSON ITALO;CDL FORTALEZA - LABORATORIO;ALARES LABORATORIO;voluntaria;WIFI 5;43
AGO/2026;12/08/2026;CE;REPARO ELETROS;TERCEIROS COLETA;EMP FLA REV REPARO ELETROS JADSON ITALO;CDL FORTALEZA - LABORATORIO;ALARES LABORATORIO;voluntaria;WIFI 6;48
AGO/2026;12/08/2026;RN;ALARES LOJA;ALARES LOJA;DEVOLUCAO EQUIP LOJA NOVA CRUZ;CDL NATAL - LABORATORIO;ALARES LABORATORIO;Sem.Info;OUTROS;1
AGO/2026;12/08/2026;RN;ALARES LOJA;ALARES LOJA;DEVOLUCAO EQUIP LOJA PARNAMIRIM;CDL NATAL - LABORATORIO;ALARES LABORATORIO;Sem.Info;WIFI 5;1
AGO/2026;12/08/2026;RN;ALARES LOJA;ALARES LOJA;DEVOLUCAO EQUIP LOJA PARNAMIRIM;CDL NATAL - LABORATORIO;ALARES LABORATORIO;involuntaria;WIFI 6;1
AGO/2026;12/08/2026;SP-ITV;ALARES LOJA;ALARES LOJA;DEVOLUCAO LOJAS ERRO ITUPEVA - GMUD;CDL ITUPEVA - LABORATORIO;ALARES CDL;Sem.Info;OUTROS;5
AGO/2026;12/08/2026;SP-ITV;ALARES LOJA;ALARES LOJA;DEVOLUCAO LOJAS ERRO ITUPEVA - GMUD;CDL ITUPEVA - LABORATORIO;ALARES CDL;Sem.Info;WIFI 5;4
AGO/2026;12/08/2026;SP-ORN;TELECOM;TERCEIROS COLETA;EMP ORN REV TELECOM FERNANDA SOARES;CDL OURINHOS - PRINCIPAL;ALARES CDL;involuntaria;WIFI 6;1
AGO/2026;11/08/2026;-;ALARES LOJA;ALARES LOJA;ALARES - BAIXA VIRTUAL;CDL ITUPEVA - LABORATORIO;ALARES CDL;involuntaria;WIFI 6;1
AGO/2026;11/08/2026;-;ALARES LOJA;ALARES LOJA;ALARES - BAIXA VIRTUAL;CDL NATAL - LABORATORIO;ALARES LABORATORIO;Sem.Info;WIFI 5;1
AGO/2026;11/08/2026;CE;ALARES LOJA;ALARES LOJA;DEVOLUCAO EQUIP LOJA SAO GONCALO DO AMARANTE;CDL NATAL - LABORATORIO;ALARES LABORATORIO;voluntaria;WIFI 5;1
AGO/2026;11/08/2026;MG;ALARES LOJA;ALARES LOJA;DEVOLUCAO EQUIP LOJA SANTA RITA DO SAPUCAI;CDL POCOS DE CALDAS - LABORATORIO;ALARES LABORATORIO;Sem.Info;OUTROS;1
AGO/2026;11/08/2026;MG;ALARES LOJA;ALARES LOJA;DEVOLUCAO LOJAS ERRO PCS - GMUD;CDL POCOS DE CALDAS - LABORATORIO;ALARES LABORATORIO;Sem.Info;OUTROS;29
AGO/2026;11/08/2026;RN;ALARES LOJA;ALARES LOJA;DEVOLUCAO EQUIP LOJA PARNAMIRIM;CDL NATAL - LABORATORIO;ALARES LABORATORIO;Sem.Info;WIFI 5;1
AGO/2026;11/08/2026;RN;ALARES LOJA;ALARES LOJA;DEVOLUCAO EQUIP LOJA NATAL;CDL NATAL - LABORATORIO;ALARES LABORATORIO;Sem.Info;WIFI 5;9
AGO/2026;11/08/2026;RN;ALARES LOJA;ALARES LOJA;DEVOLUCAO EQUIP LOJA NATAL;CDL NATAL - LABORATORIO;ALARES LABORATORIO;Sem.Info;WIFI 6;2
AGO/2026;11/08/2026;RN;ALARES LOJA;ALARES LOJA;DEVOLUCAO EQUIP LOJA SAO JOSE DE MIPIBU;CDL NATAL - LABORATORIO;ALARES LABORATORIO;voluntaria;OUTROS;1
AGO/2026;11/08/2026;RN;ALARES LOJA;ALARES LOJA;DEVOLUCAO EQUIP LOJA NATAL;CDL NATAL - LABORATORIO;ALARES LABORATORIO;voluntaria;OUTROS;6
AGO/2026;11/08/2026;RN;ALARES LOJA;ALARES LOJA;DEVOLUCAO EQUIP LOJA NISIA FLORESTA;CDL NATAL - LABORATORIO;ALARES LABORATORIO;voluntaria;WIFI 5;2
AGO/2026;11/08/2026;RN;ALARES LOJA;ALARES LOJA;DEVOLUCAO EQUIP LOJA NATAL;CDL NATAL - LABORATORIO;ALARES LABORATORIO;voluntaria;WIFI 5;6
AGO/2026;11/08/2026;RN;ALARES LOJA;ALARES LOJA;DEVOLUCAO EQUIP LOJA PARNAMIRIM;CDL NATAL - LABORATORIO;ALARES LABORATORIO;voluntaria;WIFI 5;2
AGO/2026;11/08/2026;RN;ALARES LOJA;ALARES LOJA;DEVOLUCAO EQUIP LOJA SAO JOSE DE MIPIBU;CDL NATAL - LABORATORIO;ALARES LABORATORIO;voluntaria;WIFI 5;2
AGO/2026;11/08/2026;RN;ALARES LOJA;ALARES LOJA;DEVOLUCAO EQUIP LOJA SAO JOSE DE MIPIBU;CDL NATAL - LABORATORIO;ALARES LABORATORIO;voluntaria;WIFI 6;1
AGO/2026;11/08/2026;RN;ALARES LOJA;ALARES LOJA;DEVOLUCAO EQUIP LOJA PARNAMIRIM;CDL NATAL - LABORATORIO;ALARES LABORATORIO;voluntaria;WIFI 6;2
AGO/2026;11/08/2026;RN;ALARES LOJA;ALARES LOJA;DEVOLUCAO EQUIP LOJA NATAL;CDL NATAL - LABORATORIO;ALARES LABORATORIO;voluntaria;WIFI 6;13
AGO/2026;11/08/2026;SP-MOC;ALARES LOJA;ALARES LOJA;CNX - RETIRADA EQUIP. LOJA - INATIVO;CDL ITUPEVA - LABORATORIO;ALARES CDL;voluntaria;WIFI 6;1
AGO/2026;11/08/2026;SP-ORN;ALARES LOJA;ALARES LOJA;DEVOLUCAO EQUIP LOJA IPAUSSU;CDL OURINHOS - LABORATORIO;ALARES LABORATORIO;Sem.Info;OUTROS;1
AGO/2026;11/08/2026;SP-ORN;ALARES LOJA;ALARES LOJA;DEVOLUCAO EQUIP LOJA PRESIDENTE PRUDENTE;CDL OURINHOS - LABORATORIO;ALARES LABORATORIO;Sem.Info;WIFI 5;1
AGO/2026;11/08/2026;SP-ORN;ALARES LOJA;ALARES LOJA;DEVOLUCAO EQUIP LOJA TUPA;CDL OURINHOS - LABORATORIO;ALARES LABORATORIO;voluntaria;WIFI 5;1
AGO/2026;11/08/2026;SP-ORN;ALARES LOJA;ALARES LOJA;DEVOLUCAO EQUIP LOJA TUPA;CDL OURINHOS - LABORATORIO;ALARES LABORATORIO;voluntaria;WIFI 6;1
AGO/2026;11/08/2026;SP-ORN;TELECOM;TERCEIROS COLETA;EMP ORN REV TELECOM FERNANDA SOARES;CDL OURINHOS - LABORATORIO;ALARES LABORATORIO;Sem.Info;WIFI 6;1
AGO/2026;11/08/2026;SP-ORN;TELECOM;TERCEIROS COLETA;EMP ORN REV TELECOM FERNANDA SOARES;CDL OURINHOS - LABORATORIO;ALARES LABORATORIO;voluntaria;WIFI 5;1
AGO/2026;11/08/2026;SP-ORN;TELECOM;TERCEIROS COLETA;EMP ORN REV TELECOM FERNANDA SOARES;CDL OURINHOS - LABORATORIO;ALARES LABORATORIO;voluntaria;WIFI 6;1
AGO/2026;10/08/2026;RN;ALARES LOJA;ALARES LOJA;DEVOLUCAO EQUIP LOJA GOIANINHA;CDL NATAL - LABORATORIO;ALARES LABORATORIO;Sem.Info;WIFI 5;1
AGO/2026;10/08/2026;RN;ALARES LOJA;ALARES LOJA;DEVOLUCAO EQUIP LOJA NISIA FLORESTA;CDL NATAL - LABORATORIO;ALARES LABORATORIO;Sem.Info;WIFI 5;1
AGO/2026;10/08/2026;RN;ALARES LOJA;ALARES LOJA;DEVOLUCAO EQUIP LOJA GOIANINHA;CDL NATAL - LABORATORIO;ALARES LABORATORIO;involuntaria;WIFI 5;2
AGO/2026;10/08/2026;RN;ALARES LOJA;ALARES LOJA;DEVOLUCAO EQUIP LOJA GOIANINHA;CDL NATAL - LABORATORIO;ALARES LABORATORIO;voluntaria;OUTROS;4
AGO/2026;10/08/2026;RN;ALARES LOJA;ALARES LOJA;DEVOLUCAO EQUIP LOJA TIBAU DO SUL;CDL NATAL - LABORATORIO;ALARES LABORATORIO;voluntaria;OUTROS;2
AGO/2026;10/08/2026;RN;ALARES LOJA;ALARES LOJA;DEVOLUCAO EQUIP LOJA SAO JOSE DE MIPIBU;CDL NATAL - LABORATORIO;ALARES LABORATORIO;voluntaria;OUTROS;1
AGO/2026;10/08/2026;RN;ALARES LOJA;ALARES LOJA;DEVOLUCAO EQUIP LOJA SAO JOSE DE MIPIBU;CDL NATAL - LABORATORIO;ALARES LABORATORIO;voluntaria;WIFI 5;3
AGO/2026;10/08/2026;RN;ALARES LOJA;ALARES LOJA;DEVOLUCAO EQUIP LOJA TIBAU DO SUL;CDL NATAL - LABORATORIO;ALARES LABORATORIO;voluntaria;WIFI 5;1
AGO/2026;10/08/2026;RN;ALARES LOJA;ALARES LOJA;DEVOLUCAO EQUIP LOJA GOIANINHA;CDL NATAL - LABORATORIO;ALARES LABORATORIO;voluntaria;WIFI 5;23
AGO/2026;10/08/2026;RN;ALARES LOJA;ALARES LOJA;DEVOLUCAO EQUIP LOJA PARNAMIRIM;CDL NATAL - LABORATORIO;ALARES LABORATORIO;voluntaria;WIFI 5;1
AGO/2026;10/08/2026;RN;ALARES LOJA;ALARES LOJA;DEVOLUCAO EQUIP LOJA NISIA FLORESTA;CDL NATAL - LABORATORIO;ALARES LABORATORIO;voluntaria;WIFI 5;2
AGO/2026;10/08/2026;RN;ALARES LOJA;ALARES LOJA;DEVOLUCAO EQUIP LOJA PARNAMIRIM;CDL NATAL - LABORATORIO;ALARES LABORATORIO;voluntaria;WIFI 6;1
AGO/2026;10/08/2026;RN;ALARES LOJA;ALARES LOJA;DEVOLUCAO EQUIP LOJA GOIANINHA;CDL NATAL - LABORATORIO;ALARES LABORATORIO;voluntaria;WIFI 6;11
AGO/2026;10/08/2026;RN;ALARES LOJA;ALARES LOJA;DEVOLUCAO EQUIP LOJA TIBAU DO SUL;CDL NATAL - LABORATORIO;ALARES LABORATORIO;voluntaria;WIFI 6;1
AGO/2026;10/08/2026;RN;ALARES LOJA;ALARES LOJA;DEVOLUCAO EQUIP LOJA SAO JOSE DE MIPIBU;CDL NATAL - LABORATORIO;ALARES LABORATORIO;voluntaria;WIFI 6;1
AGO/2026;10/08/2026;RN;ALARES LOJA;ALARES LOJA;DEVOLUCAO EQUIP LOJA NATAL;CDL NATAL - LABORATORIO;ALARES LABORATORIO;voluntaria;WIFI 6;3
AGO/2026;10/08/2026;SP-ITV;ALARES LOJA;ALARES LOJA;DEVOLUCAO LOJAS ERRO ITUPEVA - GMUD;CDL ITUPEVA - LABORATORIO;ALARES CDL;Sem.Info;WIFI 6;1
AGO/2026;07/08/2026;-;ALARES LOJA;ALARES LOJA;ALARES - BAIXA VIRTUAL;CDL NATAL - LABORATORIO;ALARES LABORATORIO;Sem.Info;OUTROS;1
AGO/2026;07/08/2026;CE;OMEGA;TERCEIROS COLETA;EMP FLA REV OMEGA MARCOS GOMES;CDL FORTALEZA - LABORATORIO;ALARES LABORATORIO;Sem.Info;OUTROS;4
AGO/2026;07/08/2026;CE;OMEGA;TERCEIROS COLETA;EMP FLA REV OMEGA MARCOS GOMES;CDL FORTALEZA - LABORATORIO;ALARES LABORATORIO;Sem.Info;WIFI 5;3
AGO/2026;07/08/2026;CE;OMEGA;TERCEIROS COLETA;EMP FLA REV OMEGA MARCOS GOMES;CDL FORTALEZA - LABORATORIO;ALARES LABORATORIO;involuntaria;OUTROS;3
AGO/2026;07/08/2026;CE;OMEGA;TERCEIROS COLETA;EMP FLA REV OMEGA MARCOS GOMES;CDL FORTALEZA - LABORATORIO;ALARES LABORATORIO;involuntaria;WIFI 5;8
AGO/2026;07/08/2026;CE;OMEGA;TERCEIROS COLETA;EMP FLA REV OMEGA MARCOS GOMES;CDL FORTALEZA - LABORATORIO;ALARES LABORATORIO;involuntaria;WIFI 6;11
AGO/2026;07/08/2026;CE;OMEGA;TERCEIROS COLETA;EMP FLA REV OMEGA MARCOS GOMES;CDL FORTALEZA - LABORATORIO;ALARES LABORATORIO;voluntaria;IPTV;6
AGO/2026;07/08/2026;CE;OMEGA;TERCEIROS COLETA;EMP FLA REV OMEGA MARCOS GOMES;CDL FORTALEZA - LABORATORIO;ALARES LABORATORIO;voluntaria;OUTROS;17
AGO/2026;07/08/2026;CE;OMEGA;TERCEIROS COLETA;EMP FLA REV OMEGA MARCOS GOMES;CDL FORTALEZA - LABORATORIO;ALARES LABORATORIO;voluntaria;WIFI 5;54
AGO/2026;07/08/2026;CE;OMEGA;TERCEIROS COLETA;EMP FLA REV OMEGA MARCOS GOMES;CDL FORTALEZA - LABORATORIO;ALARES LABORATORIO;voluntaria;WIFI 6;59
AGO/2026;07/08/2026;PB;DEBORAH BRUNA;TERCEIROS COLETA;EMP JPA REV DB - DEBORAH BRUNA;CDL JOAO PESSOA - LABORATORIO;ALARES LABORATORIO;involuntaria;WIFI 6;1
AGO/2026;07/08/2026;PB;DEBORAH BRUNA;TERCEIROS COLETA;EMP JPA REV DB - DEBORAH BRUNA;CDL JOAO PESSOA - LABORATORIO;ALARES LABORATORIO;voluntaria;WIFI 5;15
AGO/2026;07/08/2026;PB;DEBORAH BRUNA;TERCEIROS COLETA;EMP JPA REV DB - DEBORAH BRUNA;CDL JOAO PESSOA - LABORATORIO;ALARES LABORATORIO;voluntaria;WIFI 6;17
AGO/2026;07/08/2026;RN;NDR;TERCEIROS COLETA;EMP NTL REV NDR - PRINCIPAL;CDL NATAL - LABORATORIO;ALARES LABORATORIO;Sem.Info;WIFI 5;3
AGO/2026;07/08/2026;RN;NDR;TERCEIROS COLETA;EMP NTL REV NDR - PRINCIPAL;CDL NATAL - LABORATORIO;ALARES LABORATORIO;involuntaria;WIFI 5;18
AGO/2026;07/08/2026;RN;NDR;TERCEIROS COLETA;EMP NTL REV NDR - PRINCIPAL;CDL NATAL - LABORATORIO;ALARES LABORATORIO;involuntaria;WIFI 6;19
AGO/2026;07/08/2026;RN;NDR;TERCEIROS COLETA;EMP NTL REV NDR - PRINCIPAL;CDL NATAL - LABORATORIO;ALARES LABORATORIO;voluntaria;IPTV;38
AGO/2026;07/08/2026;RN;NDR;TERCEIROS COLETA;EMP NTL REV NDR - PRINCIPAL;CDL NATAL - LABORATORIO;ALARES LABORATORIO;voluntaria;OUTROS;33
AGO/2026;07/08/2026;RN;NDR;TERCEIROS COLETA;EMP NTL REV NDR - PRINCIPAL;CDL NATAL - LABORATORIO;ALARES LABORATORIO;voluntaria;WIFI 5;141
AGO/2026;07/08/2026;RN;NDR;TERCEIROS COLETA;EMP NTL REV NDR - PRINCIPAL;CDL NATAL - LABORATORIO;ALARES LABORATORIO;voluntaria;WIFI 6;135
AGO/2026;06/08/2026;CE;REPARO ELETROS;TERCEIROS COLETA;EMP FLA REV REPARO ELETROS JADSON ITALO;CDL FORTALEZA - LABORATORIO;ALARES LABORATORIO;voluntaria;WIFI 5;1
AGO/2026;06/08/2026;RN;ALARES LOJA;ALARES LOJA;DEVOLUCAO EQUIP LOJA NATAL;CDL NATAL - LABORATORIO;ALARES LABORATORIO;Sem.Info;OUTROS;1
AGO/2026;06/08/2026;RN;ALARES LOJA;ALARES LOJA;DEVOLUCAO EQUIP LOJA NATAL;CDL NATAL - LABORATORIO;ALARES LABORATORIO;involuntaria;WIFI 6;1
AGO/2026;06/08/2026;RN;ALARES LOJA;ALARES LOJA;DEVOLUCAO EQUIP LOJA PARNAMIRIM;CDL NATAL - LABORATORIO;ALARES LABORATORIO;voluntaria;IPTV;1
AGO/2026;06/08/2026;RN;ALARES LOJA;ALARES LOJA;DEVOLUCAO EQUIP LOJA NATAL;CDL NATAL - LABORATORIO;ALARES LABORATORIO;voluntaria;IPTV;3
AGO/2026;06/08/2026;RN;ALARES LOJA;ALARES LOJA;DEVOLUCAO EQUIP LOJA PARNAMIRIM;CDL NATAL - LABORATORIO;ALARES LABORATORIO;voluntaria;WIFI 5;4
AGO/2026;06/08/2026;RN;ALARES LOJA;ALARES LOJA;DEVOLUCAO EQUIP LOJA NATAL;CDL NATAL - LABORATORIO;ALARES LABORATORIO;voluntaria;WIFI 5;5
AGO/2026;06/08/2026;RN;ALARES LOJA;ALARES LOJA;DEVOLUCAO EQUIP LOJA NISIA FLORESTA;CDL NATAL - LABORATORIO;ALARES LABORATORIO;voluntaria;WIFI 6;1
AGO/2026;06/08/2026;RN;ALARES LOJA;ALARES LOJA;DEVOLUCAO EQUIP LOJA PARNAMIRIM;CDL NATAL - LABORATORIO;ALARES LABORATORIO;voluntaria;WIFI 6;3
AGO/2026;06/08/2026;RN;ALARES LOJA;ALARES LOJA;DEVOLUCAO EQUIP LOJA NATAL;CDL NATAL - LABORATORIO;ALARES LABORATORIO;voluntaria;WIFI 6;3
AGO/2026;06/08/2026;SP-ITV;ALARES LOJA;ALARES LOJA;DEVOLUCAO LOJAS ERRO ITUPEVA - GMUD;CDL ITUPEVA - LABORATORIO;ALARES CDL;Sem.Info;OUTROS;1
AGO/2026;06/08/2026;SP-ITV;ALARES LOJA;ALARES LOJA;DEVOLUCAO LOJAS ERRO ITUPEVA - GMUD;CDL ITUPEVA - LABORATORIO;ALARES CDL;Sem.Info;WIFI 5;20
AGO/2026;06/08/2026;SP-ITV;ALARES LOJA;ALARES LOJA;DEVOLUCAO LOJAS ERRO ITUPEVA - GMUD;CDL ITUPEVA - LABORATORIO;ALARES CDL;Sem.Info;WIFI 6;2
AGO/2026;06/08/2026;SP-MOC;ALARES LOJA;ALARES LOJA;CNX - RETIRADA EQUIP. LOJA - INATIVO;CDL ITUPEVA - LABORATORIO;ALARES CDL;voluntaria;WIFI 6;1
AGO/2026;06/08/2026;SP-SOC;ALARES LOJA;ALARES LOJA;DEVOLUCAO EQUIP LOJA EMBU DAS ARTES;CDL ITUPEVA - LABORATORIO;ALARES CDL;Sem.Info;WIFI 6;3
AGO/2026;06/08/2026;SP-SOC;ALARES LOJA;ALARES LOJA;DEVOLUCAO EQUIP LOJA IBIUNA;CDL ITUPEVA - LABORATORIO;ALARES CDL;voluntaria;WIFI 6;1
AGO/2026;06/08/2026;SP-SOC;ALARES LOJA;ALARES LOJA;DEVOLUCAO EQUIP LOJA SOROCABA;CDL ITUPEVA - LABORATORIO;ALARES CDL;voluntaria;WIFI 6;1
AGO/2026;06/08/2026;SP-SPR;ALARES LOJA;ALARES LOJA;DEVOLUCAO EQUIP LOJA SALTO DE PIRAPORA;CDL ITUPEVA - LABORATORIO;ALARES CDL;voluntaria;WIFI 5;1
AGO/2026;05/08/2026;BA;ALARES LOJA;ALARES LOJA;DEVOLUCAO EQUIP LOJA EUNAPOLIS;CDL FORTALEZA - LABORATORIO;ALARES LABORATORIO;voluntaria;WIFI 5;1
AGO/2026;05/08/2026;CE;ALARES LOJA;ALARES LOJA;DEVOLUCAO EQUIP LOJA FORTALEZA;CDL FORTALEZA - LABORATORIO;ALARES LABORATORIO;Sem.Info;WIFI 5;1
AGO/2026;05/08/2026;CE;ALARES LOJA;ALARES LOJA;DEVOLUCAO EQUIP LOJA FORTALEZA;CDL FORTALEZA - LABORATORIO;ALARES LABORATORIO;involuntaria;OUTROS;1
AGO/2026;05/08/2026;CE;ALARES LOJA;ALARES LOJA;DEVOLUCAO EQUIP LOJA FORTALEZA;CDL FORTALEZA - LABORATORIO;ALARES LABORATORIO;involuntaria;WIFI 6;1
AGO/2026;05/08/2026;CE;ALARES LOJA;ALARES LOJA;DEVOLUCAO EQUIP LOJA FORTALEZA;CDL FORTALEZA - LABORATORIO;ALARES LABORATORIO;voluntaria;IPTV;11
AGO/2026;05/08/2026;CE;ALARES LOJA;ALARES LOJA;DEVOLUCAO EQUIP LOJA FORTALEZA;CDL FORTALEZA - LABORATORIO;ALARES LABORATORIO;voluntaria;OUTROS;1
AGO/2026;05/08/2026;CE;ALARES LOJA;ALARES LOJA;DEVOLUCAO EQUIP LOJA FORTALEZA;CDL FORTALEZA - LABORATORIO;ALARES LABORATORIO;voluntaria;WIFI 5;11
AGO/2026;05/08/2026;CE;ALARES LOJA;ALARES LOJA;DEVOLUCAO EQUIP LOJA FORTALEZA;CDL FORTALEZA - LABORATORIO;ALARES LABORATORIO;voluntaria;WIFI 6;15
AGO/2026;05/08/2026;CE;ALARES LOJA;ALARES LOJA;DEVOLUCAO EQUIP LOJA SAO GONCALO DO AMARANTE;CDL NATAL - LABORATORIO;ALARES LABORATORIO;voluntaria;WIFI 5;3
AGO/2026;05/08/2026;CE;ALARES LOJA;ALARES LOJA;DEVOLUCAO EQUIP LOJA SAO GONCALO DO AMARANTE;CDL NATAL - LABORATORIO;ALARES LABORATORIO;voluntaria;WIFI 6;2
AGO/2026;05/08/2026;RN;ALARES LOJA;ALARES LOJA;DEVOLUCAO EQUIP LOJA NATAL;CDL NATAL - LABORATORIO;ALARES LABORATORIO;Sem.Info;OUTROS;1
AGO/2026;05/08/2026;RN;ALARES LOJA;ALARES LOJA;DEVOLUCAO EQUIP LOJA SAO JOSE DE MIPIBU;CDL NATAL - LABORATORIO;ALARES LABORATORIO;Sem.Info;WIFI 5;1
AGO/2026;05/08/2026;RN;ALARES LOJA;ALARES LOJA;DEVOLUCAO EQUIP LOJA NATAL;CDL NATAL - LABORATORIO;ALARES LABORATORIO;Sem.Info;WIFI 5;2
AGO/2026;05/08/2026;RN;ALARES LOJA;ALARES LOJA;DEVOLUCAO EQUIP LOJA NATAL;CDL NATAL - LABORATORIO;ALARES LABORATORIO;voluntaria;WIFI 5;4
AGO/2026;05/08/2026;RN;ALARES LOJA;ALARES LOJA;DEVOLUCAO EQUIP LOJA NATAL;CDL NATAL - LABORATORIO;ALARES LABORATORIO;voluntaria;WIFI 6;3
AGO/2026;05/08/2026;RN;ALARES LOJA;ALARES LOJA;DEVOLUCAO EQUIP LOJA PARNAMIRIM;CDL NATAL - LABORATORIO;ALARES LABORATORIO;voluntaria;WIFI 6;1
AGO/2026;05/08/2026;SP-MOC;ALARES LOJA;ALARES LOJA;DEVOLUCAO EQUIP LOJA MOGI MIRIM;CDL ITUPEVA - LABORATORIO;ALARES CDL;Sem.Info;WIFI 6;1
AGO/2026;05/08/2026;SP-ORN;TELECOM;TERCEIROS COLETA;EMP ORN REV TELECOM FERNANDA SOARES;CDL ITUPEVA - LABORATORIO;ALARES CDL;voluntaria;WIFI 6;1
AGO/2026;05/08/2026;SP-ORN;TELECOM;TERCEIROS COLETA;EMP ORN REV TELECOM FERNANDA SOARES;CDL OURINHOS - LABORATORIO;ALARES LABORATORIO;involuntaria;WIFI 6;1
AGO/2026;05/08/2026;SP-SOC;ALARES LOJA;ALARES LOJA;DEVOLUCAO EQUIP LOJA JUQUIA;CDL OURINHOS - LABORATORIO;ALARES LABORATORIO;Sem.Info;WIFI 6;1
AGO/2026;05/08/2026;SP-SOC;CRH;TERCEIROS COLETA;EMP ITV REV CRH CAROLAYNE OLIVEIRA;CDL ITUPEVA - LABORATORIO;ALARES CDL;voluntaria;WIFI 5;2
AGO/2026;05/08/2026;SP-SPR;ALARES LOJA;ALARES LOJA;DEVOLUCAO EQUIP LOJA ARACOIABA DA SERRA;CDL ITUPEVA - LABORATORIO;ALARES CDL;Sem.Info;WIFI 6;1
AGO/2026;05/08/2026;SP-SPR;ALARES LOJA;ALARES LOJA;DEVOLUCAO EQUIP LOJA SALTO DE PIRAPORA;CDL ITUPEVA - LABORATORIO;ALARES CDL;Sem.Info;WIFI 6;1
AGO/2026;05/08/2026;SP-SPR;ALARES LOJA;ALARES LOJA;DEVOLUCAO EQUIP LOJA SALTO DE PIRAPORA;CDL ITUPEVA - LABORATORIO;ALARES CDL;voluntaria;WIFI 6;1
AGO/2026;04/08/2026;CE;ALARES LOJA;ALARES LOJA;DEVOLUCAO EQUIP LOJA SAO GONCALO DO AMARANTE;CDL NATAL - LABORATORIO;ALARES LABORATORIO;voluntaria;WIFI 6;1
AGO/2026;04/08/2026;CE;OMEGA;TERCEIROS COLETA;EMP FLA REV OMEGA MARCOS GOMES;CDL FORTALEZA - LABORATORIO;ALARES LABORATORIO;Sem.Info;OUTROS;3
AGO/2026;04/08/2026;CE;OMEGA;TERCEIROS COLETA;EMP FLA REV OMEGA MARCOS GOMES;CDL FORTALEZA - LABORATORIO;ALARES LABORATORIO;Sem.Info;WIFI 5;2
AGO/2026;04/08/2026;CE;OMEGA;TERCEIROS COLETA;EMP FLA REV OMEGA MARCOS GOMES;CDL FORTALEZA - LABORATORIO;ALARES LABORATORIO;Sem.Info;WIFI 6;3
AGO/2026;04/08/2026;CE;OMEGA;TERCEIROS COLETA;EMP FLA REV OMEGA MARCOS GOMES;CDL FORTALEZA - LABORATORIO;ALARES LABORATORIO;voluntaria;OUTROS;2
AGO/2026;04/08/2026;MG;ALARES LOJA;ALARES LOJA;DEVOLUCAO EQUIP LOJA ALFENAS;CDL POCOS DE CALDAS - LABORATORIO;ALARES LABORATORIO;Sem.Info;WIFI 5;1
AGO/2026;04/08/2026;RN;ALARES LOJA;ALARES LOJA;DEVOLUCAO EQUIP LOJA NATAL;CDL NATAL - LABORATORIO;ALARES LABORATORIO;Sem.Info;IPTV;2
AGO/2026;04/08/2026;RN;ALARES LOJA;ALARES LOJA;DEVOLUCAO EQUIP LOJA NATAL;CDL NATAL - LABORATORIO;ALARES LABORATORIO;Sem.Info;OUTROS;2
AGO/2026;04/08/2026;RN;ALARES LOJA;ALARES LOJA;DEVOLUCAO EQUIP LOJA PARNAMIRIM;CDL NATAL - LABORATORIO;ALARES LABORATORIO;Sem.Info;WIFI 5;9
AGO/2026;04/08/2026;RN;ALARES LOJA;ALARES LOJA;DEVOLUCAO EQUIP LOJA NATAL;CDL NATAL - LABORATORIO;ALARES LABORATORIO;Sem.Info;WIFI 5;12
AGO/2026;04/08/2026;RN;ALARES LOJA;ALARES LOJA;DEVOLUCAO EQUIP LOJA NATAL;CDL NATAL - LABORATORIO;ALARES LABORATORIO;voluntaria;IPTV;7
AGO/2026;04/08/2026;RN;ALARES LOJA;ALARES LOJA;DEVOLUCAO EQUIP LOJA PARNAMIRIM;CDL NATAL - LABORATORIO;ALARES LABORATORIO;voluntaria;IPTV;2
AGO/2026;04/08/2026;RN;ALARES LOJA;ALARES LOJA;DEVOLUCAO EQUIP LOJA NATAL;CDL NATAL - LABORATORIO;ALARES LABORATORIO;voluntaria;OUTROS;4
AGO/2026;04/08/2026;RN;ALARES LOJA;ALARES LOJA;DEVOLUCAO EQUIP LOJA PARNAMIRIM;CDL NATAL - LABORATORIO;ALARES LABORATORIO;voluntaria;WIFI 5;12
AGO/2026;04/08/2026;RN;ALARES LOJA;ALARES LOJA;DEVOLUCAO EQUIP LOJA NATAL;CDL NATAL - LABORATORIO;ALARES LABORATORIO;voluntaria;WIFI 5;13
AGO/2026;04/08/2026;RN;ALARES LOJA;ALARES LOJA;DEVOLUCAO EQUIP LOJA NATAL;CDL NATAL - LABORATORIO;ALARES LABORATORIO;voluntaria;WIFI 6;18
AGO/2026;04/08/2026;RN;ALARES LOJA;ALARES LOJA;DEVOLUCAO EQUIP LOJA PARNAMIRIM;CDL NATAL - LABORATORIO;ALARES LABORATORIO;voluntaria;WIFI 6;15
AGO/2026;04/08/2026;SP-ITV;ALARES LOJA;ALARES LOJA;DEVOLUCAO LOJAS ERRO ITUPEVA - GMUD;CDL ITUPEVA - LABORATORIO;ALARES CDL;Sem.Info;WIFI 5;12
AGO/2026;04/08/2026;SP-MOC;ALARES LOJA;ALARES LOJA;ALARES - EQUIPE SAC;CDL ITUPEVA - LABORATORIO;ALARES CDL;Sem.Info;WIFI 5;1
AGO/2026;04/08/2026;SP-SOC;ALARES LOJA;ALARES LOJA;DEVOLUCAO EQUIP LOJA IGUAPE;CDL REGISTRO - LABORATORIO;ALARES LABORATORIO;involuntaria;WIFI 5;2
AGO/2026;04/08/2026;SP-SOC;ALARES LOJA;ALARES LOJA;DEVOLUCAO EQUIP LOJA IGUAPE;CDL REGISTRO - LABORATORIO;ALARES LABORATORIO;involuntaria;WIFI 6;5
AGO/2026;04/08/2026;SP-SOC;ALARES LOJA;ALARES LOJA;DEVOLUCAO EQUIP LOJA IGUAPE;CDL REGISTRO - LABORATORIO;ALARES LABORATORIO;voluntaria;WIFI 5;2
AGO/2026;04/08/2026;SP-SOC;ALARES LOJA;ALARES LOJA;DEVOLUCAO EQUIP LOJA IGUAPE;CDL REGISTRO - LABORATORIO;ALARES LABORATORIO;voluntaria;WIFI 6;6
AGO/2026;04/08/2026;SP-SOC;CRH;TERCEIROS COLETA;EMP ITV REV CRH PRINCIPAL;CDL ITUPEVA - LABORATORIO;ALARES CDL;involuntaria;WIFI 6;1
AGO/2026;04/08/2026;SP-SOC;CRH;TERCEIROS COLETA;EMP ITV REV CRH PRINCIPAL;CDL ITUPEVA - LABORATORIO;ALARES CDL;voluntaria;OUTROS;1
AGO/2026;04/08/2026;SP-SOC;CRH;TERCEIROS COLETA;EMP ITV REV CRH PRINCIPAL;CDL ITUPEVA - LABORATORIO;ALARES CDL;voluntaria;WIFI 5;1
AGO/2026;04/08/2026;SP-SOC;CRH;TERCEIROS COLETA;EMP ITV REV CRH PRINCIPAL;CDL ITUPEVA - LABORATORIO;ALARES CDL;voluntaria;WIFI 6;3
AGO/2026;03/08/2026;MG;ALARES LOJA;ALARES LOJA;DEVOLUCAO EQUIP LOJA VARGINHA;CDL POCOS DE CALDAS - LABORATORIO;ALARES LABORATORIO;Sem.Info;OUTROS;2
AGO/2026;03/08/2026;MG;ALARES LOJA;ALARES LOJA;DEVOLUCAO EQUIP LOJA ALFENAS;CDL POCOS DE CALDAS - LABORATORIO;ALARES LABORATORIO;Sem.Info;OUTROS;1
AGO/2026;03/08/2026;MG;ALARES LOJA;ALARES LOJA;DEVOLUCAO EQUIP LOJA DIVISA NOVA;CDL POCOS DE CALDAS - LABORATORIO;ALARES LABORATORIO;involuntaria;OUTROS;1
AGO/2026;03/08/2026;MG;ALARES LOJA;ALARES LOJA;DEVOLUCAO EQUIP LOJA VARGINHA;CDL POCOS DE CALDAS - LABORATORIO;ALARES LABORATORIO;involuntaria;OUTROS;2
AGO/2026;03/08/2026;MG;ALARES LOJA;ALARES LOJA;DEVOLUCAO EQUIP LOJA VARGINHA;CDL POCOS DE CALDAS - LABORATORIO;ALARES LABORATORIO;involuntaria;WIFI 5;2
AGO/2026;03/08/2026;MG;ALARES LOJA;ALARES LOJA;DEVOLUCAO EQUIP LOJA DIVISA NOVA;CDL POCOS DE CALDAS - LABORATORIO;ALARES LABORATORIO;involuntaria;WIFI 5;1
AGO/2026;03/08/2026;MG;ALARES LOJA;ALARES LOJA;DEVOLUCAO EQUIP LOJA PARAGUACU;CDL POCOS DE CALDAS - LABORATORIO;ALARES LABORATORIO;involuntaria;WIFI 6;1
AGO/2026;03/08/2026;MG;ALARES LOJA;ALARES LOJA;DEVOLUCAO EQUIP LOJA VARGINHA;CDL POCOS DE CALDAS - LABORATORIO;ALARES LABORATORIO;involuntaria;WIFI 6;1
AGO/2026;03/08/2026;MG;ALARES LOJA;ALARES LOJA;DEVOLUCAO EQUIP LOJA TRES PONTAS;CDL POCOS DE CALDAS - LABORATORIO;ALARES LABORATORIO;voluntaria;OUTROS;4
AGO/2026;03/08/2026;MG;ALARES LOJA;ALARES LOJA;DEVOLUCAO EQUIP LOJA VARGINHA;CDL POCOS DE CALDAS - LABORATORIO;ALARES LABORATORIO;voluntaria;OUTROS;7
AGO/2026;03/08/2026;MG;ALARES LOJA;ALARES LOJA;DEVOLUCAO EQUIP LOJA DIVISA NOVA;CDL POCOS DE CALDAS - LABORATORIO;ALARES LABORATORIO;voluntaria;OUTROS;3
AGO/2026;03/08/2026;MG;ALARES LOJA;ALARES LOJA;DEVOLUCAO EQUIP LOJA TRES PONTAS;CDL POCOS DE CALDAS - LABORATORIO;ALARES LABORATORIO;voluntaria;WIFI 5;7
AGO/2026;03/08/2026;MG;ALARES LOJA;ALARES LOJA;DEVOLUCAO EQUIP LOJA ELOI MENDES;CDL POCOS DE CALDAS - LABORATORIO;ALARES LABORATORIO;voluntaria;WIFI 5;5
AGO/2026;03/08/2026;MG;ALARES LOJA;ALARES LOJA;DEVOLUCAO EQUIP LOJA VARGINHA;CDL POCOS DE CALDAS - LABORATORIO;ALARES LABORATORIO;voluntaria;WIFI 5;20
AGO/2026;03/08/2026;MG;ALARES LOJA;ALARES LOJA;DEVOLUCAO EQUIP LOJA DIVISA NOVA;CDL POCOS DE CALDAS - LABORATORIO;ALARES LABORATORIO;voluntaria;WIFI 5;8
AGO/2026;03/08/2026;MG;ALARES LOJA;ALARES LOJA;DEVOLUCAO EQUIP LOJA PARAGUACU;CDL POCOS DE CALDAS - LABORATORIO;ALARES LABORATORIO;voluntaria;WIFI 5;7
AGO/2026;03/08/2026;MG;ALARES LOJA;ALARES LOJA;DEVOLUCAO EQUIP LOJA DIVISA NOVA;CDL POCOS DE CALDAS - LABORATORIO;ALARES LABORATORIO;voluntaria;WIFI 6;3
AGO/2026;03/08/2026;MG;ALARES LOJA;ALARES LOJA;DEVOLUCAO EQUIP LOJA TRES PONTAS;CDL POCOS DE CALDAS - LABORATORIO;ALARES LABORATORIO;voluntaria;WIFI 6;7
AGO/2026;03/08/2026;MG;ALARES LOJA;ALARES LOJA;DEVOLUCAO EQUIP LOJA VARGINHA;CDL POCOS DE CALDAS - LABORATORIO;ALARES LABORATORIO;voluntaria;WIFI 6;22
AGO/2026;03/08/2026;MG;ALARES LOJA;ALARES LOJA;DEVOLUCAO EQUIP LOJA PARAGUACU;CDL POCOS DE CALDAS - LABORATORIO;ALARES LABORATORIO;voluntaria;WIFI 6;6
AGO/2026;03/08/2026;MG;ALARES LOJA;ALARES LOJA;DEVOLUCAO EQUIP LOJA ELOI MENDES;CDL POCOS DE CALDAS - LABORATORIO;ALARES LABORATORIO;voluntaria;WIFI 6;2
AGO/2026;03/08/2026;SP-ITV;ALARES LOJA;ALARES LOJA;DEVOLUCAO LOJAS ERRO ITUPEVA - GMUD;CDL ITUPEVA - LABORATORIO;ALARES CDL;Sem.Info;OUTROS;2
AGO/2026;03/08/2026;SP-ITV;ALARES LOJA;ALARES LOJA;DEVOLUCAO LOJAS ERRO ITUPEVA - GMUD;CDL ITUPEVA - LABORATORIO;ALARES CDL;Sem.Info;WIFI 5;10
AGO/2026;03/08/2026;SP-ITV;ALARES LOJA;ALARES LOJA;DEVOLUCAO LOJAS ERRO ITUPEVA - GMUD;CDL ITUPEVA - LABORATORIO;ALARES CDL;Sem.Info;WIFI 6;1
AGO/2026;03/08/2026;SP-MOC;ALARES LOJA;ALARES LOJA;DEVOLUCAO EQUIP LOJA MOCOCA;CDL POCOS DE CALDAS - LABORATORIO;ALARES LABORATORIO;Sem.Info;OUTROS;1
JUL/2026;31/07/2026;-;ALARES LOJA;ALARES LOJA;ALARES - BAIXA VIRTUAL;CDL POCOS DE CALDAS - LABORATORIO;ALARES LABORATORIO;voluntaria;WIFI 5;1
JUL/2026;31/07/2026;BA;DEROYQUE;TERCEIROS COLETA;EMP PCS REV DEROYQUE - PRINCIPAL;CDL PORTO E EUNAPOLIS - LABORATORIO;ALARES LABORATORIO;Sem.Info;WIFI 5;1
JUL/2026;31/07/2026;BA;DEROYQUE;TERCEIROS COLETA;EMP PCS REV DEROYQUE - PRINCIPAL;CDL PORTO E EUNAPOLIS - LABORATORIO;ALARES LABORATORIO;involuntaria;WIFI 5;1
JUL/2026;31/07/2026;BA;DEROYQUE;TERCEIROS COLETA;EMP PCS REV DEROYQUE - PRINCIPAL;CDL PORTO E EUNAPOLIS - LABORATORIO;ALARES LABORATORIO;involuntaria;WIFI 6;2
JUL/2026;31/07/2026;BA;DEROYQUE;TERCEIROS COLETA;EMP PCS REV DEROYQUE - PRINCIPAL;CDL PORTO E EUNAPOLIS - LABORATORIO;ALARES LABORATORIO;voluntaria;WIFI 5;7
JUL/2026;31/07/2026;BA;DEROYQUE;TERCEIROS COLETA;EMP PCS REV DEROYQUE - PRINCIPAL;CDL PORTO E EUNAPOLIS - LABORATORIO;ALARES LABORATORIO;voluntaria;WIFI 6;11
JUL/2026;31/07/2026;CE;ABL;TERCEIROS COLETA;EMP FLA REV ABL JOAO SERGINO;CDL FORTALEZA - LABORATORIO;ALARES LABORATORIO;Sem.Info;OUTROS;5
JUL/2026;31/07/2026;CE;ABL;TERCEIROS COLETA;EMP FLA REV ABL JOAO SERGINO;CDL FORTALEZA - LABORATORIO;ALARES LABORATORIO;Sem.Info;WIFI 5;7
JUL/2026;31/07/2026;CE;ABL;TERCEIROS COLETA;EMP FLA REV ABL JOAO SERGINO;CDL FORTALEZA - LABORATORIO;ALARES LABORATORIO;Sem.Info;WIFI 6;5
JUL/2026;31/07/2026;CE;ABL;TERCEIROS COLETA;EMP FLA REV ABL JOAO SERGINO;CDL FORTALEZA - LABORATORIO;ALARES LABORATORIO;involuntaria;OUTROS;4
JUL/2026;31/07/2026;CE;ABL;TERCEIROS COLETA;EMP FLA REV ABL JOAO SERGINO;CDL FORTALEZA - LABORATORIO;ALARES LABORATORIO;involuntaria;WIFI 5;17
JUL/2026;31/07/2026;CE;ABL;TERCEIROS COLETA;EMP FLA REV ABL JOAO SERGINO;CDL FORTALEZA - LABORATORIO;ALARES LABORATORIO;involuntaria;WIFI 6;44
JUL/2026;31/07/2026;CE;ABL;TERCEIROS COLETA;EMP FLA REV ABL JOAO SERGINO;CDL FORTALEZA - LABORATORIO;ALARES LABORATORIO;voluntaria;OUTROS;11
JUL/2026;31/07/2026;CE;ABL;TERCEIROS COLETA;EMP FLA REV ABL JOAO SERGINO;CDL FORTALEZA - LABORATORIO;ALARES LABORATORIO;voluntaria;WIFI 5;63
JUL/2026;31/07/2026;CE;ABL;TERCEIROS COLETA;EMP FLA REV ABL JOAO SERGINO;CDL FORTALEZA - LABORATORIO;ALARES LABORATORIO;voluntaria;WIFI 6;63
JUL/2026;31/07/2026;CE;ALARES LOJA;ALARES LOJA;DEVOLUCAO EQUIP LOJA SAO GONCALO DO AMARANTE;CDL NATAL - LABORATORIO;ALARES LABORATORIO;voluntaria;WIFI 5;1
JUL/2026;31/07/2026;CE;OMEGA;TERCEIROS COLETA;EMP FLA REV OMEGA MARCOS GOMES;CDL FORTALEZA - LABORATORIO;ALARES LABORATORIO;Sem.Info;OUTROS;13
JUL/2026;31/07/2026;CE;OMEGA;TERCEIROS COLETA;EMP FLA REV OMEGA MARCOS GOMES;CDL FORTALEZA - LABORATORIO;ALARES LABORATORIO;Sem.Info;WIFI 5;3
JUL/2026;31/07/2026;CE;OMEGA;TERCEIROS COLETA;EMP FLA REV OMEGA MARCOS GOMES;CDL FORTALEZA - LABORATORIO;ALARES LABORATORIO;involuntaria;IPTV;1
JUL/2026;31/07/2026;CE;OMEGA;TERCEIROS COLETA;EMP FLA REV OMEGA MARCOS GOMES;CDL FORTALEZA - LABORATORIO;ALARES LABORATORIO;involuntaria;OUTROS;10
JUL/2026;31/07/2026;CE;OMEGA;TERCEIROS COLETA;EMP FLA REV OMEGA MARCOS GOMES;CDL FORTALEZA - LABORATORIO;ALARES LABORATORIO;involuntaria;WIFI 5;20
JUL/2026;31/07/2026;CE;OMEGA;TERCEIROS COLETA;EMP FLA REV OMEGA MARCOS GOMES;CDL FORTALEZA - LABORATORIO;ALARES LABORATORIO;involuntaria;WIFI 6;59
JUL/2026;31/07/2026;CE;OMEGA;TERCEIROS COLETA;EMP FLA REV OMEGA MARCOS GOMES;CDL FORTALEZA - LABORATORIO;ALARES LABORATORIO;voluntaria;IPTV;16
JUL/2026;31/07/2026;CE;OMEGA;TERCEIROS COLETA;EMP FLA REV OMEGA MARCOS GOMES;CDL FORTALEZA - LABORATORIO;ALARES LABORATORIO;voluntaria;OUTROS;53
JUL/2026;31/07/2026;CE;OMEGA;TERCEIROS COLETA;EMP FLA REV OMEGA MARCOS GOMES;CDL FORTALEZA - LABORATORIO;ALARES LABORATORIO;voluntaria;WIFI 5;128
JUL/2026;31/07/2026;CE;OMEGA;TERCEIROS COLETA;EMP FLA REV OMEGA MARCOS GOMES;CDL FORTALEZA - LABORATORIO;ALARES LABORATORIO;voluntaria;WIFI 6;145
JUL/2026;31/07/2026;CE;REPARO ELETROS;TERCEIROS COLETA;EMP FLA REV REPARO ELETROS JOSE ALVES;CDL FORTALEZA - LABORATORIO;ALARES LABORATORIO;Sem.Info;WIFI 5;2
JUL/2026;31/07/2026;CE;REPARO ELETROS;TERCEIROS COLETA;EMP FLA REV REPARO ELETROS JOSE ALVES;CDL FORTALEZA - LABORATORIO;ALARES LABORATORIO;involuntaria;OUTROS;5
JUL/2026;31/07/2026;CE;REPARO ELETROS;TERCEIROS COLETA;EMP FLA REV REPARO ELETROS JADSON ITALO;CDL FORTALEZA - LABORATORIO;ALARES LABORATORIO;involuntaria;WIFI 5;4
JUL/2026;31/07/2026;CE;REPARO ELETROS;TERCEIROS COLETA;EMP FLA REV REPARO ELETROS JOSE ALVES;CDL FORTALEZA - LABORATORIO;ALARES LABORATORIO;involuntaria;WIFI 5;5
JUL/2026;31/07/2026;CE;REPARO ELETROS;TERCEIROS COLETA;EMP FLA REV REPARO ELETROS JOSE ALVES;CDL FORTALEZA - LABORATORIO;ALARES LABORATORIO;involuntaria;WIFI 6;19
JUL/2026;31/07/2026;CE;REPARO ELETROS;TERCEIROS COLETA;EMP FLA REV REPARO ELETROS JADSON ITALO;CDL FORTALEZA - LABORATORIO;ALARES LABORATORIO;involuntaria;WIFI 6;3
JUL/2026;31/07/2026;CE;REPARO ELETROS;TERCEIROS COLETA;EMP FLA REV REPARO ELETROS JOSE ALVES;CDL FORTALEZA - LABORATORIO;ALARES LABORATORIO;voluntaria;IPTV;1
JUL/2026;31/07/2026;CE;REPARO ELETROS;TERCEIROS COLETA;EMP FLA REV REPARO ELETROS JADSON ITALO;CDL FORTALEZA - LABORATORIO;ALARES LABORATORIO;voluntaria;IPTV;9
JUL/2026;31/07/2026;CE;REPARO ELETROS;TERCEIROS COLETA;EMP FLA REV REPARO ELETROS JADSON ITALO;CDL FORTALEZA - LABORATORIO;ALARES LABORATORIO;voluntaria;OUTROS;2
JUL/2026;31/07/2026;CE;REPARO ELETROS;TERCEIROS COLETA;EMP FLA REV REPARO ELETROS JOSE ALVES;CDL FORTALEZA - LABORATORIO;ALARES LABORATORIO;voluntaria;OUTROS;1
JUL/2026;31/07/2026;CE;REPARO ELETROS;TERCEIROS COLETA;EMP FLA REV REPARO ELETROS JOSE ALVES;CDL FORTALEZA - LABORATORIO;ALARES LABORATORIO;voluntaria;WIFI 5;2
JUL/2026;31/07/2026;CE;REPARO ELETROS;TERCEIROS COLETA;EMP FLA REV REPARO ELETROS JADSON ITALO;CDL FORTALEZA - LABORATORIO;ALARES LABORATORIO;voluntaria;WIFI 5;23
JUL/2026;31/07/2026;CE;REPARO ELETROS;TERCEIROS COLETA;EMP FLA REV REPARO ELETROS JADSON ITALO;CDL FORTALEZA - LABORATORIO;ALARES LABORATORIO;voluntaria;WIFI 6;21
JUL/2026;31/07/2026;CE;REPARO ELETROS;TERCEIROS COLETA;EMP FLA REV REPARO ELETROS JOSE ALVES;CDL FORTALEZA - LABORATORIO;ALARES LABORATORIO;voluntaria;WIFI 6;8
JUL/2026;31/07/2026;CE;TERCEIROS COLETA;TERCEIROS COLETA;DEVOLUCAO REVERSA TERCEIROS FLA - GMUD;CDL FORTALEZA - LABORATORIO;ALARES LABORATORIO;Sem.Info;OUTROS;2
JUL/2026;31/07/2026;CE;TERCEIROS COLETA;TERCEIROS COLETA;DEVOLUCAO REVERSA TERCEIROS FLA - GMUD;CDL FORTALEZA - LABORATORIO;ALARES LABORATORIO;Sem.Info;WIFI 5;2
JUL/2026;31/07/2026;MG;ALARES LOJA;ALARES LOJA;DEVOLUCAO LOJAS ERRO PCS - GMUD;CDL POCOS DE CALDAS - LABORATORIO;ALARES LABORATORIO;Sem.Info;IPTV;3
JUL/2026;31/07/2026;MG;ALARES LOJA;ALARES LOJA;DEVOLUCAO EQUIP LOJA TRES CORACOES;CDL POCOS DE CALDAS - LABORATORIO;ALARES LABORATORIO;Sem.Info;OUTROS;1
JUL/2026;31/07/2026;MG;ALARES LOJA;ALARES LOJA;DEVOLUCAO LOJAS ERRO PCS - GMUD;CDL POCOS DE CALDAS - LABORATORIO;ALARES LABORATORIO;Sem.Info;OUTROS;91
JUL/2026;31/07/2026;MG;ALARES LOJA;ALARES LOJA;DEVOLUCAO EQUIP LOJA TRES CORACOES;CDL POCOS DE CALDAS - LABORATORIO;ALARES LABORATORIO;Sem.Info;WIFI 5;1
JUL/2026;31/07/2026;MG;ALARES LOJA;ALARES LOJA;DEVOLUCAO LOJAS ERRO PCS - GMUD;CDL POCOS DE CALDAS - LABORATORIO;ALARES LABORATORIO;Sem.Info;WIFI 5;82
JUL/2026;31/07/2026;MG;ALARES LOJA;ALARES LOJA;DEVOLUCAO EQUIP LOJA TRES CORACOES;CDL POCOS DE CALDAS - LABORATORIO;ALARES LABORATORIO;Sem.Info;WIFI 6;2
JUL/2026;31/07/2026;MG;ALARES LOJA;ALARES LOJA;DEVOLUCAO LOJAS ERRO PCS - GMUD;CDL POCOS DE CALDAS - LABORATORIO;ALARES LABORATORIO;Sem.Info;WIFI 6;10
JUL/2026;31/07/2026;MG;ALARES LOJA;ALARES LOJA;DEVOLUCAO EQUIP LOJA TRES CORACOES;CDL POCOS DE CALDAS - LABORATORIO;ALARES LABORATORIO;involuntaria;OUTROS;1
JUL/2026;31/07/2026;MG;ALARES LOJA;ALARES LOJA;DEVOLUCAO EQUIP LOJA TRES CORACOES;CDL POCOS DE CALDAS - LABORATORIO;ALARES LABORATORIO;involuntaria;WIFI 5;2
JUL/2026;31/07/2026;MG;ALARES LOJA;ALARES LOJA;DEVOLUCAO EQUIP LOJA TRES CORACOES;CDL POCOS DE CALDAS - LABORATORIO;ALARES LABORATORIO;involuntaria;WIFI 6;2
JUL/2026;31/07/2026;MG;ALARES LOJA;ALARES LOJA;DEVOLUCAO EQUIP LOJA TRES CORACOES;CDL POCOS DE CALDAS - LABORATORIO;ALARES LABORATORIO;voluntaria;OUTROS;12
JUL/2026;31/07/2026;MG;ALARES LOJA;ALARES LOJA;DEVOLUCAO EQUIP LOJA ALFENAS;CDL POCOS DE CALDAS - LABORATORIO;ALARES LABORATORIO;voluntaria;WIFI 5;1
JUL/2026;31/07/2026;MG;ALARES LOJA;ALARES LOJA;DEVOLUCAO EQUIP LOJA TRES CORACOES;CDL POCOS DE CALDAS - LABORATORIO;ALARES LABORATORIO;voluntaria;WIFI 5;17
JUL/2026;31/07/2026;MG;ALARES LOJA;ALARES LOJA;DEVOLUCAO LOJAS ERRO PCS - GMUD;CDL POCOS DE CALDAS - LABORATORIO;ALARES LABORATORIO;voluntaria;WIFI 5;1
JUL/2026;31/07/2026;MG;ALARES LOJA;ALARES LOJA;DEVOLUCAO EQUIP LOJA CAMBUQUIRA;CDL POCOS DE CALDAS - LABORATORIO;ALARES LABORATORIO;voluntaria;WIFI 5;1
JUL/2026;31/07/2026;MG;ALARES LOJA;ALARES LOJA;DEVOLUCAO EQUIP LOJA VARGINHA;CDL POCOS DE CALDAS - LABORATORIO;ALARES LABORATORIO;voluntaria;WIFI 6;1
JUL/2026;31/07/2026;MG;ALARES LOJA;ALARES LOJA;DEVOLUCAO EQUIP LOJA TRES CORACOES;CDL POCOS DE CALDAS - LABORATORIO;ALARES LABORATORIO;voluntaria;WIFI 6;26
JUL/2026;31/07/2026;MG;DEROYQUE;TERCEIROS COLETA;EMP PCS REV DEROYQUE - PRINCIPAL;CDL POCOS DE CALDAS - LABORATORIO;ALARES LABORATORIO;involuntaria;OUTROS;2
JUL/2026;31/07/2026;MG;DEROYQUE;TERCEIROS COLETA;EMP PCS REV DEROYQUE - PRINCIPAL;CDL POCOS DE CALDAS - LABORATORIO;ALARES LABORATORIO;involuntaria;WIFI 5;3
JUL/2026;31/07/2026;MG;DEROYQUE;TERCEIROS COLETA;EMP PCS REV DEROYQUE - PRINCIPAL;CDL POCOS DE CALDAS - LABORATORIO;ALARES LABORATORIO;involuntaria;WIFI 6;6
JUL/2026;31/07/2026;MG;DEROYQUE;TERCEIROS COLETA;EMP PCS REV DEROYQUE - PRINCIPAL;CDL POCOS DE CALDAS - LABORATORIO;ALARES LABORATORIO;voluntaria;OUTROS;44
JUL/2026;31/07/2026;MG;DEROYQUE;TERCEIROS COLETA;EMP PCS REV DEROYQUE - PRINCIPAL;CDL POCOS DE CALDAS - LABORATORIO;ALARES LABORATORIO;voluntaria;WIFI 5;76
JUL/2026;31/07/2026;MG;DEROYQUE;TERCEIROS COLETA;EMP PCS REV DEROYQUE - PRINCIPAL;CDL POCOS DE CALDAS - LABORATORIO;ALARES LABORATORIO;voluntaria;WIFI 6;47
JUL/2026;31/07/2026;MG;JL - MG;TERCEIROS COLETA;EMP PCS REV JL - ROSELANE FRANCISCA;CDL POCOS DE CALDAS - LABORATORIO;ALARES LABORATORIO;Sem.Info;OUTROS;20
JUL/2026;31/07/2026;MG;JL - MG;TERCEIROS COLETA;EMP PCS REV JL - ROSELANE FRANCISCA;CDL POCOS DE CALDAS - LABORATORIO;ALARES LABORATORIO;Sem.Info;WIFI 5;9
JUL/2026;31/07/2026;MG;JL - MG;TERCEIROS COLETA;EMP PCS REV JL - ROSELANE FRANCISCA;CDL POCOS DE CALDAS - LABORATORIO;ALARES LABORATORIO;Sem.Info;WIFI 6;4
JUL/2026;31/07/2026;MG;JL - MG;TERCEIROS COLETA;EMP PCS REV JL - ROSELANE FRANCISCA;CDL POCOS DE CALDAS - LABORATORIO;ALARES LABORATORIO;involuntaria;OUTROS;53
JUL/2026;31/07/2026;MG;JL - MG;TERCEIROS COLETA;EMP PCS REV JL - ROSELANE FRANCISCA;CDL POCOS DE CALDAS - LABORATORIO;ALARES LABORATORIO;involuntaria;WIFI 5;74
JUL/2026;31/07/2026;MG;JL - MG;TERCEIROS COLETA;EMP PCS REV JL - ROSELANE FRANCISCA;CDL POCOS DE CALDAS - LABORATORIO;ALARES LABORATORIO;involuntaria;WIFI 6;91
JUL/2026;31/07/2026;MG;JL - MG;TERCEIROS COLETA;EMP PCS REV JL - ROSELANE FRANCISCA;CDL POCOS DE CALDAS - LABORATORIO;ALARES LABORATORIO;voluntaria;OUTROS;192
JUL/2026;31/07/2026;MG;JL - MG;TERCEIROS COLETA;EMP PCS REV JL - ROSELANE FRANCISCA;CDL POCOS DE CALDAS - LABORATORIO;ALARES LABORATORIO;voluntaria;WIFI 5;389
JUL/2026;31/07/2026;MG;JL - MG;TERCEIROS COLETA;EMP PCS REV JL - ROSELANE FRANCISCA;CDL POCOS DE CALDAS - LABORATORIO;ALARES LABORATORIO;voluntaria;WIFI 6;279
JUL/2026;31/07/2026;MG;LVMOTOBOY;TERCEIROS COLETA;EMP PCS REV LV MOTOBOY - VANESSA LIMA;CDL POCOS DE CALDAS - LABORATORIO;ALARES LABORATORIO;Sem.Info;OUTROS;2
JUL/2026;31/07/2026;MG;LVMOTOBOY;TERCEIROS COLETA;EMP PCS REV LV MOTOBOY - VANESSA LIMA;CDL POCOS DE CALDAS - LABORATORIO;ALARES LABORATORIO;Sem.Info;WIFI 5;7
JUL/2026;31/07/2026;MG;LVMOTOBOY;TERCEIROS COLETA;EMP PCS REV LV MOTOBOY - VANESSA LIMA;CDL POCOS DE CALDAS - LABORATORIO;ALARES LABORATORIO;Sem.Info;WIFI 6;1
JUL/2026;31/07/2026;MG;LVMOTOBOY;TERCEIROS COLETA;EMP PCS REV LV MOTOBOY - VANESSA LIMA;CDL POCOS DE CALDAS - LABORATORIO;ALARES LABORATORIO;involuntaria;IPTV;2
JUL/2026;31/07/2026;MG;LVMOTOBOY;TERCEIROS COLETA;EMP PCS REV LV MOTOBOY - VANESSA LIMA;CDL POCOS DE CALDAS - LABORATORIO;ALARES LABORATORIO;involuntaria;OUTROS;26
JUL/2026;31/07/2026;MG;LVMOTOBOY;TERCEIROS COLETA;EMP PCS REV LV MOTOBOY - VANESSA LIMA;CDL POCOS DE CALDAS - LABORATORIO;ALARES LABORATORIO;involuntaria;WIFI 5;36
JUL/2026;31/07/2026;MG;LVMOTOBOY;TERCEIROS COLETA;EMP PCS REV LV MOTOBOY - VANESSA LIMA;CDL POCOS DE CALDAS - LABORATORIO;ALARES LABORATORIO;involuntaria;WIFI 6;37
JUL/2026;31/07/2026;MG;LVMOTOBOY;TERCEIROS COLETA;EMP PCS REV LV MOTOBOY - VANESSA LIMA;CDL POCOS DE CALDAS - LABORATORIO;ALARES LABORATORIO;voluntaria;IPTV;34
JUL/2026;31/07/2026;MG;LVMOTOBOY;TERCEIROS COLETA;EMP PCS REV LV MOTOBOY - VANESSA LIMA;CDL POCOS DE CALDAS - LABORATORIO;ALARES LABORATORIO;voluntaria;OUTROS;138
JUL/2026;31/07/2026;MG;LVMOTOBOY;TERCEIROS COLETA;EMP PCS REV LV MOTOBOY - VANESSA LIMA;CDL POCOS DE CALDAS - LABORATORIO;ALARES LABORATORIO;voluntaria;WIFI 5;279
JUL/2026;31/07/2026;MG;LVMOTOBOY;TERCEIROS COLETA;EMP PCS REV LV MOTOBOY - VANESSA LIMA;CDL POCOS DE CALDAS - LABORATORIO;ALARES LABORATORIO;voluntaria;WIFI 6;124
JUL/2026;31/07/2026;PB;DEBORAH BRUNA;TERCEIROS COLETA;EMP JPA REV DB - DEBORAH BRUNA;CDL JOAO PESSOA - LABORATORIO;ALARES LABORATORIO;involuntaria;WIFI 5;2
JUL/2026;31/07/2026;PB;DEBORAH BRUNA;TERCEIROS COLETA;EMP JPA REV DB - DEBORAH BRUNA;CDL JOAO PESSOA - LABORATORIO;ALARES LABORATORIO;involuntaria;WIFI 6;3
JUL/2026;31/07/2026;PB;DEBORAH BRUNA;TERCEIROS COLETA;EMP JPA REV DB - DEBORAH BRUNA;CDL JOAO PESSOA - LABORATORIO;ALARES LABORATORIO;voluntaria;WIFI 5;5
JUL/2026;31/07/2026;PB;DEBORAH BRUNA;TERCEIROS COLETA;EMP JPA REV DB - DEBORAH BRUNA;CDL JOAO PESSOA - LABORATORIO;ALARES LABORATORIO;voluntaria;WIFI 6;12
JUL/2026;31/07/2026;RN;ALARES LOJA;ALARES LOJA;DEVOLUCAO EQUIP LOJA SAO JOSE DE MIPIBU;CDL NATAL - LABORATORIO;ALARES LABORATORIO;Sem.Info;OUTROS;1
JUL/2026;31/07/2026;RN;ALARES LOJA;ALARES LOJA;DEVOLUCAO EQUIP LOJA SAO JOSE DE MIPIBU;CDL NATAL - LABORATORIO;ALARES LABORATORIO;involuntaria;OUTROS;1
JUL/2026;31/07/2026;RN;ALARES LOJA;ALARES LOJA;DEVOLUCAO EQUIP LOJA SAO JOSE DE MIPIBU;CDL NATAL - LABORATORIO;ALARES LABORATORIO;involuntaria;WIFI 5;2
JUL/2026;31/07/2026;RN;ALARES LOJA;ALARES LOJA;DEVOLUCAO EQUIP LOJA SAO JOSE DE MIPIBU;CDL NATAL - LABORATORIO;ALARES LABORATORIO;involuntaria;WIFI 6;2
JUL/2026;31/07/2026;RN;ALARES LOJA;ALARES LOJA;DEVOLUCAO EQUIP LOJA NISIA FLORESTA;CDL NATAL - LABORATORIO;ALARES LABORATORIO;voluntaria;OUTROS;1
JUL/2026;31/07/2026;RN;ALARES LOJA;ALARES LOJA;DEVOLUCAO EQUIP LOJA SAO JOSE DE MIPIBU;CDL NATAL - LABORATORIO;ALARES LABORATORIO;voluntaria;OUTROS;1
JUL/2026;31/07/2026;RN;ALARES LOJA;ALARES LOJA;DEVOLUCAO EQUIP LOJA SAO JOSE DE MIPIBU;CDL NATAL - LABORATORIO;ALARES LABORATORIO;voluntaria;WIFI 5;13
JUL/2026;31/07/2026;RN;ALARES LOJA;ALARES LOJA;DEVOLUCAO EQUIP LOJA NATAL;CDL NATAL - LABORATORIO;ALARES LABORATORIO;voluntaria;WIFI 5;1
JUL/2026;31/07/2026;RN;ALARES LOJA;ALARES LOJA;DEVOLUCAO EQUIP LOJA NISIA FLORESTA;CDL NATAL - LABORATORIO;ALARES LABORATORIO;voluntaria;WIFI 5;7
JUL/2026;31/07/2026;RN;ALARES LOJA;ALARES LOJA;DEVOLUCAO EQUIP LOJA NATAL;CDL NATAL - LABORATORIO;ALARES LABORATORIO;voluntaria;WIFI 6;2
JUL/2026;31/07/2026;RN;ALARES LOJA;ALARES LOJA;DEVOLUCAO EQUIP LOJA SAO JOSE DE MIPIBU;CDL NATAL - LABORATORIO;ALARES LABORATORIO;voluntaria;WIFI 6;3
JUL/2026;31/07/2026;RN;ALARES LOJA;ALARES LOJA;DEVOLUCAO EQUIP LOJA NISIA FLORESTA;CDL NATAL - LABORATORIO;ALARES LABORATORIO;voluntaria;WIFI 6;3
JUL/2026;31/07/2026;RN;NDR;TERCEIROS COLETA;EMP NTL REV NDR - PRINCIPAL;CDL NATAL - LABORATORIO;ALARES LABORATORIO;Sem.Info;OUTROS;2
JUL/2026;31/07/2026;RN;NDR;TERCEIROS COLETA;EMP NTL REV NDR - PRINCIPAL;CDL NATAL - LABORATORIO;ALARES LABORATORIO;Sem.Info;WIFI 5;4
JUL/2026;31/07/2026;RN;NDR;TERCEIROS COLETA;EMP NTL REV NDR - PRINCIPAL;CDL NATAL - LABORATORIO;ALARES LABORATORIO;Sem.Info;WIFI 6;1
JUL/2026;31/07/2026;RN;NDR;TERCEIROS COLETA;EMP NTL REV NDR - PRINCIPAL;CDL NATAL - LABORATORIO;ALARES LABORATORIO;involuntaria;OUTROS;2
JUL/2026;31/07/2026;RN;NDR;TERCEIROS COLETA;EMP NTL REV NDR - PRINCIPAL;CDL NATAL - LABORATORIO;ALARES LABORATORIO;involuntaria;WIFI 5;43
JUL/2026;31/07/2026;RN;NDR;TERCEIROS COLETA;EMP NTL REV NDR - PRINCIPAL;CDL NATAL - LABORATORIO;ALARES LABORATORIO;involuntaria;WIFI 6;59
JUL/2026;31/07/2026;RN;NDR;TERCEIROS COLETA;EMP NTL REV NDR - PRINCIPAL;CDL NATAL - LABORATORIO;ALARES LABORATORIO;voluntaria;IPTV;52
JUL/2026;31/07/2026;RN;NDR;TERCEIROS COLETA;EMP NTL REV NDR - PRINCIPAL;CDL NATAL - LABORATORIO;ALARES LABORATORIO;voluntaria;OUTROS;22
JUL/2026;31/07/2026;RN;NDR;TERCEIROS COLETA;EMP NTL REV NDR - PRINCIPAL;CDL NATAL - LABORATORIO;ALARES LABORATORIO;voluntaria;WIFI 5;235
JUL/2026;31/07/2026;RN;NDR;TERCEIROS COLETA;EMP NTL REV NDR - PRINCIPAL;CDL NATAL - LABORATORIO;ALARES LABORATORIO;voluntaria;WIFI 6;229
JUL/2026;31/07/2026;SP-ITV;ALARES LOJA;ALARES LOJA;DEVOLUCAO LOJAS ERRO ITUPEVA - GMUD;CDL ITUPEVA - LABORATORIO;ALARES CDL;Sem.Info;OUTROS;1
JUL/2026;31/07/2026;SP-ITV;ALARES LOJA;ALARES LOJA;DEVOLUCAO LOJAS ERRO ITUPEVA - GMUD;CDL ITUPEVA - LABORATORIO;ALARES CDL;Sem.Info;WIFI 5;13
JUL/2026;31/07/2026;SP-ITV;ALARES LOJA;ALARES LOJA;DEVOLUCAO EQUIP LOJA ITUPEVA;CDL ITUPEVA - LABORATORIO;ALARES CDL;voluntaria;OUTROS;2
JUL/2026;31/07/2026;SP-ITV;ALARES LOJA;ALARES LOJA;DEVOLUCAO EQUIP LOJA ITUPEVA;CDL ITUPEVA - LABORATORIO;ALARES CDL;voluntaria;WIFI 5;6
JUL/2026;31/07/2026;SP-ITV;ALARES LOJA;ALARES LOJA;DEVOLUCAO EQUIP LOJA ITUPEVA;CDL ITUPEVA - LABORATORIO;ALARES CDL;voluntaria;WIFI 6;5
JUL/2026;31/07/2026;SP-MOC;ALARES LOJA;ALARES LOJA;DEVOLUCAO EQUIP LOJA ATIBAIA;CDL ITUPEVA - LABORATORIO;ALARES CDL;voluntaria;WIFI 5;1
JUL/2026;31/07/2026;SP-MOC;ALARES LOJA;ALARES LOJA;DEVOLUCAO EQUIP LOJA ATIBAIA;CDL ITUPEVA - LABORATORIO;ALARES CDL;voluntaria;WIFI 6;13
JUL/2026;31/07/2026;SP-MOC;ALARES LOJA;ALARES LOJA;ALARES - EQUIPE SAC;CDL OURINHOS - LABORATORIO;ALARES LABORATORIO;Sem.Info;WIFI 6;1
JUL/2026;31/07/2026;SP-ORN;JOAO MANTOAN;TERCEIROS COLETA;EMP ORN REV JM JOAO MANTOAN;CDL OURINHOS - LABORATORIO;ALARES LABORATORIO;Sem.Info;WIFI 5;6
JUL/2026;31/07/2026;SP-ORN;JOAO MANTOAN;TERCEIROS COLETA;EMP ORN REV JM JOAO MANTOAN;CDL OURINHOS - LABORATORIO;ALARES LABORATORIO;involuntaria;OUTROS;8
JUL/2026;31/07/2026;SP-ORN;JOAO MANTOAN;TERCEIROS COLETA;EMP ORN REV JM JOAO MANTOAN;CDL OURINHOS - LABORATORIO;ALARES LABORATORIO;involuntaria;WIFI 5;44
JUL/2026;31/07/2026;SP-ORN;JOAO MANTOAN;TERCEIROS COLETA;EMP ORN REV JM JOAO MANTOAN;CDL OURINHOS - LABORATORIO;ALARES LABORATORIO;involuntaria;WIFI 6;20
JUL/2026;31/07/2026;SP-ORN;JOAO MANTOAN;TERCEIROS COLETA;EMP ORN REV JM JOAO MANTOAN;CDL OURINHOS - LABORATORIO;ALARES LABORATORIO;voluntaria;OUTROS;19
JUL/2026;31/07/2026;SP-ORN;JOAO MANTOAN;TERCEIROS COLETA;EMP ORN REV JM JOAO MANTOAN;CDL OURINHOS - LABORATORIO;ALARES LABORATORIO;voluntaria;WIFI 5;61
JUL/2026;31/07/2026;SP-ORN;JOAO MANTOAN;TERCEIROS COLETA;EMP ORN REV JM JOAO MANTOAN;CDL OURINHOS - LABORATORIO;ALARES LABORATORIO;voluntaria;WIFI 6;15
JUL/2026;31/07/2026;SP-SOC;ALARES LOJA;ALARES LOJA;DEVOLUCAO EQUIP LOJA LOUVEIRA;CDL ITUPEVA - LABORATORIO;ALARES CDL;voluntaria;WIFI 5;3
JUL/2026;31/07/2026;SP-SOC;ALARES LOJA;ALARES LOJA;DEVOLUCAO EQUIP LOJA LOUVEIRA;CDL ITUPEVA - LABORATORIO;ALARES CDL;voluntaria;WIFI 6;1
JUL/2026;31/07/2026;SP-SOC;ALARES LOJA;ALARES LOJA;DEVOLUCAO EQUIP LOJA LAMBARI;CDL POCOS DE CALDAS - LABORATORIO;ALARES LABORATORIO;voluntaria;OUTROS;1
JUL/2026;31/07/2026;SP-SOC;ALARES LOJA;ALARES LOJA;DEVOLUCAO EQUIP LOJA LAMBARI;CDL POCOS DE CALDAS - LABORATORIO;ALARES LABORATORIO;voluntaria;WIFI 6;1
JUL/2026;30/07/2026;BA;DEROYQUE;TERCEIROS COLETA;EMP PCS REV DEROYQUE - PRINCIPAL;CDL PORTO E EUNAPOLIS - LABORATORIO;ALARES LABORATORIO;Sem.Info;WIFI 5;2
JUL/2026;30/07/2026;BA;DEROYQUE;TERCEIROS COLETA;EMP PCS REV DEROYQUE - PRINCIPAL;CDL PORTO E EUNAPOLIS - LABORATORIO;ALARES LABORATORIO;Sem.Info;WIFI 6;1
JUL/2026;30/07/2026;BA;DEROYQUE;TERCEIROS COLETA;EMP PCS REV DEROYQUE - PRINCIPAL;CDL PORTO E EUNAPOLIS - LABORATORIO;ALARES LABORATORIO;involuntaria;OUTROS;9
JUL/2026;30/07/2026;BA;DEROYQUE;TERCEIROS COLETA;EMP PCS REV DEROYQUE - PRINCIPAL;CDL PORTO E EUNAPOLIS - LABORATORIO;ALARES LABORATORIO;involuntaria;WIFI 5;8
JUL/2026;30/07/2026;BA;DEROYQUE;TERCEIROS COLETA;EMP PCS REV DEROYQUE - PRINCIPAL;CDL PORTO E EUNAPOLIS - LABORATORIO;ALARES LABORATORIO;involuntaria;WIFI 6;19
JUL/2026;30/07/2026;BA;DEROYQUE;TERCEIROS COLETA;EMP PCS REV DEROYQUE - PRINCIPAL;CDL PORTO E EUNAPOLIS - LABORATORIO;ALARES LABORATORIO;voluntaria;OUTROS;31
JUL/2026;30/07/2026;BA;DEROYQUE;TERCEIROS COLETA;EMP PCS REV DEROYQUE - PRINCIPAL;CDL PORTO E EUNAPOLIS - LABORATORIO;ALARES LABORATORIO;voluntaria;WIFI 5;46
JUL/2026;30/07/2026;BA;DEROYQUE;TERCEIROS COLETA;EMP PCS REV DEROYQUE - PRINCIPAL;CDL PORTO E EUNAPOLIS - LABORATORIO;ALARES LABORATORIO;voluntaria;WIFI 6;45
JUL/2026;30/07/2026;MG;ALARES LOJA;ALARES LOJA;WAY - RETIRADA EQUIP. LOJA - INATIVO;CDL POCOS DE CALDAS - LABORATORIO;ALARES LABORATORIO;Sem.Info;WIFI 5;1
JUL/2026;30/07/2026;MG;ALARES LOJA;ALARES LOJA;DEVOLUCAO EQUIP LOJA SAO SEBASTIAO DA GRAMA;CDL POCOS DE CALDAS - LABORATORIO;ALARES LABORATORIO;voluntaria;OUTROS;1
JUL/2026;30/07/2026;MG;ALARES LOJA;ALARES LOJA;DEVOLUCAO EQUIP LOJA SAO SEBASTIAO DA GRAMA;CDL POCOS DE CALDAS - LABORATORIO;ALARES LABORATORIO;voluntaria;WIFI 5;2
JUL/2026;30/07/2026;MG;CLOVIS LUCIANO;TERCEIROS COLETA;EMP PCS REV CLOVIS - CLOVIS LUCIANO;CDL POCOS DE CALDAS - LABORATORIO;ALARES LABORATORIO;Sem.Info;WIFI 5;1
JUL/2026;30/07/2026;MG;CLOVIS LUCIANO;TERCEIROS COLETA;EMP PCS REV CLOVIS - CLOVIS LUCIANO;CDL POCOS DE CALDAS - LABORATORIO;ALARES LABORATORIO;involuntaria;OUTROS;16
JUL/2026;30/07/2026;MG;CLOVIS LUCIANO;TERCEIROS COLETA;EMP PCS REV CLOVIS - CLOVIS LUCIANO;CDL POCOS DE CALDAS - LABORATORIO;ALARES LABORATORIO;involuntaria;WIFI 5;31
JUL/2026;30/07/2026;MG;CLOVIS LUCIANO;TERCEIROS COLETA;EMP PCS REV CLOVIS - CLOVIS LUCIANO;CDL POCOS DE CALDAS - LABORATORIO;ALARES LABORATORIO;involuntaria;WIFI 6;13
JUL/2026;30/07/2026;MG;CLOVIS LUCIANO;TERCEIROS COLETA;EMP PCS REV CLOVIS - CLOVIS LUCIANO;CDL POCOS DE CALDAS - LABORATORIO;ALARES LABORATORIO;voluntaria;OUTROS;135
JUL/2026;30/07/2026;MG;CLOVIS LUCIANO;TERCEIROS COLETA;EMP PCS REV CLOVIS - CLOVIS LUCIANO;CDL POCOS DE CALDAS - LABORATORIO;ALARES LABORATORIO;voluntaria;WIFI 5;149
JUL/2026;30/07/2026;MG;CLOVIS LUCIANO;TERCEIROS COLETA;EMP PCS REV CLOVIS - CLOVIS LUCIANO;CDL POCOS DE CALDAS - LABORATORIO;ALARES LABORATORIO;voluntaria;WIFI 6;54
JUL/2026;30/07/2026;RN;ALARES LOJA;ALARES LOJA;DEVOLUCAO EQUIP LOJA PARNAMIRIM;CDL NATAL - LABORATORIO;ALARES LABORATORIO;Sem.Info;WIFI 5;1
JUL/2026;30/07/2026;RN;ALARES LOJA;ALARES LOJA;DEVOLUCAO EQUIP LOJA NATAL;CDL NATAL - LABORATORIO;ALARES LABORATORIO;voluntaria;IPTV;6
JUL/2026;30/07/2026;RN;ALARES LOJA;ALARES LOJA;DEVOLUCAO EQUIP LOJA PARNAMIRIM;CDL NATAL - LABORATORIO;ALARES LABORATORIO;voluntaria;WIFI 5;2
JUL/2026;30/07/2026;RN;ALARES LOJA;ALARES LOJA;DEVOLUCAO EQUIP LOJA NATAL;CDL NATAL - LABORATORIO;ALARES LABORATORIO;voluntaria;WIFI 5;6
JUL/2026;30/07/2026;RN;ALARES LOJA;ALARES LOJA;DEVOLUCAO EQUIP LOJA NATAL;CDL NATAL - LABORATORIO;ALARES LABORATORIO;voluntaria;WIFI 6;4
JUL/2026;30/07/2026;RN;ALARES LOJA;ALARES LOJA;DEVOLUCAO EQUIP LOJA PARNAMIRIM;CDL NATAL - LABORATORIO;ALARES LABORATORIO;voluntaria;WIFI 6;3
JUL/2026;30/07/2026;SP-MOC;ALARES LOJA;ALARES LOJA;ALARES - EQUIPE SAC;CDL ITUPEVA - LABORATORIO;ALARES CDL;voluntaria;WIFI 5;1
JUL/2026;30/07/2026;SP-MOC;ALARES LOJA;ALARES LOJA;DEVOLUCAO EQUIP LOJA SÃO JOSÉ DO RIO PARDO;CDL POCOS DE CALDAS - LABORATORIO;ALARES LABORATORIO;involuntaria;OUTROS;1
JUL/2026;30/07/2026;SP-MOC;ALARES LOJA;ALARES LOJA;DEVOLUCAO EQUIP LOJA SÃO JOSÉ DO RIO PARDO;CDL POCOS DE CALDAS - LABORATORIO;ALARES LABORATORIO;involuntaria;WIFI 5;1
JUL/2026;30/07/2026;SP-MOC;ALARES LOJA;ALARES LOJA;DEVOLUCAO EQUIP LOJA SÃO JOSÉ DO RIO PARDO;CDL POCOS DE CALDAS - LABORATORIO;ALARES LABORATORIO;voluntaria;OUTROS;3
JUL/2026;30/07/2026;SP-MOC;ALARES LOJA;ALARES LOJA;ALARES - EQUIPE SAC;CDL POCOS DE CALDAS - LABORATORIO;ALARES LABORATORIO;voluntaria;OUTROS;4
JUL/2026;30/07/2026;SP-MOC;ALARES LOJA;ALARES LOJA;DEVOLUCAO EQUIP LOJA MOCOCA;CDL POCOS DE CALDAS - LABORATORIO;ALARES LABORATORIO;voluntaria;OUTROS;7
JUL/2026;30/07/2026;SP-MOC;ALARES LOJA;ALARES LOJA;DEVOLUCAO EQUIP LOJA DIVINOLANDIA;CDL POCOS DE CALDAS - LABORATORIO;ALARES LABORATORIO;voluntaria;OUTROS;2
JUL/2026;30/07/2026;SP-MOC;ALARES LOJA;ALARES LOJA;DEVOLUCAO EQUIP LOJA SÃO JOSÉ DO RIO PARDO;CDL POCOS DE CALDAS - LABORATORIO;ALARES LABORATORIO;voluntaria;WIFI 5;4
JUL/2026;30/07/2026;SP-MOC;ALARES LOJA;ALARES LOJA;DEVOLUCAO EQUIP LOJA SAO JOAO DA BOA VISTA;CDL POCOS DE CALDAS - LABORATORIO;ALARES LABORATORIO;voluntaria;WIFI 5;1
JUL/2026;30/07/2026;SP-MOC;ALARES LOJA;ALARES LOJA;DEVOLUCAO EQUIP LOJA MOCOCA;CDL POCOS DE CALDAS - LABORATORIO;ALARES LABORATORIO;voluntaria;WIFI 5;9
JUL/2026;30/07/2026;SP-MOC;ALARES LOJA;ALARES LOJA;ALARES - EQUIPE SAC;CDL POCOS DE CALDAS - LABORATORIO;ALARES LABORATORIO;voluntaria;WIFI 5;4
JUL/2026;30/07/2026;SP-MOC;ALARES LOJA;ALARES LOJA;DEVOLUCAO EQUIP LOJA SÃO JOSÉ DO RIO PARDO;CDL POCOS DE CALDAS - LABORATORIO;ALARES LABORATORIO;voluntaria;WIFI 6;1
JUL/2026;30/07/2026;SP-MOC;ALARES LOJA;ALARES LOJA;ALARES - EQUIPE SAC;CDL POCOS DE CALDAS - LABORATORIO;ALARES LABORATORIO;voluntaria;WIFI 6;3
JUL/2026;30/07/2026;SP-MOC;ALARES LOJA;ALARES LOJA;DEVOLUCAO EQUIP LOJA MOCOCA;CDL POCOS DE CALDAS - LABORATORIO;ALARES LABORATORIO;voluntaria;WIFI 6;5
JUL/2026;30/07/2026;SP-ORN;ALARES LOJA;ALARES LOJA;DEVOLUCAO EQUIP LOJA BANDEIRANTES;CDL OURINHOS - LABORATORIO;ALARES LABORATORIO;Sem.Info;OUTROS;1
JUL/2026;30/07/2026;SP-ORN;ALARES LOJA;ALARES LOJA;DEVOLUCAO EQUIP LOJA BANDEIRANTES;CDL OURINHOS - LABORATORIO;ALARES LABORATORIO;Sem.Info;WIFI 5;1
JUL/2026;30/07/2026;SP-ORN;ALARES LOJA;ALARES LOJA;DEVOLUCAO EQUIP LOJA SANTA C DO RIO PARDO;CDL OURINHOS - LABORATORIO;ALARES LABORATORIO;voluntaria;WIFI 5;1
JUL/2026;30/07/2026;SP-ORN;ALARES LOJA;ALARES LOJA;DEVOLUCAO EQUIP LOJA SANTA MARIANA;CDL OURINHOS - LABORATORIO;ALARES LABORATORIO;voluntaria;WIFI 5;1
JUL/2026;30/07/2026;SP-ORN;TELECOM;TERCEIROS COLETA;EMP ORN REV TELECOM FERNANDA SOARES;CDL OURINHOS - LABORATORIO;ALARES LABORATORIO;Sem.Info;WIFI 5;1
JUL/2026;30/07/2026;SP-SOC;ALARES LOJA;ALARES LOJA;DEVOLUCAO EQUIP LOJA SOROCABA;CDL ITUPEVA - LABORATORIO;ALARES CDL;Sem.Info;WIFI 5;1
JUL/2026;30/07/2026;SP-SOC;ALARES LOJA;ALARES LOJA;DEVOLUCAO EQUIP LOJA SOROCABA;CDL ITUPEVA - LABORATORIO;ALARES CDL;involuntaria;OUTROS;1
JUL/2026;30/07/2026;SP-SOC;ALARES LOJA;ALARES LOJA;DEVOLUCAO EQUIP LOJA PIEDADE;CDL ITUPEVA - LABORATORIO;ALARES CDL;voluntaria;WIFI 5;1
JUL/2026;30/07/2026;SP-SOC;ALARES LOJA;ALARES LOJA;DEVOLUCAO EQUIP LOJA SOROCABA;CDL ITUPEVA - LABORATORIO;ALARES CDL;voluntaria;WIFI 5;19
JUL/2026;30/07/2026;SP-SOC;ALARES LOJA;ALARES LOJA;DEVOLUCAO EQUIP LOJA ILHA COMPRIDA;CDL ITUPEVA - LABORATORIO;ALARES CDL;voluntaria;WIFI 6;1
JUL/2026;30/07/2026;SP-SOC;ALARES LOJA;ALARES LOJA;DEVOLUCAO EQUIP LOJA SOROCABA;CDL ITUPEVA - LABORATORIO;ALARES CDL;voluntaria;WIFI 6;20
JUL/2026;30/07/2026;SP-SOC;CRH;TERCEIROS COLETA;EMP ITV REV CRH PRINCIPAL;CDL ITUPEVA - LABORATORIO;ALARES CDL;Sem.Info;OUTROS;3
JUL/2026;30/07/2026;SP-SOC;CRH;TERCEIROS COLETA;EMP ITV REV CRH PRINCIPAL;CDL ITUPEVA - LABORATORIO;ALARES CDL;Sem.Info;WIFI 5;18
JUL/2026;30/07/2026;SP-SOC;CRH;TERCEIROS COLETA;EMP ITV REV CRH PRINCIPAL;CDL ITUPEVA - LABORATORIO;ALARES CDL;involuntaria;OUTROS;6
JUL/2026;30/07/2026;SP-SOC;CRH;TERCEIROS COLETA;EMP ITV REV CRH PRINCIPAL;CDL ITUPEVA - LABORATORIO;ALARES CDL;involuntaria;WIFI 5;37
JUL/2026;30/07/2026;SP-SOC;CRH;TERCEIROS COLETA;EMP ITV REV CRH PRINCIPAL;CDL ITUPEVA - LABORATORIO;ALARES CDL;involuntaria;WIFI 6;52
JUL/2026;30/07/2026;SP-SOC;CRH;TERCEIROS COLETA;EMP ITV REV CRH PRINCIPAL;CDL ITUPEVA - LABORATORIO;ALARES CDL;voluntaria;OUTROS;43
JUL/2026;30/07/2026;SP-SOC;CRH;TERCEIROS COLETA;EMP ITV REV CRH PRINCIPAL;CDL ITUPEVA - LABORATORIO;ALARES CDL;voluntaria;WIFI 5;346
JUL/2026;30/07/2026;SP-SOC;CRH;TERCEIROS COLETA;EMP ITV REV CRH PRINCIPAL;CDL ITUPEVA - LABORATORIO;ALARES CDL;voluntaria;WIFI 6;299
JUL/2026;30/07/2026;SP-SOC;MASTER SERVICE_ORN;TERCEIROS COLETA;EMP ITV REV MASTER SERVICE - PRINCIPAL;CDL ITUPEVA - LABORATORIO;ALARES CDL;Sem.Info;WIFI 6;1
JUL/2026;30/07/2026;SP-SOC;MASTER SERVICE_ORN;TERCEIROS COLETA;EMP ITV REV MASTER SERVICE - PRINCIPAL;CDL ITUPEVA - LABORATORIO;ALARES CDL;involuntaria;OUTROS;1
JUL/2026;30/07/2026;SP-SOC;MASTER SERVICE_ORN;TERCEIROS COLETA;EMP ITV REV MASTER SERVICE - PRINCIPAL;CDL ITUPEVA - LABORATORIO;ALARES CDL;involuntaria;WIFI 5;4
JUL/2026;30/07/2026;SP-SOC;MASTER SERVICE_ORN;TERCEIROS COLETA;EMP ITV REV MASTER SERVICE - PRINCIPAL;CDL ITUPEVA - LABORATORIO;ALARES CDL;involuntaria;WIFI 6;6
JUL/2026;30/07/2026;SP-SOC;MASTER SERVICE_ORN;TERCEIROS COLETA;EMP ITV REV MASTER SERVICE - PRINCIPAL;CDL ITUPEVA - LABORATORIO;ALARES CDL;voluntaria;WIFI 5;27
JUL/2026;30/07/2026;SP-SOC;MASTER SERVICE_ORN;TERCEIROS COLETA;EMP ITV REV MASTER SERVICE - PRINCIPAL;CDL ITUPEVA - LABORATORIO;ALARES CDL;voluntaria;WIFI 6;11
JUL/2026;30/07/2026;SP-SOC;MAXPLAY;TERCEIROS COLETA;EMP SOC MAXPLAY DANIEL DELGADO;CDL FORTALEZA - LABORATORIO;ALARES LABORATORIO;involuntaria;OUTROS;1
JUL/2026;30/07/2026;SP-SOC;MAXPLAY;TERCEIROS COLETA;EMP SOC MAXPLAY DANIEL DELGADO;CDL FORTALEZA - LABORATORIO;ALARES LABORATORIO;involuntaria;WIFI 6;17
JUL/2026;30/07/2026;SP-SOC;MAXPLAY;TERCEIROS COLETA;EMP SOC MAXPLAY DANIEL DELGADO;CDL ITUPEVA - LABORATORIO;ALARES CDL;Sem.Info;WIFI 5;1
JUL/2026;30/07/2026;SP-SOC;MAXPLAY;TERCEIROS COLETA;EMP SOC MAXPLAY DANIEL DELGADO;CDL ITUPEVA - LABORATORIO;ALARES CDL;involuntaria;OUTROS;2
JUL/2026;30/07/2026;SP-SOC;MAXPLAY;TERCEIROS COLETA;EMP SOC MAXPLAY DANIEL DELGADO;CDL ITUPEVA - LABORATORIO;ALARES CDL;involuntaria;WIFI 5;19
JUL/2026;30/07/2026;SP-SOC;MAXPLAY;TERCEIROS COLETA;EMP SOC MAXPLAY DANIEL DELGADO;CDL ITUPEVA - LABORATORIO;ALARES CDL;involuntaria;WIFI 6;94
JUL/2026;30/07/2026;SP-SOC;MAXPLAY;TERCEIROS COLETA;EMP SOC MAXPLAY DANIEL DELGADO;CDL ITUPEVA - LABORATORIO;ALARES CDL;voluntaria;OUTROS;29
JUL/2026;30/07/2026;SP-SOC;MAXPLAY;TERCEIROS COLETA;EMP SOC MAXPLAY DANIEL DELGADO;CDL ITUPEVA - LABORATORIO;ALARES CDL;voluntaria;WIFI 5;110
JUL/2026;30/07/2026;SP-SOC;MAXPLAY;TERCEIROS COLETA;EMP SOC MAXPLAY DANIEL DELGADO;CDL ITUPEVA - LABORATORIO;ALARES CDL;voluntaria;WIFI 6;216
JUL/2026;30/07/2026;SP-SPR;ALARES LOJA;ALARES LOJA;DEVOLUCAO EQUIP LOJA SALTO DE PIRAPORA;CDL ITUPEVA - LABORATORIO;ALARES CDL;voluntaria;WIFI 5;1
JUL/2026;30/07/2026;SP-SPR;ALARES LOJA;ALARES LOJA;DEVOLUCAO EQUIP LOJA VOTORANTIM;CDL ITUPEVA - LABORATORIO;ALARES CDL;voluntaria;WIFI 6;2
JUL/2026;29/07/2026;BA;ALARES LOJA;ALARES LOJA;DEVOLUCAO EQUIP LOJA EUNAPOLIS;CDL FORTALEZA - LABORATORIO;ALARES LABORATORIO;Sem.Info;WIFI 5;2
JUL/2026;29/07/2026;BA;ALARES LOJA;ALARES LOJA;DEVOLUCAO EQUIP LOJA EUNAPOLIS;CDL FORTALEZA - LABORATORIO;ALARES LABORATORIO;voluntaria;WIFI 5;1
JUL/2026;29/07/2026;BA;ALARES LOJA;ALARES LOJA;DEVOLUCAO EQUIP LOJA EUNAPOLIS;CDL FORTALEZA - LABORATORIO;ALARES LABORATORIO;voluntaria;WIFI 6;1
JUL/2026;29/07/2026;BA;ALARES LOJA;ALARES LOJA;DEVOLUCAO EQUIP LOJA PORTO SEGURO;CDL PORTO E EUNAPOLIS - LABORATORIO;ALARES LABORATORIO;Sem.Info;OUTROS;3
JUL/2026;29/07/2026;BA;ALARES LOJA;ALARES LOJA;DEVOLUCAO EQUIP LOJA PORTO SEGURO;CDL PORTO E EUNAPOLIS - LABORATORIO;ALARES LABORATORIO;Sem.Info;WIFI 5;2
JUL/2026;29/07/2026;BA;ALARES LOJA;ALARES LOJA;DEVOLUCAO EQUIP LOJA EUNAPOLIS;CDL PORTO E EUNAPOLIS - LABORATORIO;ALARES LABORATORIO;Sem.Info;WIFI 5;3
JUL/2026;29/07/2026;BA;ALARES LOJA;ALARES LOJA;DEVOLUCAO EQUIP LOJA PORTO SEGURO;CDL PORTO E EUNAPOLIS - LABORATORIO;ALARES LABORATORIO;Sem.Info;WIFI 6;3
JUL/2026;29/07/2026;BA;ALARES LOJA;ALARES LOJA;DEVOLUCAO EQUIP LOJA EUNAPOLIS;CDL PORTO E EUNAPOLIS - LABORATORIO;ALARES LABORATORIO;Sem.Info;WIFI 6;1
JUL/2026;29/07/2026;BA;ALARES LOJA;ALARES LOJA;DEVOLUCAO EQUIP LOJA PORTO SEGURO;CDL PORTO E EUNAPOLIS - LABORATORIO;ALARES LABORATORIO;involuntaria;OUTROS;1
JUL/2026;29/07/2026;BA;ALARES LOJA;ALARES LOJA;DEVOLUCAO EQUIP LOJA EUNAPOLIS;CDL PORTO E EUNAPOLIS - LABORATORIO;ALARES LABORATORIO;involuntaria;WIFI 6;1
JUL/2026;29/07/2026;BA;ALARES LOJA;ALARES LOJA;DEVOLUCAO EQUIP LOJA PORTO SEGURO;CDL PORTO E EUNAPOLIS - LABORATORIO;ALARES LABORATORIO;involuntaria;WIFI 6;3
JUL/2026;29/07/2026;BA;ALARES LOJA;ALARES LOJA;DEVOLUCAO EQUIP LOJA PORTO SEGURO;CDL PORTO E EUNAPOLIS - LABORATORIO;ALARES LABORATORIO;voluntaria;OUTROS;16
JUL/2026;29/07/2026;BA;ALARES LOJA;ALARES LOJA;DEVOLUCAO EQUIP LOJA PORTO SEGURO;CDL PORTO E EUNAPOLIS - LABORATORIO;ALARES LABORATORIO;voluntaria;WIFI 5;19
JUL/2026;29/07/2026;BA;ALARES LOJA;ALARES LOJA;DEVOLUCAO EQUIP LOJA EUNAPOLIS;CDL PORTO E EUNAPOLIS - LABORATORIO;ALARES LABORATORIO;voluntaria;WIFI 5;7
JUL/2026;29/07/2026;BA;ALARES LOJA;ALARES LOJA;DEVOLUCAO EQUIP LOJA EUNAPOLIS;CDL PORTO E EUNAPOLIS - LABORATORIO;ALARES LABORATORIO;voluntaria;WIFI 6;26
JUL/2026;29/07/2026;BA;ALARES LOJA;ALARES LOJA;DEVOLUCAO EQUIP LOJA PORTO SEGURO;CDL PORTO E EUNAPOLIS - LABORATORIO;ALARES LABORATORIO;voluntaria;WIFI 6;24
JUL/2026;29/07/2026;CE;ALARES LOJA;ALARES LOJA;DEVOLUCAO EQUIP LOJA FORTALEZA;CDL FORTALEZA - LABORATORIO;ALARES LABORATORIO;Sem.Info;OUTROS;12
JUL/2026;29/07/2026;CE;ALARES LOJA;ALARES LOJA;DEVOLUCAO EQUIP LOJA FORTALEZA;CDL FORTALEZA - LABORATORIO;ALARES LABORATORIO;Sem.Info;WIFI 5;9
JUL/2026;29/07/2026;CE;ALARES LOJA;ALARES LOJA;DEVOLUCAO EQUIP LOJA FORTALEZA;CDL FORTALEZA - LABORATORIO;ALARES LABORATORIO;Sem.Info;WIFI 6;1
JUL/2026;29/07/2026;CE;ALARES LOJA;ALARES LOJA;DEVOLUCAO EQUIP LOJA FORTALEZA;CDL FORTALEZA - LABORATORIO;ALARES LABORATORIO;voluntaria;IPTV;8
JUL/2026;29/07/2026;CE;ALARES LOJA;ALARES LOJA;DEVOLUCAO EQUIP LOJA FORTALEZA;CDL FORTALEZA - LABORATORIO;ALARES LABORATORIO;voluntaria;OUTROS;7
JUL/2026;29/07/2026;CE;ALARES LOJA;ALARES LOJA;DEVOLUCAO EQUIP LOJA FORTALEZA;CDL FORTALEZA - LABORATORIO;ALARES LABORATORIO;voluntaria;WIFI 5;9
JUL/2026;29/07/2026;CE;ALARES LOJA;ALARES LOJA;DEVOLUCAO EQUIP LOJA FORTALEZA;CDL FORTALEZA - LABORATORIO;ALARES LABORATORIO;voluntaria;WIFI 6;12
JUL/2026;29/07/2026;MG;ALARES LOJA;ALARES LOJA;DEVOLUCAO EQUIP LOJA NOVA RESENDE;CDL POCOS DE CALDAS - LABORATORIO;ALARES LABORATORIO;involuntaria;OUTROS;1
JUL/2026;29/07/2026;MG;ALARES LOJA;ALARES LOJA;DEVOLUCAO EQUIP LOJA NOVA RESENDE;CDL POCOS DE CALDAS - LABORATORIO;ALARES LABORATORIO;involuntaria;WIFI 5;1
JUL/2026;29/07/2026;MG;ALARES LOJA;ALARES LOJA;DEVOLUCAO EQUIP LOJA NOVA RESENDE;CDL POCOS DE CALDAS - LABORATORIO;ALARES LABORATORIO;voluntaria;OUTROS;8
JUL/2026;29/07/2026;MG;ALARES LOJA;ALARES LOJA;DEVOLUCAO EQUIP LOJA BOTELHOS;CDL POCOS DE CALDAS - LABORATORIO;ALARES LABORATORIO;voluntaria;OUTROS;13
JUL/2026;29/07/2026;MG;ALARES LOJA;ALARES LOJA;DEVOLUCAO EQUIP LOJA NOVA RESENDE;CDL POCOS DE CALDAS - LABORATORIO;ALARES LABORATORIO;voluntaria;WIFI 5;7
JUL/2026;29/07/2026;MG;ALARES LOJA;ALARES LOJA;DEVOLUCAO EQUIP LOJA BOTELHOS;CDL POCOS DE CALDAS - LABORATORIO;ALARES LABORATORIO;voluntaria;WIFI 5;12
JUL/2026;29/07/2026;MG;ALARES LOJA;ALARES LOJA;DEVOLUCAO EQUIP LOJA ALFENAS;CDL POCOS DE CALDAS - LABORATORIO;ALARES LABORATORIO;voluntaria;WIFI 5;1
JUL/2026;29/07/2026;MG;ALARES LOJA;ALARES LOJA;DEVOLUCAO EQUIP LOJA CABO VERDE;CDL POCOS DE CALDAS - LABORATORIO;ALARES LABORATORIO;voluntaria;WIFI 5;1
JUL/2026;29/07/2026;MG;ALARES LOJA;ALARES LOJA;DEVOLUCAO EQUIP LOJA NOVA RESENDE;CDL POCOS DE CALDAS - LABORATORIO;ALARES LABORATORIO;voluntaria;WIFI 6;6
JUL/2026;29/07/2026;MG;ALARES LOJA;ALARES LOJA;DEVOLUCAO EQUIP LOJA POCOS DE CALDAS;CDL POCOS DE CALDAS - LABORATORIO;ALARES LABORATORIO;voluntaria;WIFI 6;1
JUL/2026;29/07/2026;MG;ALARES LOJA;ALARES LOJA;DEVOLUCAO EQUIP LOJA BOTELHOS;CDL POCOS DE CALDAS - LABORATORIO;ALARES LABORATORIO;voluntaria;WIFI 6;2
JUL/2026;29/07/2026;RN;ALARES LOJA;ALARES LOJA;DEVOLUCAO EQUIP LOJA PARNAMIRIM;CDL NATAL - LABORATORIO;ALARES LABORATORIO;Sem.Info;OUTROS;4
JUL/2026;29/07/2026;RN;ALARES LOJA;ALARES LOJA;DEVOLUCAO EQUIP LOJA NATAL;CDL NATAL - LABORATORIO;ALARES LABORATORIO;Sem.Info;WIFI 5;2
JUL/2026;29/07/2026;RN;ALARES LOJA;ALARES LOJA;DEVOLUCAO EQUIP LOJA PARNAMIRIM;CDL NATAL - LABORATORIO;ALARES LABORATORIO;Sem.Info;WIFI 5;3
JUL/2026;29/07/2026;RN;ALARES LOJA;ALARES LOJA;DEVOLUCAO EQUIP LOJA NATAL;CDL NATAL - LABORATORIO;ALARES LABORATORIO;voluntaria;WIFI 5;5
JUL/2026;29/07/2026;RN;ALARES LOJA;ALARES LOJA;DEVOLUCAO EQUIP LOJA NATAL;CDL NATAL - LABORATORIO;ALARES LABORATORIO;voluntaria;WIFI 6;9
JUL/2026;29/07/2026;SP-ITV;ALARES LOJA;ALARES LOJA;DEVOLUCAO LOJAS ERRO ITUPEVA - GMUD;CDL ITUPEVA - LABORATORIO;ALARES CDL;Sem.Info;WIFI 5;7
JUL/2026;29/07/2026;SP-ITV;ALARES LOJA;ALARES LOJA;DEVOLUCAO LOJAS ERRO ITUPEVA - GMUD;CDL ITUPEVA - LABORATORIO;ALARES CDL;Sem.Info;WIFI 6;1
JUL/2026;29/07/2026;SP-ORN;ALARES LOJA;ALARES LOJA;DEVOLUCAO EQUIP LOJA CACONDE;CDL POCOS DE CALDAS - LABORATORIO;ALARES LABORATORIO;involuntaria;WIFI 5;1
JUL/2026;29/07/2026;SP-ORN;ALARES LOJA;ALARES LOJA;DEVOLUCAO EQUIP LOJA CACONDE;CDL POCOS DE CALDAS - LABORATORIO;ALARES LABORATORIO;involuntaria;WIFI 6;1
JUL/2026;29/07/2026;SP-ORN;ALARES LOJA;ALARES LOJA;DEVOLUCAO EQUIP LOJA JACAREZINHO;CDL POCOS DE CALDAS - LABORATORIO;ALARES LABORATORIO;voluntaria;OUTROS;1
JUL/2026;29/07/2026;SP-ORN;ALARES LOJA;ALARES LOJA;DEVOLUCAO EQUIP LOJA CACONDE;CDL POCOS DE CALDAS - LABORATORIO;ALARES LABORATORIO;voluntaria;OUTROS;4
JUL/2026;29/07/2026;SP-ORN;ALARES LOJA;ALARES LOJA;DEVOLUCAO EQUIP LOJA JACAREZINHO;CDL POCOS DE CALDAS - LABORATORIO;ALARES LABORATORIO;voluntaria;WIFI 5;1
JUL/2026;29/07/2026;SP-ORN;ALARES LOJA;ALARES LOJA;DEVOLUCAO EQUIP LOJA CACONDE;CDL POCOS DE CALDAS - LABORATORIO;ALARES LABORATORIO;voluntaria;WIFI 5;4
JUL/2026;29/07/2026;SP-ORN;ALARES LOJA;ALARES LOJA;DEVOLUCAO EQUIP LOJA ASSIS;CDL POCOS DE CALDAS - LABORATORIO;ALARES LABORATORIO;voluntaria;WIFI 5;1
JUL/2026;29/07/2026;SP-ORN;ALARES LOJA;ALARES LOJA;DEVOLUCAO EQUIP LOJA CACONDE;CDL POCOS DE CALDAS - LABORATORIO;ALARES LABORATORIO;voluntaria;WIFI 6;2
JUL/2026;29/07/2026;SP-ORN;ALARES LOJA;ALARES LOJA;DEVOLUCAO EQUIP LOJA PEDRO DE TOLEDO;CDL REGISTRO - LABORATORIO;ALARES LABORATORIO;Sem.Info;WIFI 5;10
JUL/2026;29/07/2026;SP-ORN;ALARES LOJA;ALARES LOJA;DEVOLUCAO EQUIP LOJA PEDRO DE TOLEDO;CDL REGISTRO - LABORATORIO;ALARES LABORATORIO;involuntaria;WIFI 6;1
JUL/2026;29/07/2026;SP-ORN;ALARES LOJA;ALARES LOJA;DEVOLUCAO EQUIP LOJA PEDRO DE TOLEDO;CDL REGISTRO - LABORATORIO;ALARES LABORATORIO;voluntaria;WIFI 5;7
JUL/2026;29/07/2026;SP-ORN;ALARES LOJA;ALARES LOJA;DEVOLUCAO EQUIP LOJA PEDRO DE TOLEDO;CDL REGISTRO - LABORATORIO;ALARES LABORATORIO;voluntaria;WIFI 6;1
JUL/2026;29/07/2026;SP-ORN;TELECOM;TERCEIROS COLETA;EMP ORN REV TELECOM FERNANDA SOARES;CDL OURINHOS - LABORATORIO;ALARES LABORATORIO;Sem.Info;OUTROS;1
JUL/2026;29/07/2026;SP-ORN;TELECOM;TERCEIROS COLETA;EMP ORN REV TELECOM FERNANDA SOARES;CDL OURINHOS - LABORATORIO;ALARES LABORATORIO;Sem.Info;WIFI 5;15
JUL/2026;29/07/2026;SP-ORN;TELECOM;TERCEIROS COLETA;EMP ORN REV TELECOM FERNANDA SOARES;CDL OURINHOS - LABORATORIO;ALARES LABORATORIO;Sem.Info;WIFI 6;4
JUL/2026;29/07/2026;SP-ORN;TELECOM;TERCEIROS COLETA;EMP ORN REV TELECOM FERNANDA SOARES;CDL OURINHOS - LABORATORIO;ALARES LABORATORIO;involuntaria;OUTROS;38
JUL/2026;29/07/2026;SP-ORN;TELECOM;TERCEIROS COLETA;EMP ORN REV TELECOM FERNANDA SOARES;CDL OURINHOS - LABORATORIO;ALARES LABORATORIO;involuntaria;WIFI 5;490
JUL/2026;29/07/2026;SP-ORN;TELECOM;TERCEIROS COLETA;EMP ORN REV TELECOM FERNANDA SOARES;CDL OURINHOS - LABORATORIO;ALARES LABORATORIO;involuntaria;WIFI 6;261
JUL/2026;29/07/2026;SP-ORN;TELECOM;TERCEIROS COLETA;EMP ORN REV TELECOM FERNANDA SOARES;CDL OURINHOS - LABORATORIO;ALARES LABORATORIO;voluntaria;OUTROS;86
JUL/2026;29/07/2026;SP-ORN;TELECOM;TERCEIROS COLETA;EMP ORN REV TELECOM FERNANDA SOARES;CDL OURINHOS - LABORATORIO;ALARES LABORATORIO;voluntaria;WIFI 5;803
JUL/2026;29/07/2026;SP-ORN;TELECOM;TERCEIROS COLETA;EMP ORN REV TELECOM FERNANDA SOARES;CDL OURINHOS - LABORATORIO;ALARES LABORATORIO;voluntaria;WIFI 6;318
JUL/2026;29/07/2026;SP-SOC;ALARES LOJA;ALARES LOJA;DEVOLUCAO EQUIP LOJA SOROCABA;CDL ITUPEVA - LABORATORIO;ALARES CDL;Sem.Info;WIFI 5;18
JUL/2026;29/07/2026;SP-SOC;ALARES LOJA;ALARES LOJA;DEVOLUCAO EQUIP LOJA IBIUNA;CDL ITUPEVA - LABORATORIO;ALARES CDL;voluntaria;OUTROS;1
JUL/2026;29/07/2026;SP-SOC;ALARES LOJA;ALARES LOJA;DEVOLUCAO EQUIP LOJA SOROCABA;CDL ITUPEVA - LABORATORIO;ALARES CDL;voluntaria;OUTROS;1
JUL/2026;29/07/2026;SP-SOC;ALARES LOJA;ALARES LOJA;DEVOLUCAO EQUIP LOJA SOROCABA;CDL ITUPEVA - LABORATORIO;ALARES CDL;voluntaria;WIFI 5;15
JUL/2026;29/07/2026;SP-SOC;ALARES LOJA;ALARES LOJA;DEVOLUCAO EQUIP LOJA SOROCABA;CDL ITUPEVA - LABORATORIO;ALARES CDL;voluntaria;WIFI 6;6
JUL/2026;29/07/2026;SP-SOC;CRH;TERCEIROS COLETA;EMP ITV REV CRH CAROLAYNE OLIVEIRA;CDL ITUPEVA - ERRO DE CADASTRO;ALARES CDL;voluntaria;WIFI 5;1
JUL/2026;29/07/2026;SP-SOC;DEROYQUE;TERCEIROS COLETA;EMP PCS REV DEROYQUE - PRINCIPAL;CDL ITUPEVA - LABORATORIO;ALARES CDL;Sem.Info;WIFI 5;1
JUL/2026;29/07/2026;SP-SOC;DEROYQUE;TERCEIROS COLETA;EMP PCS REV DEROYQUE - PRINCIPAL;CDL ITUPEVA - LABORATORIO;ALARES CDL;involuntaria;WIFI 5;11
JUL/2026;29/07/2026;SP-SOC;DEROYQUE;TERCEIROS COLETA;EMP PCS REV DEROYQUE - PRINCIPAL;CDL ITUPEVA - LABORATORIO;ALARES CDL;involuntaria;WIFI 6;5
JUL/2026;29/07/2026;SP-SOC;DEROYQUE;TERCEIROS COLETA;EMP PCS REV DEROYQUE - PRINCIPAL;CDL ITUPEVA - LABORATORIO;ALARES CDL;voluntaria;WIFI 5;39
JUL/2026;29/07/2026;SP-SOC;DEROYQUE;TERCEIROS COLETA;EMP PCS REV DEROYQUE - PRINCIPAL;CDL ITUPEVA - LABORATORIO;ALARES CDL;voluntaria;WIFI 6;19
JUL/2026;28/07/2026;CE;ALARES LOJA;ALARES LOJA;DEVOLUCAO EQUIP LOJA SAO GONCALO DO AMARANTE;CDL NATAL - LABORATORIO;ALARES LABORATORIO;Sem.Info;WIFI 5;1
JUL/2026;28/07/2026;CE;REPARO ELETROS;TERCEIROS COLETA;EMP FLA REV REPARO ELETROS JADSON ITALO;CDL FORTALEZA - LABORATORIO;ALARES LABORATORIO;Sem.Info;IPTV;3
JUL/2026;28/07/2026;CE;REPARO ELETROS;TERCEIROS COLETA;EMP FLA REV REPARO ELETROS JADSON ITALO;CDL FORTALEZA - LABORATORIO;ALARES LABORATORIO;involuntaria;IPTV;1
JUL/2026;28/07/2026;CE;REPARO ELETROS;TERCEIROS COLETA;EMP FLA REV REPARO ELETROS JADSON ITALO;CDL FORTALEZA - LABORATORIO;ALARES LABORATORIO;involuntaria;OUTROS;1
JUL/2026;28/07/2026;CE;REPARO ELETROS;TERCEIROS COLETA;EMP FLA REV REPARO ELETROS JADSON ITALO;CDL FORTALEZA - LABORATORIO;ALARES LABORATORIO;involuntaria;WIFI 5;3
JUL/2026;28/07/2026;CE;REPARO ELETROS;TERCEIROS COLETA;EMP FLA REV REPARO ELETROS JADSON ITALO;CDL FORTALEZA - LABORATORIO;ALARES LABORATORIO;involuntaria;WIFI 6;2
JUL/2026;28/07/2026;CE;REPARO ELETROS;TERCEIROS COLETA;EMP FLA REV REPARO ELETROS JADSON ITALO;CDL FORTALEZA - LABORATORIO;ALARES LABORATORIO;voluntaria;IPTV;19
JUL/2026;28/07/2026;CE;REPARO ELETROS;TERCEIROS COLETA;EMP FLA REV REPARO ELETROS JADSON ITALO;CDL FORTALEZA - LABORATORIO;ALARES LABORATORIO;voluntaria;OUTROS;1
JUL/2026;28/07/2026;CE;REPARO ELETROS;TERCEIROS COLETA;EMP FLA REV REPARO ELETROS JADSON ITALO;CDL FORTALEZA - LABORATORIO;ALARES LABORATORIO;voluntaria;WIFI 5;43
JUL/2026;28/07/2026;CE;REPARO ELETROS;TERCEIROS COLETA;EMP FLA REV REPARO ELETROS JADSON ITALO;CDL FORTALEZA - LABORATORIO;ALARES LABORATORIO;voluntaria;WIFI 6;45
JUL/2026;28/07/2026;MG;ALARES LOJA;ALARES LOJA;DEVOLUCAO EQUIP LOJA ALFENAS;CDL POCOS DE CALDAS - LABORATORIO;ALARES LABORATORIO;Sem.Info;OUTROS;6
JUL/2026;28/07/2026;MG;ALARES LOJA;ALARES LOJA;DEVOLUCAO EQUIP LOJA DIVISA NOVA;CDL POCOS DE CALDAS - LABORATORIO;ALARES LABORATORIO;Sem.Info;OUTROS;3
JUL/2026;28/07/2026;MG;ALARES LOJA;ALARES LOJA;DEVOLUCAO EQUIP LOJA SERRANIA;CDL POCOS DE CALDAS - LABORATORIO;ALARES LABORATORIO;Sem.Info;OUTROS;1
JUL/2026;28/07/2026;MG;ALARES LOJA;ALARES LOJA;DEVOLUCAO EQUIP LOJA ALFENAS;CDL POCOS DE CALDAS - LABORATORIO;ALARES LABORATORIO;Sem.Info;WIFI 5;16
JUL/2026;28/07/2026;MG;ALARES LOJA;ALARES LOJA;DEVOLUCAO EQUIP LOJA DIVISA NOVA;CDL POCOS DE CALDAS - LABORATORIO;ALARES LABORATORIO;Sem.Info;WIFI 5;6
JUL/2026;28/07/2026;MG;ALARES LOJA;ALARES LOJA;DEVOLUCAO EQUIP LOJA ALFENAS;CDL POCOS DE CALDAS - LABORATORIO;ALARES LABORATORIO;Sem.Info;WIFI 6;2
JUL/2026;28/07/2026;MG;ALARES LOJA;ALARES LOJA;DEVOLUCAO EQUIP LOJA ALFENAS;CDL POCOS DE CALDAS - LABORATORIO;ALARES LABORATORIO;involuntaria;OUTROS;1
JUL/2026;28/07/2026;MG;ALARES LOJA;ALARES LOJA;DEVOLUCAO EQUIP LOJA ALFENAS;CDL POCOS DE CALDAS - LABORATORIO;ALARES LABORATORIO;involuntaria;WIFI 5;3
JUL/2026;28/07/2026;MG;ALARES LOJA;ALARES LOJA;DEVOLUCAO EQUIP LOJA ALFENAS;CDL POCOS DE CALDAS - LABORATORIO;ALARES LABORATORIO;involuntaria;WIFI 6;3
JUL/2026;28/07/2026;MG;ALARES LOJA;ALARES LOJA;DEVOLUCAO EQUIP LOJA SERRANIA;CDL POCOS DE CALDAS - LABORATORIO;ALARES LABORATORIO;involuntaria;WIFI 6;3
JUL/2026;28/07/2026;MG;ALARES LOJA;ALARES LOJA;DEVOLUCAO EQUIP LOJA ALFENAS;CDL POCOS DE CALDAS - LABORATORIO;ALARES LABORATORIO;voluntaria;OUTROS;12
JUL/2026;28/07/2026;MG;ALARES LOJA;ALARES LOJA;DEVOLUCAO EQUIP LOJA POCOS DE CALDAS;CDL POCOS DE CALDAS - LABORATORIO;ALARES LABORATORIO;voluntaria;OUTROS;3
JUL/2026;28/07/2026;MG;ALARES LOJA;ALARES LOJA;DEVOLUCAO EQUIP LOJA POCOS DE CALDAS;CDL POCOS DE CALDAS - LABORATORIO;ALARES LABORATORIO;voluntaria;WIFI 5;2
JUL/2026;28/07/2026;MG;ALARES LOJA;ALARES LOJA;DEVOLUCAO EQUIP LOJA SERRANIA;CDL POCOS DE CALDAS - LABORATORIO;ALARES LABORATORIO;voluntaria;WIFI 5;13
JUL/2026;28/07/2026;MG;ALARES LOJA;ALARES LOJA;DEVOLUCAO EQUIP LOJA MACHADO;CDL POCOS DE CALDAS - LABORATORIO;ALARES LABORATORIO;voluntaria;WIFI 5;3
JUL/2026;28/07/2026;MG;ALARES LOJA;ALARES LOJA;DEVOLUCAO EQUIP LOJA ALFENAS;CDL POCOS DE CALDAS - LABORATORIO;ALARES LABORATORIO;voluntaria;WIFI 5;75
JUL/2026;28/07/2026;MG;ALARES LOJA;ALARES LOJA;DEVOLUCAO EQUIP LOJA PARAGUACU;CDL POCOS DE CALDAS - LABORATORIO;ALARES LABORATORIO;voluntaria;WIFI 5;1
JUL/2026;28/07/2026;MG;ALARES LOJA;ALARES LOJA;DEVOLUCAO EQUIP LOJA SERRANIA;CDL POCOS DE CALDAS - LABORATORIO;ALARES LABORATORIO;voluntaria;WIFI 6;5
JUL/2026;28/07/2026;MG;ALARES LOJA;ALARES LOJA;DEVOLUCAO EQUIP LOJA ALFENAS;CDL POCOS DE CALDAS - LABORATORIO;ALARES LABORATORIO;voluntaria;WIFI 6;39
JUL/2026;28/07/2026;MG;ALARES LOJA;ALARES LOJA;DEVOLUCAO EQUIP LOJA MACHADO;CDL POCOS DE CALDAS - LABORATORIO;ALARES LABORATORIO;voluntaria;WIFI 6;3
JUL/2026;28/07/2026;MG;ALARES LOJA;ALARES LOJA;DEVOLUCAO EQUIP LOJA POCOS DE CALDAS;CDL POCOS DE CALDAS - LABORATORIO;ALARES LABORATORIO;voluntaria;WIFI 6;1
JUL/2026;28/07/2026;MG;JL - MG;TERCEIROS COLETA;EMP PCS REV JL - ROSELANE FRANCISCA;CDL POCOS DE CALDAS - LABORATORIO;ALARES LABORATORIO;Sem.Info;OUTROS;1
JUL/2026;28/07/2026;PB;DEBORAH BRUNA;TERCEIROS COLETA;EMP JPA REV DB - DEBORAH BRUNA;CDL JOAO PESSOA - LABORATORIO;ALARES LABORATORIO;Sem.Info;WIFI 5;3
JUL/2026;28/07/2026;PB;DEBORAH BRUNA;TERCEIROS COLETA;EMP JPA REV DB - DEBORAH BRUNA;CDL JOAO PESSOA - LABORATORIO;ALARES LABORATORIO;Sem.Info;WIFI 6;2
JUL/2026;28/07/2026;PB;DEBORAH BRUNA;TERCEIROS COLETA;EMP JPA REV DB - DEBORAH BRUNA;CDL JOAO PESSOA - LABORATORIO;ALARES LABORATORIO;involuntaria;WIFI 5;3
JUL/2026;28/07/2026;PB;DEBORAH BRUNA;TERCEIROS COLETA;EMP JPA REV DB - DEBORAH BRUNA;CDL JOAO PESSOA - LABORATORIO;ALARES LABORATORIO;involuntaria;WIFI 6;14
JUL/2026;28/07/2026;PB;DEBORAH BRUNA;TERCEIROS COLETA;EMP JPA REV DB - DEBORAH BRUNA;CDL JOAO PESSOA - LABORATORIO;ALARES LABORATORIO;voluntaria;OUTROS;1
JUL/2026;28/07/2026;PB;DEBORAH BRUNA;TERCEIROS COLETA;EMP JPA REV DB - DEBORAH BRUNA;CDL JOAO PESSOA - LABORATORIO;ALARES LABORATORIO;voluntaria;WIFI 5;21
JUL/2026;28/07/2026;PB;DEBORAH BRUNA;TERCEIROS COLETA;EMP JPA REV DB - DEBORAH BRUNA;CDL JOAO PESSOA - LABORATORIO;ALARES LABORATORIO;voluntaria;WIFI 6;31
JUL/2026;28/07/2026;RN;ALARES LOJA;ALARES LOJA;DEVOLUCAO EQUIP LOJA NATAL;CDL NATAL - LABORATORIO;ALARES LABORATORIO;Sem.Info;OUTROS;5
JUL/2026;28/07/2026;RN;ALARES LOJA;ALARES LOJA;DEVOLUCAO EQUIP LOJA PARNAMIRIM;CDL NATAL - LABORATORIO;ALARES LABORATORIO;Sem.Info;WIFI 5;5
JUL/2026;28/07/2026;RN;ALARES LOJA;ALARES LOJA;DEVOLUCAO EQUIP LOJA NATAL;CDL NATAL - LABORATORIO;ALARES LABORATORIO;Sem.Info;WIFI 5;8
JUL/2026;28/07/2026;RN;ALARES LOJA;ALARES LOJA;DEVOLUCAO EQUIP LOJA PARNAMIRIM;CDL NATAL - LABORATORIO;ALARES LABORATORIO;Sem.Info;WIFI 6;1
JUL/2026;28/07/2026;RN;ALARES LOJA;ALARES LOJA;DEVOLUCAO EQUIP LOJA PARNAMIRIM;CDL NATAL - LABORATORIO;ALARES LABORATORIO;voluntaria;IPTV;1
JUL/2026;28/07/2026;RN;ALARES LOJA;ALARES LOJA;DEVOLUCAO EQUIP LOJA NATAL;CDL NATAL - LABORATORIO;ALARES LABORATORIO;voluntaria;IPTV;4
JUL/2026;28/07/2026;RN;ALARES LOJA;ALARES LOJA;DEVOLUCAO EQUIP LOJA NATAL;CDL NATAL - LABORATORIO;ALARES LABORATORIO;voluntaria;OUTROS;1
JUL/2026;28/07/2026;RN;ALARES LOJA;ALARES LOJA;DEVOLUCAO EQUIP LOJA NATAL;CDL NATAL - LABORATORIO;ALARES LABORATORIO;voluntaria;WIFI 5;13
JUL/2026;28/07/2026;RN;ALARES LOJA;ALARES LOJA;DEVOLUCAO EQUIP LOJA PARNAMIRIM;CDL NATAL - LABORATORIO;ALARES LABORATORIO;voluntaria;WIFI 5;5
JUL/2026;28/07/2026;RN;ALARES LOJA;ALARES LOJA;DEVOLUCAO EQUIP LOJA NATAL;CDL NATAL - LABORATORIO;ALARES LABORATORIO;voluntaria;WIFI 6;16
JUL/2026;28/07/2026;RN;ALARES LOJA;ALARES LOJA;DEVOLUCAO EQUIP LOJA PARNAMIRIM;CDL NATAL - LABORATORIO;ALARES LABORATORIO;voluntaria;WIFI 6;3
JUL/2026;28/07/2026;RN;NDR;TERCEIROS COLETA;EMP NTL REV NDR - PRINCIPAL;CDL NATAL - LABORATORIO;ALARES LABORATORIO;Sem.Info;OUTROS;1
JUL/2026;28/07/2026;RN;NDR;TERCEIROS COLETA;EMP NTL REV NDR - PRINCIPAL;CDL NATAL - LABORATORIO;ALARES LABORATORIO;Sem.Info;WIFI 5;1
JUL/2026;28/07/2026;RN;NDR;TERCEIROS COLETA;EMP NTL REV NDR - PRINCIPAL;CDL NATAL - LABORATORIO;ALARES LABORATORIO;involuntaria;IPTV;1
JUL/2026;28/07/2026;RN;NDR;TERCEIROS COLETA;EMP NTL REV NDR - PRINCIPAL;CDL NATAL - LABORATORIO;ALARES LABORATORIO;involuntaria;OUTROS;2
JUL/2026;28/07/2026;RN;NDR;TERCEIROS COLETA;EMP NTL REV NDR - PRINCIPAL;CDL NATAL - LABORATORIO;ALARES LABORATORIO;involuntaria;WIFI 5;22
JUL/2026;28/07/2026;RN;NDR;TERCEIROS COLETA;EMP NTL REV NDR - PRINCIPAL;CDL NATAL - LABORATORIO;ALARES LABORATORIO;involuntaria;WIFI 6;37
JUL/2026;28/07/2026;RN;NDR;TERCEIROS COLETA;EMP NTL REV NDR - PRINCIPAL;CDL NATAL - LABORATORIO;ALARES LABORATORIO;voluntaria;IPTV;29
JUL/2026;28/07/2026;RN;NDR;TERCEIROS COLETA;EMP NTL REV NDR - PRINCIPAL;CDL NATAL - LABORATORIO;ALARES LABORATORIO;voluntaria;OUTROS;29
JUL/2026;28/07/2026;RN;NDR;TERCEIROS COLETA;EMP NTL REV NDR - PRINCIPAL;CDL NATAL - LABORATORIO;ALARES LABORATORIO;voluntaria;WIFI 5;142
JUL/2026;28/07/2026;RN;NDR;TERCEIROS COLETA;EMP NTL REV NDR - PRINCIPAL;CDL NATAL - LABORATORIO;ALARES LABORATORIO;voluntaria;WIFI 6;139
JUL/2026;28/07/2026;SP-MOC;ALARES LOJA;ALARES LOJA;DEVOLUCAO EQUIP LOJA ARARAS;CDL ITUPEVA - LABORATORIO;ALARES CDL;Sem.Info;WIFI 6;1
JUL/2026;28/07/2026;SP-MOC;ALARES LOJA;ALARES LOJA;DEVOLUCAO EQUIP LOJA LIMEIRA;CDL ITUPEVA - LABORATORIO;ALARES CDL;involuntaria;WIFI 5;1
JUL/2026;28/07/2026;SP-MOC;ALARES LOJA;ALARES LOJA;DEVOLUCAO EQUIP LOJA LIMEIRA;CDL ITUPEVA - LABORATORIO;ALARES CDL;involuntaria;WIFI 6;1
JUL/2026;28/07/2026;SP-MOC;ALARES LOJA;ALARES LOJA;DEVOLUCAO EQUIP LOJA LIMEIRA;CDL ITUPEVA - LABORATORIO;ALARES CDL;voluntaria;WIFI 5;1
JUL/2026;28/07/2026;SP-MOC;ALARES LOJA;ALARES LOJA;DEVOLUCAO EQUIP LOJA ARARAS;CDL ITUPEVA - LABORATORIO;ALARES CDL;voluntaria;WIFI 6;7
JUL/2026;28/07/2026;SP-MOC;ALARES LOJA;ALARES LOJA;DEVOLUCAO EQUIP LOJA LIMEIRA;CDL ITUPEVA - LABORATORIO;ALARES CDL;voluntaria;WIFI 6;15
JUL/2026;28/07/2026;SP-ORN;ALARES LOJA;ALARES LOJA;DEVOLUCAO EQUIP LOJA JACAREZINHO;CDL OURINHOS - LABORATORIO;ALARES LABORATORIO;voluntaria;OUTROS;2
JUL/2026;28/07/2026;SP-ORN;ALARES LOJA;ALARES LOJA;DEVOLUCAO EQUIP LOJA OURINHOS;CDL OURINHOS - LABORATORIO;ALARES LABORATORIO;voluntaria;OUTROS;8
JUL/2026;28/07/2026;SP-ORN;ALARES LOJA;ALARES LOJA;DEVOLUCAO EQUIP LOJA JACAREZINHO;CDL OURINHOS - LABORATORIO;ALARES LABORATORIO;voluntaria;WIFI 5;3
JUL/2026;28/07/2026;SP-ORN;ALARES LOJA;ALARES LOJA;DEVOLUCAO EQUIP LOJA OURINHOS;CDL OURINHOS - LABORATORIO;ALARES LABORATORIO;voluntaria;WIFI 5;31
JUL/2026;28/07/2026;SP-ORN;ALARES LOJA;ALARES LOJA;DEVOLUCAO EQUIP LOJA TAQUARITUBA;CDL OURINHOS - LABORATORIO;ALARES LABORATORIO;voluntaria;WIFI 5;1
JUL/2026;28/07/2026;SP-ORN;ALARES LOJA;ALARES LOJA;DEVOLUCAO EQUIP LOJA TAQUARITUBA;CDL OURINHOS - LABORATORIO;ALARES LABORATORIO;voluntaria;WIFI 6;1
JUL/2026;28/07/2026;SP-ORN;ALARES LOJA;ALARES LOJA;DEVOLUCAO EQUIP LOJA JACAREZINHO;CDL OURINHOS - LABORATORIO;ALARES LABORATORIO;voluntaria;WIFI 6;1
JUL/2026;28/07/2026;SP-ORN;ALARES LOJA;ALARES LOJA;DEVOLUCAO EQUIP LOJA OURINHOS;CDL OURINHOS - LABORATORIO;ALARES LABORATORIO;voluntaria;WIFI 6;12
JUL/2026;28/07/2026;SP-ORN;JOAO MANTOAN;TERCEIROS COLETA;EMP ORN REV JM JOAO MANTOAN;CDL OURINHOS - LABORATORIO;ALARES LABORATORIO;Sem.Info;WIFI 5;3
JUL/2026;28/07/2026;SP-ORN;JOAO MANTOAN;TERCEIROS COLETA;EMP ORN REV JM JOAO MANTOAN;CDL OURINHOS - LABORATORIO;ALARES LABORATORIO;Sem.Info;WIFI 6;3
JUL/2026;28/07/2026;SP-ORN;JOAO MANTOAN;TERCEIROS COLETA;EMP ORN REV JM JOAO MANTOAN;CDL OURINHOS - LABORATORIO;ALARES LABORATORIO;involuntaria;OUTROS;13
JUL/2026;28/07/2026;SP-ORN;JOAO MANTOAN;TERCEIROS COLETA;EMP ORN REV JM JOAO MANTOAN;CDL OURINHOS - LABORATORIO;ALARES LABORATORIO;involuntaria;WIFI 5;80
JUL/2026;28/07/2026;SP-ORN;JOAO MANTOAN;TERCEIROS COLETA;EMP ORN REV JM JOAO MANTOAN;CDL OURINHOS - LABORATORIO;ALARES LABORATORIO;involuntaria;WIFI 6;37
JUL/2026;28/07/2026;SP-ORN;JOAO MANTOAN;TERCEIROS COLETA;EMP ORN REV JM JOAO MANTOAN;CDL OURINHOS - LABORATORIO;ALARES LABORATORIO;voluntaria;OUTROS;63
JUL/2026;28/07/2026;SP-ORN;JOAO MANTOAN;TERCEIROS COLETA;EMP ORN REV JM JOAO MANTOAN;CDL OURINHOS - LABORATORIO;ALARES LABORATORIO;voluntaria;WIFI 5;184
JUL/2026;28/07/2026;SP-ORN;JOAO MANTOAN;TERCEIROS COLETA;EMP ORN REV JM JOAO MANTOAN;CDL OURINHOS - LABORATORIO;ALARES LABORATORIO;voluntaria;WIFI 6;59
JUL/2026;28/07/2026;SP-SPR;ALARES LOJA;ALARES LOJA;DEVOLUCAO EQUIP LOJA SALTO DE PIRAPORA;CDL ITUPEVA - LABORATORIO;ALARES CDL;Sem.Info;WIFI 6;1
JUL/2026;28/07/2026;SP-SPR;ALARES LOJA;ALARES LOJA;DEVOLUCAO EQUIP LOJA ARACOIABA DA SERRA;CDL ITUPEVA - LABORATORIO;ALARES CDL;voluntaria;WIFI 6;8
JUL/2026;28/07/2026;SP-SPR;ALARES LOJA;ALARES LOJA;DEVOLUCAO EQUIP LOJA SARAPUI;CDL ITUPEVA - LABORATORIO;ALARES CDL;voluntaria;WIFI 6;3
JUL/2026;27/07/2026;MG;LVMOTOBOY;TERCEIROS COLETA;EMP PCS REV LV MOTOBOY - VANESSA LIMA;CDL POCOS DE CALDAS - ERRO DE CADASTRO SISTEMICO;ALARES DIVERSOS;voluntaria;OUTROS;1
JUL/2026;27/07/2026;MG;LVMOTOBOY;TERCEIROS COLETA;EMP PCS REV LV MOTOBOY - VANESSA LIMA;CDL POCOS DE CALDAS - ERRO DE CADASTRO SISTEMICO;ALARES DIVERSOS;voluntaria;WIFI 5;2
JUL/2026;27/07/2026;SP-MOC;ALARES LOJA;ALARES LOJA;ALARES - EQUIPE SAC;CDL OURINHOS - LABORATORIO;ALARES LABORATORIO;Sem.Info;OUTROS;1
JUL/2026;27/07/2026;SP-MOC;ALARES LOJA;ALARES LOJA;ALARES - EQUIPE SAC;CDL OURINHOS - LABORATORIO;ALARES LABORATORIO;involuntaria;WIFI 5;2
JUL/2026;27/07/2026;SP-MOC;ALARES LOJA;ALARES LOJA;ALARES - EQUIPE SAC;CDL OURINHOS - LABORATORIO;ALARES LABORATORIO;involuntaria;WIFI 6;1
JUL/2026;27/07/2026;SP-MOC;ALARES LOJA;ALARES LOJA;ALARES - EQUIPE SAC;CDL OURINHOS - LABORATORIO;ALARES LABORATORIO;voluntaria;OUTROS;7
JUL/2026;27/07/2026;SP-MOC;ALARES LOJA;ALARES LOJA;ALARES - EQUIPE SAC;CDL OURINHOS - LABORATORIO;ALARES LABORATORIO;voluntaria;WIFI 5;12
JUL/2026;27/07/2026;SP-MOC;ALARES LOJA;ALARES LOJA;ALARES - EQUIPE SAC;CDL OURINHOS - LABORATORIO;ALARES LABORATORIO;voluntaria;WIFI 6;8
JUL/2026;27/07/2026;SP-ORN;ALARES LOJA;ALARES LOJA;DEVOLUCAO EQUIP LOJA SANTO A D PLATINA;CDL OURINHOS - LABORATORIO;ALARES LABORATORIO;Sem.Info;WIFI 5;1
JUL/2026;27/07/2026;SP-ORN;ALARES LOJA;ALARES LOJA;DEVOLUCAO EQUIP LOJA PALMITAL;CDL OURINHOS - LABORATORIO;ALARES LABORATORIO;involuntaria;WIFI 5;1
JUL/2026;27/07/2026;SP-ORN;ALARES LOJA;ALARES LOJA;DEVOLUCAO EQUIP LOJA PALMITAL;CDL OURINHOS - LABORATORIO;ALARES LABORATORIO;involuntaria;WIFI 6;1
JUL/2026;27/07/2026;SP-ORN;ALARES LOJA;ALARES LOJA;DEVOLUCAO EQUIP LOJA BERNARDINO DE CAMPOS;CDL OURINHOS - LABORATORIO;ALARES LABORATORIO;voluntaria;OUTROS;2
JUL/2026;27/07/2026;SP-ORN;ALARES LOJA;ALARES LOJA;DEVOLUCAO EQUIP LOJA SANTA C DO RIO PARDO;CDL OURINHOS - LABORATORIO;ALARES LABORATORIO;voluntaria;OUTROS;2
JUL/2026;27/07/2026;SP-ORN;ALARES LOJA;ALARES LOJA;DEVOLUCAO EQUIP LOJA IPAUSSU;CDL OURINHOS - LABORATORIO;ALARES LABORATORIO;voluntaria;OUTROS;3
JUL/2026;27/07/2026;SP-ORN;ALARES LOJA;ALARES LOJA;DEVOLUCAO EQUIP LOJA IPAUSSU;CDL OURINHOS - LABORATORIO;ALARES LABORATORIO;voluntaria;WIFI 5;11
JUL/2026;27/07/2026;SP-ORN;ALARES LOJA;ALARES LOJA;DEVOLUCAO EQUIP LOJA SANTO A D PLATINA;CDL OURINHOS - LABORATORIO;ALARES LABORATORIO;voluntaria;WIFI 5;8
JUL/2026;27/07/2026;SP-ORN;ALARES LOJA;ALARES LOJA;DEVOLUCAO EQUIP LOJA SANTA C DO RIO PARDO;CDL OURINHOS - LABORATORIO;ALARES LABORATORIO;voluntaria;WIFI 5;5
JUL/2026;27/07/2026;SP-ORN;ALARES LOJA;ALARES LOJA;DEVOLUCAO EQUIP LOJA OURINHOS;CDL OURINHOS - LABORATORIO;ALARES LABORATORIO;voluntaria;WIFI 5;2
JUL/2026;27/07/2026;SP-ORN;ALARES LOJA;ALARES LOJA;DEVOLUCAO EQUIP LOJA ITAPETININGA;CDL OURINHOS - LABORATORIO;ALARES LABORATORIO;voluntaria;WIFI 5;2
JUL/2026;27/07/2026;SP-ORN;ALARES LOJA;ALARES LOJA;DEVOLUCAO EQUIP LOJA JACAREZINHO;CDL OURINHOS - LABORATORIO;ALARES LABORATORIO;voluntaria;WIFI 5;5
JUL/2026;27/07/2026;SP-ORN;ALARES LOJA;ALARES LOJA;DEVOLUCAO EQUIP LOJA SANTO A D PLATINA;CDL OURINHOS - LABORATORIO;ALARES LABORATORIO;voluntaria;WIFI 6;3
JUL/2026;27/07/2026;SP-ORN;ALARES LOJA;ALARES LOJA;DEVOLUCAO EQUIP LOJA SANTA C DO RIO PARDO;CDL OURINHOS - LABORATORIO;ALARES LABORATORIO;voluntaria;WIFI 6;2
JUL/2026;27/07/2026;SP-ORN;ALARES LOJA;ALARES LOJA;DEVOLUCAO EQUIP LOJA BERNARDINO DE CAMPOS;CDL OURINHOS - LABORATORIO;ALARES LABORATORIO;voluntaria;WIFI 6;2
JUL/2026;27/07/2026;SP-ORN;ALARES LOJA;ALARES LOJA;DEVOLUCAO EQUIP LOJA ITAPETININGA;CDL OURINHOS - LABORATORIO;ALARES LABORATORIO;voluntaria;WIFI 6;2
JUL/2026;27/07/2026;SP-ORN;ALARES LOJA;ALARES LOJA;DEVOLUCAO EQUIP LOJA IPAUSSU;CDL OURINHOS - LABORATORIO;ALARES LABORATORIO;voluntaria;WIFI 6;4
JUL/2026;27/07/2026;SP-ORN;ALARES LOJA;ALARES LOJA;DEVOLUCAO EQUIP LOJA JACAREZINHO;CDL OURINHOS - LABORATORIO;ALARES LABORATORIO;voluntaria;WIFI 6;5
JUL/2026;27/07/2026;SP-ORN;JOAO MANTOAN;TERCEIROS COLETA;EMP ORN REV JM JOAO MANTOAN;CDL OURINHOS - LABORATORIO;ALARES LABORATORIO;Sem.Info;WIFI 5;1
JUL/2026;27/07/2026;SP-RGT;ALARES LOJA;ALARES LOJA;DEVOLUCAO EQUIP LOJA REGISTRO;CDL REGISTRO - LABORATORIO;ALARES LABORATORIO;involuntaria;WIFI 6;1
JUL/2026;27/07/2026;SP-RGT;ALARES LOJA;ALARES LOJA;DEVOLUCAO EQUIP LOJA REGISTRO;CDL REGISTRO - LABORATORIO;ALARES LABORATORIO;voluntaria;OUTROS;1
JUL/2026;27/07/2026;SP-SOC;ALARES LOJA;ALARES LOJA;DEVOLUCAO EQUIP LOJA MONTE MOR;CDL ITUPEVA - LABORATORIO;ALARES CDL;voluntaria;WIFI 5;2
JUL/2026;27/07/2026;SP-SOC;ALARES LOJA;ALARES LOJA;DEVOLUCAO EQUIP LOJA SOROCABA;CDL OURINHOS - LABORATORIO;ALARES LABORATORIO;voluntaria;WIFI 6;1
JUL/2026;27/07/2026;SP-SOC;ALARES LOJA;ALARES LOJA;DEVOLUCAO EQUIP LOJA MIRACATU;CDL REGISTRO - LABORATORIO;ALARES LABORATORIO;Sem.Info;OUTROS;1
JUL/2026;27/07/2026;SP-SOC;ALARES LOJA;ALARES LOJA;DEVOLUCAO EQUIP LOJA MIRACATU;CDL REGISTRO - LABORATORIO;ALARES LABORATORIO;Sem.Info;WIFI 5;9
JUL/2026;27/07/2026;SP-SOC;ALARES LOJA;ALARES LOJA;DEVOLUCAO EQUIP LOJA MIRACATU;CDL REGISTRO - LABORATORIO;ALARES LABORATORIO;involuntaria;WIFI 5;1
JUL/2026;27/07/2026;SP-SOC;ALARES LOJA;ALARES LOJA;DEVOLUCAO EQUIP LOJA MIRACATU;CDL REGISTRO - LABORATORIO;ALARES LABORATORIO;voluntaria;WIFI 5;4
JUL/2026;27/07/2026;SP-SOC;ALARES LOJA;ALARES LOJA;DEVOLUCAO EQUIP LOJA JUQUIA;CDL REGISTRO - LABORATORIO;ALARES LABORATORIO;voluntaria;WIFI 5;1
JUL/2026;27/07/2026;SP-SOC;ALARES LOJA;ALARES LOJA;DEVOLUCAO EQUIP LOJA MIRACATU;CDL REGISTRO - LABORATORIO;ALARES LABORATORIO;voluntaria;WIFI 6;6
JUL/2026;27/07/2026;SP-SOC;ALARES LOJA;ALARES LOJA;DEVOLUCAO EQUIP LOJA JUQUIA;CDL REGISTRO - LABORATORIO;ALARES LABORATORIO;voluntaria;WIFI 6;2
JUL/2026;27/07/2026;SP-SPR;ALARES LOJA;ALARES LOJA;DEVOLUCAO EQUIP LOJA SALTO DE PIRAPORA;CDL ITUPEVA - LABORATORIO;ALARES CDL;voluntaria;WIFI 6;1
JUL/2026;27/07/2026;SP-SPR;ALARES LOJA;ALARES LOJA;DEVOLUCAO EQUIP LOJA SARAPUI;CDL ITUPEVA - LABORATORIO;ALARES CDL;voluntaria;WIFI 6;1
JUL/2026;24/07/2026;CE;OMEGA;TERCEIROS COLETA;EMP FLA REV OMEGA MARCOS GOMES;CDL FORTALEZA - LABORATORIO;ALARES LABORATORIO;Sem.Info;OUTROS;2
JUL/2026;24/07/2026;CE;OMEGA;TERCEIROS COLETA;EMP FLA REV OMEGA MARCOS GOMES;CDL FORTALEZA - LABORATORIO;ALARES LABORATORIO;Sem.Info;WIFI 5;1
JUL/2026;24/07/2026;CE;OMEGA;TERCEIROS COLETA;EMP FLA REV OMEGA MARCOS GOMES;CDL FORTALEZA - LABORATORIO;ALARES LABORATORIO;involuntaria;OUTROS;2
JUL/2026;24/07/2026;CE;OMEGA;TERCEIROS COLETA;EMP FLA REV OMEGA MARCOS GOMES;CDL FORTALEZA - LABORATORIO;ALARES LABORATORIO;involuntaria;WIFI 5;1
JUL/2026;24/07/2026;CE;OMEGA;TERCEIROS COLETA;EMP FLA REV OMEGA MARCOS GOMES;CDL FORTALEZA - LABORATORIO;ALARES LABORATORIO;involuntaria;WIFI 6;12
JUL/2026;24/07/2026;CE;OMEGA;TERCEIROS COLETA;EMP FLA REV OMEGA MARCOS GOMES;CDL FORTALEZA - LABORATORIO;ALARES LABORATORIO;voluntaria;IPTV;8
JUL/2026;24/07/2026;CE;OMEGA;TERCEIROS COLETA;EMP FLA REV OMEGA MARCOS GOMES;CDL FORTALEZA - LABORATORIO;ALARES LABORATORIO;voluntaria;OUTROS;35
JUL/2026;24/07/2026;CE;OMEGA;TERCEIROS COLETA;EMP FLA REV OMEGA MARCOS GOMES;CDL FORTALEZA - LABORATORIO;ALARES LABORATORIO;voluntaria;WIFI 5;111
JUL/2026;24/07/2026;CE;OMEGA;TERCEIROS COLETA;EMP FLA REV OMEGA MARCOS GOMES;CDL FORTALEZA - LABORATORIO;ALARES LABORATORIO;voluntaria;WIFI 6;137
JUL/2026;24/07/2026;MG;LVMOTOBOY;TERCEIROS COLETA;EMP PCS REV LV MOTOBOY - VANESSA LIMA;CDL POCOS DE CALDAS - LABORATORIO;ALARES LABORATORIO;voluntaria;WIFI 5;1
JUL/2026;24/07/2026;RN;ALARES LOJA;ALARES LOJA;DEVOLUCAO EQUIP LOJA NATAL;CDL NATAL - LABORATORIO;ALARES LABORATORIO;Sem.Info;OUTROS;6
JUL/2026;24/07/2026;RN;ALARES LOJA;ALARES LOJA;DEVOLUCAO EQUIP LOJA NATAL;CDL NATAL - LABORATORIO;ALARES LABORATORIO;Sem.Info;WIFI 5;3
JUL/2026;24/07/2026;RN;ALARES LOJA;ALARES LOJA;DEVOLUCAO EQUIP LOJA PARNAMIRIM;CDL NATAL - LABORATORIO;ALARES LABORATORIO;Sem.Info;WIFI 5;1
JUL/2026;24/07/2026;RN;ALARES LOJA;ALARES LOJA;DEVOLUCAO EQUIP LOJA NATAL;CDL NATAL - LABORATORIO;ALARES LABORATORIO;involuntaria;WIFI 6;1
JUL/2026;24/07/2026;RN;ALARES LOJA;ALARES LOJA;DEVOLUCAO EQUIP LOJA NATAL;CDL NATAL - LABORATORIO;ALARES LABORATORIO;voluntaria;IPTV;2
JUL/2026;24/07/2026;RN;ALARES LOJA;ALARES LOJA;DEVOLUCAO EQUIP LOJA NATAL;CDL NATAL - LABORATORIO;ALARES LABORATORIO;voluntaria;WIFI 5;4
JUL/2026;24/07/2026;RN;ALARES LOJA;ALARES LOJA;DEVOLUCAO EQUIP LOJA NATAL;CDL NATAL - LABORATORIO;ALARES LABORATORIO;voluntaria;WIFI 6;10
JUL/2026;24/07/2026;RN;ALARES LOJA;ALARES LOJA;DEVOLUCAO EQUIP LOJA PARNAMIRIM;CDL NATAL - LABORATORIO;ALARES LABORATORIO;voluntaria;WIFI 6;1
JUL/2026;24/07/2026;RN;NDR;TERCEIROS COLETA;EMP NTL REV NDR - PRINCIPAL;CDL NATAL - LABORATORIO;ALARES LABORATORIO;Sem.Info;WIFI 6;1
JUL/2026;24/07/2026;RN;NDR;TERCEIROS COLETA;EMP NTL REV NDR - PRINCIPAL;CDL NATAL - LABORATORIO;ALARES LABORATORIO;involuntaria;IPTV;2
JUL/2026;24/07/2026;RN;NDR;TERCEIROS COLETA;EMP NTL REV NDR - PRINCIPAL;CDL NATAL - LABORATORIO;ALARES LABORATORIO;involuntaria;OUTROS;2
JUL/2026;24/07/2026;RN;NDR;TERCEIROS COLETA;EMP NTL REV NDR - PRINCIPAL;CDL NATAL - LABORATORIO;ALARES LABORATORIO;involuntaria;WIFI 5;32
JUL/2026;24/07/2026;RN;NDR;TERCEIROS COLETA;EMP NTL REV NDR - PRINCIPAL;CDL NATAL - LABORATORIO;ALARES LABORATORIO;involuntaria;WIFI 6;36
JUL/2026;24/07/2026;RN;NDR;TERCEIROS COLETA;EMP NTL REV NDR - PRINCIPAL;CDL NATAL - LABORATORIO;ALARES LABORATORIO;voluntaria;IPTV;44
JUL/2026;24/07/2026;RN;NDR;TERCEIROS COLETA;EMP NTL REV NDR - PRINCIPAL;CDL NATAL - LABORATORIO;ALARES LABORATORIO;voluntaria;OUTROS;6
JUL/2026;24/07/2026;RN;NDR;TERCEIROS COLETA;EMP NTL REV NDR - PRINCIPAL;CDL NATAL - LABORATORIO;ALARES LABORATORIO;voluntaria;WIFI 5;166
JUL/2026;24/07/2026;RN;NDR;TERCEIROS COLETA;EMP NTL REV NDR - PRINCIPAL;CDL NATAL - LABORATORIO;ALARES LABORATORIO;voluntaria;WIFI 6;151
JUL/2026;24/07/2026;SP-MOC;ALARES LOJA;ALARES LOJA;DEVOLUCAO EQUIP LOJA SAO JOAO DA BOA VISTA;CDL POCOS DE CALDAS - LABORATORIO;ALARES LABORATORIO;Sem.Info;WIFI 5;1
JUL/2026;24/07/2026;SP-MOC;ALARES LOJA;ALARES LOJA;DEVOLUCAO EQUIP LOJA ESPIRITO SANTO DO PINHAL;CDL POCOS DE CALDAS - LABORATORIO;ALARES LABORATORIO;voluntaria;OUTROS;2
JUL/2026;24/07/2026;SP-MOC;ALARES LOJA;ALARES LOJA;DEVOLUCAO EQUIP LOJA CASA BRANCA;CDL POCOS DE CALDAS - LABORATORIO;ALARES LABORATORIO;voluntaria;OUTROS;4
JUL/2026;24/07/2026;SP-MOC;ALARES LOJA;ALARES LOJA;DEVOLUCAO EQUIP LOJA ESPIRITO SANTO DO PINHAL;CDL POCOS DE CALDAS - LABORATORIO;ALARES LABORATORIO;voluntaria;WIFI 5;10
JUL/2026;24/07/2026;SP-MOC;ALARES LOJA;ALARES LOJA;DEVOLUCAO EQUIP LOJA CASA BRANCA;CDL POCOS DE CALDAS - LABORATORIO;ALARES LABORATORIO;voluntaria;WIFI 5;7
JUL/2026;24/07/2026;SP-MOC;ALARES LOJA;ALARES LOJA;DEVOLUCAO EQUIP LOJA CASA BRANCA;CDL POCOS DE CALDAS - LABORATORIO;ALARES LABORATORIO;voluntaria;WIFI 6;2
JUL/2026;24/07/2026;SP-ORN;ALARES LOJA;ALARES LOJA;DEVOLUCAO EQUIP LOJA PIRAJU;CDL OURINHOS - LABORATORIO;ALARES LABORATORIO;involuntaria;WIFI 5;1
JUL/2026;24/07/2026;SP-ORN;ALARES LOJA;ALARES LOJA;DEVOLUCAO EQUIP LOJA CARLOPOLIS;CDL OURINHOS - LABORATORIO;ALARES LABORATORIO;involuntaria;WIFI 5;2
JUL/2026;24/07/2026;SP-ORN;ALARES LOJA;ALARES LOJA;DEVOLUCAO EQUIP LOJA PIRAJU;CDL OURINHOS - LABORATORIO;ALARES LABORATORIO;voluntaria;OUTROS;3
JUL/2026;24/07/2026;SP-ORN;ALARES LOJA;ALARES LOJA;DEVOLUCAO EQUIP LOJA CARLOPOLIS;CDL OURINHOS - LABORATORIO;ALARES LABORATORIO;voluntaria;WIFI 5;4
JUL/2026;24/07/2026;SP-ORN;ALARES LOJA;ALARES LOJA;DEVOLUCAO EQUIP LOJA CHAVANTES;CDL OURINHOS - LABORATORIO;ALARES LABORATORIO;voluntaria;WIFI 5;2
JUL/2026;24/07/2026;SP-ORN;ALARES LOJA;ALARES LOJA;DEVOLUCAO EQUIP LOJA PIRAJU;CDL OURINHOS - LABORATORIO;ALARES LABORATORIO;voluntaria;WIFI 5;5
JUL/2026;24/07/2026;SP-ORN;ALARES LOJA;ALARES LOJA;DEVOLUCAO EQUIP LOJA PIRAJU;CDL OURINHOS - LABORATORIO;ALARES LABORATORIO;voluntaria;WIFI 6;3
JUL/2026;24/07/2026;SP-SOC;ALARES LOJA;ALARES LOJA;DEVOLUCAO EQUIP LOJA ITAPECERICA DA SERRA;CDL ITUPEVA - LABORATORIO;ALARES CDL;Sem.Info;WIFI 5;1
JUL/2026;24/07/2026;SP-SOC;ALARES LOJA;ALARES LOJA;DEVOLUCAO EQUIP LOJA JUQUITIBA;CDL ITUPEVA - LABORATORIO;ALARES CDL;Sem.Info;WIFI 5;1
JUL/2026;24/07/2026;SP-SOC;ALARES LOJA;ALARES LOJA;DEVOLUCAO EQUIP LOJA SAO LOURENCO DA SERRA;CDL ITUPEVA - LABORATORIO;ALARES CDL;Sem.Info;WIFI 5;1
JUL/2026;24/07/2026;SP-SOC;ALARES LOJA;ALARES LOJA;DEVOLUCAO EQUIP LOJA ITAPECERICA DA SERRA;CDL ITUPEVA - LABORATORIO;ALARES CDL;involuntaria;WIFI 5;1
JUL/2026;24/07/2026;SP-SOC;ALARES LOJA;ALARES LOJA;DEVOLUCAO EQUIP LOJA JUQUITIBA;CDL ITUPEVA - LABORATORIO;ALARES CDL;voluntaria;OUTROS;6
JUL/2026;24/07/2026;SP-SOC;ALARES LOJA;ALARES LOJA;DEVOLUCAO EQUIP LOJA ITAPECERICA DA SERRA;CDL ITUPEVA - LABORATORIO;ALARES CDL;voluntaria;WIFI 5;3
JUL/2026;24/07/2026;SP-SOC;ALARES LOJA;ALARES LOJA;DEVOLUCAO EQUIP LOJA JUQUITIBA;CDL ITUPEVA - LABORATORIO;ALARES CDL;voluntaria;WIFI 5;16
JUL/2026;24/07/2026;SP-SOC;ALARES LOJA;ALARES LOJA;DEVOLUCAO EQUIP LOJA ITAPECERICA DA SERRA;CDL ITUPEVA - LABORATORIO;ALARES CDL;voluntaria;WIFI 6;5
JUL/2026;24/07/2026;SP-SOC;ALARES LOJA;ALARES LOJA;DEVOLUCAO EQUIP LOJA JUQUITIBA;CDL ITUPEVA - LABORATORIO;ALARES CDL;voluntaria;WIFI 6;3
JUL/2026;24/07/2026;SP-SOC;ALARES LOJA;ALARES LOJA;DEVOLUCAO EQUIP LOJA COTIA;CDL ITUPEVA - LABORATORIO;ALARES CDL;voluntaria;WIFI 6;1
JUL/2026;24/07/2026;SP-SOC;ALARES LOJA;ALARES LOJA;DEVOLUCAO EQUIP LOJA ILHA COMPRIDA;CDL REGISTRO - LABORATORIO;ALARES LABORATORIO;Sem.Info;WIFI 5;1
JUL/2026;24/07/2026;SP-SOC;ALARES LOJA;ALARES LOJA;DEVOLUCAO EQUIP LOJA ILHA COMPRIDA;CDL REGISTRO - LABORATORIO;ALARES LABORATORIO;Sem.Info;WIFI 6;1
JUL/2026;24/07/2026;SP-SOC;ALARES LOJA;ALARES LOJA;DEVOLUCAO EQUIP LOJA ILHA COMPRIDA;CDL REGISTRO - LABORATORIO;ALARES LABORATORIO;involuntaria;WIFI 5;5
JUL/2026;24/07/2026;SP-SOC;ALARES LOJA;ALARES LOJA;DEVOLUCAO EQUIP LOJA ILHA COMPRIDA;CDL REGISTRO - LABORATORIO;ALARES LABORATORIO;involuntaria;WIFI 6;4
JUL/2026;24/07/2026;SP-SOC;ALARES LOJA;ALARES LOJA;DEVOLUCAO EQUIP LOJA ILHA COMPRIDA;CDL REGISTRO - LABORATORIO;ALARES LABORATORIO;voluntaria;OUTROS;2
JUL/2026;24/07/2026;SP-SOC;ALARES LOJA;ALARES LOJA;DEVOLUCAO EQUIP LOJA ILHA COMPRIDA;CDL REGISTRO - LABORATORIO;ALARES LABORATORIO;voluntaria;WIFI 5;33
JUL/2026;24/07/2026;SP-SOC;ALARES LOJA;ALARES LOJA;DEVOLUCAO EQUIP LOJA ILHA COMPRIDA;CDL REGISTRO - LABORATORIO;ALARES LABORATORIO;voluntaria;WIFI 6;39
JUL/2026;24/07/2026;SP-SOC;DEROYQUE;TERCEIROS COLETA;EMP PCS REV DEROYQUE - PRINCIPAL;CDL ITUPEVA - LABORATORIO;ALARES CDL;involuntaria;OUTROS;1
JUL/2026;24/07/2026;SP-SOC;DEROYQUE;TERCEIROS COLETA;EMP PCS REV DEROYQUE - PRINCIPAL;CDL ITUPEVA - LABORATORIO;ALARES CDL;voluntaria;WIFI 6;1
JUL/2026;23/07/2026;BA;ALARES LOJA;ALARES LOJA;DEVOLUCAO EQUIP LOJA EUNAPOLIS;CDL FORTALEZA - LABORATORIO;ALARES LABORATORIO;voluntaria;WIFI 5;2
JUL/2026;23/07/2026;CE;ALARES LOJA;ALARES LOJA;DEVOLUCAO EQUIP LOJA FORTALEZA;CDL FORTALEZA - LABORATORIO;ALARES LABORATORIO;Sem.Info;OUTROS;3
JUL/2026;23/07/2026;CE;ALARES LOJA;ALARES LOJA;DEVOLUCAO EQUIP LOJA FORTALEZA;CDL FORTALEZA - LABORATORIO;ALARES LABORATORIO;Sem.Info;WIFI 5;4
JUL/2026;23/07/2026;CE;ALARES LOJA;ALARES LOJA;DEVOLUCAO EQUIP LOJA FORTALEZA;CDL FORTALEZA - LABORATORIO;ALARES LABORATORIO;voluntaria;IPTV;3
JUL/2026;23/07/2026;CE;ALARES LOJA;ALARES LOJA;DEVOLUCAO EQUIP LOJA FORTALEZA;CDL FORTALEZA - LABORATORIO;ALARES LABORATORIO;voluntaria;OUTROS;4
JUL/2026;23/07/2026;CE;ALARES LOJA;ALARES LOJA;DEVOLUCAO EQUIP LOJA FORTALEZA;CDL FORTALEZA - LABORATORIO;ALARES LABORATORIO;voluntaria;WIFI 5;16
JUL/2026;23/07/2026;CE;ALARES LOJA;ALARES LOJA;DEVOLUCAO EQUIP LOJA FORTALEZA;CDL FORTALEZA - LABORATORIO;ALARES LABORATORIO;voluntaria;WIFI 6;17
JUL/2026;23/07/2026;CE;OMEGA;TERCEIROS COLETA;EMP FLA REV OMEGA MARCOS GOMES;CDL FORTALEZA - LABORATORIO;ALARES LABORATORIO;Sem.Info;WIFI 5;1
JUL/2026;23/07/2026;MG;ALARES LOJA;ALARES LOJA;DEVOLUCAO EQUIP LOJA CALDAS;CDL POCOS DE CALDAS - LABORATORIO;ALARES LABORATORIO;Sem.Info;OUTROS;1
JUL/2026;23/07/2026;MG;ALARES LOJA;ALARES LOJA;DEVOLUCAO EQUIP LOJA POCOS DE CALDAS;CDL POCOS DE CALDAS - LABORATORIO;ALARES LABORATORIO;Sem.Info;WIFI 5;1
JUL/2026;23/07/2026;MG;ALARES LOJA;ALARES LOJA;DEVOLUCAO EQUIP LOJA CALDAS;CDL POCOS DE CALDAS - LABORATORIO;ALARES LABORATORIO;involuntaria;WIFI 5;2
JUL/2026;23/07/2026;MG;ALARES LOJA;ALARES LOJA;DEVOLUCAO EQUIP LOJA IPUIUNA;CDL POCOS DE CALDAS - LABORATORIO;ALARES LABORATORIO;involuntaria;WIFI 5;1
JUL/2026;23/07/2026;MG;ALARES LOJA;ALARES LOJA;DEVOLUCAO EQUIP LOJA POCOS DE CALDAS;CDL POCOS DE CALDAS - LABORATORIO;ALARES LABORATORIO;involuntaria;WIFI 5;1
JUL/2026;23/07/2026;MG;ALARES LOJA;ALARES LOJA;DEVOLUCAO EQUIP LOJA POCOS DE CALDAS;CDL POCOS DE CALDAS - LABORATORIO;ALARES LABORATORIO;involuntaria;WIFI 6;1
JUL/2026;23/07/2026;MG;ALARES LOJA;ALARES LOJA;DEVOLUCAO EQUIP LOJA CAMPESTRE;CDL POCOS DE CALDAS - LABORATORIO;ALARES LABORATORIO;voluntaria;OUTROS;1
JUL/2026;23/07/2026;MG;ALARES LOJA;ALARES LOJA;DEVOLUCAO EQUIP LOJA POCOS DE CALDAS;CDL POCOS DE CALDAS - LABORATORIO;ALARES LABORATORIO;voluntaria;OUTROS;35
JUL/2026;23/07/2026;MG;ALARES LOJA;ALARES LOJA;DEVOLUCAO EQUIP LOJA CALDAS;CDL POCOS DE CALDAS - LABORATORIO;ALARES LABORATORIO;voluntaria;OUTROS;8
JUL/2026;23/07/2026;MG;ALARES LOJA;ALARES LOJA;DEVOLUCAO EQUIP LOJA IPUIUNA;CDL POCOS DE CALDAS - LABORATORIO;ALARES LABORATORIO;voluntaria;OUTROS;1
JUL/2026;23/07/2026;MG;ALARES LOJA;ALARES LOJA;DEVOLUCAO EQUIP LOJA POCOS DE CALDAS;CDL POCOS DE CALDAS - LABORATORIO;ALARES LABORATORIO;voluntaria;WIFI 5;57
JUL/2026;23/07/2026;MG;ALARES LOJA;ALARES LOJA;DEVOLUCAO EQUIP LOJA CALDAS;CDL POCOS DE CALDAS - LABORATORIO;ALARES LABORATORIO;voluntaria;WIFI 5;11
JUL/2026;23/07/2026;MG;ALARES LOJA;ALARES LOJA;DEVOLUCAO EQUIP LOJA IPUIUNA;CDL POCOS DE CALDAS - LABORATORIO;ALARES LABORATORIO;voluntaria;WIFI 5;2
JUL/2026;23/07/2026;MG;ALARES LOJA;ALARES LOJA;DEVOLUCAO EQUIP LOJA CAMPESTRE;CDL POCOS DE CALDAS - LABORATORIO;ALARES LABORATORIO;voluntaria;WIFI 6;1
JUL/2026;23/07/2026;MG;ALARES LOJA;ALARES LOJA;DEVOLUCAO EQUIP LOJA CALDAS;CDL POCOS DE CALDAS - LABORATORIO;ALARES LABORATORIO;voluntaria;WIFI 6;3
JUL/2026;23/07/2026;MG;ALARES LOJA;ALARES LOJA;DEVOLUCAO EQUIP LOJA IPUIUNA;CDL POCOS DE CALDAS - LABORATORIO;ALARES LABORATORIO;voluntaria;WIFI 6;2
JUL/2026;23/07/2026;MG;ALARES LOJA;ALARES LOJA;DEVOLUCAO EQUIP LOJA POCOS DE CALDAS;CDL POCOS DE CALDAS - LABORATORIO;ALARES LABORATORIO;voluntaria;WIFI 6;34
JUL/2026;23/07/2026;SP-ITV;ALARES LOJA;ALARES LOJA;DEVOLUCAO LOJAS ERRO ITUPEVA - GMUD;CDL ITUPEVA - PRINCIPAL;ALARES CDL;Sem.Info;WIFI 5;1
JUL/2026;23/07/2026;SP-MOC;ALARES LOJA;ALARES LOJA;DEVOLUCAO EQUIP LOJA MOGI GUACU;CDL ITUPEVA - LABORATORIO;ALARES CDL;Sem.Info;WIFI 5;1
JUL/2026;23/07/2026;SP-MOC;ALARES LOJA;ALARES LOJA;DEVOLUCAO EQUIP LOJA MOGI GUACU;CDL ITUPEVA - LABORATORIO;ALARES CDL;voluntaria;OUTROS;1
JUL/2026;23/07/2026;SP-MOC;ALARES LOJA;ALARES LOJA;DEVOLUCAO EQUIP LOJA MOGI GUACU;CDL ITUPEVA - LABORATORIO;ALARES CDL;voluntaria;WIFI 5;7
JUL/2026;23/07/2026;SP-MOC;ALARES LOJA;ALARES LOJA;DEVOLUCAO EQUIP LOJA MOGI GUACU;CDL ITUPEVA - LABORATORIO;ALARES CDL;voluntaria;WIFI 6;8
JUL/2026;23/07/2026;SP-ORN;ALARES LOJA;ALARES LOJA;DEVOLUCAO EQUIP LOJA ITARARE;CDL OURINHOS - LABORATORIO;ALARES LABORATORIO;Sem.Info;WIFI 5;1
JUL/2026;23/07/2026;SP-ORN;ALARES LOJA;ALARES LOJA;DEVOLUCAO EQUIP LOJA ITAPEVA;CDL OURINHOS - LABORATORIO;ALARES LABORATORIO;Sem.Info;WIFI 5;4
JUL/2026;23/07/2026;SP-ORN;ALARES LOJA;ALARES LOJA;DEVOLUCAO EQUIP LOJA ITAPEVA;CDL OURINHOS - LABORATORIO;ALARES LABORATORIO;involuntaria;WIFI 5;3
JUL/2026;23/07/2026;SP-ORN;ALARES LOJA;ALARES LOJA;DEVOLUCAO EQUIP LOJA ITAPEVA;CDL OURINHOS - LABORATORIO;ALARES LABORATORIO;involuntaria;WIFI 6;1
JUL/2026;23/07/2026;SP-ORN;ALARES LOJA;ALARES LOJA;DEVOLUCAO EQUIP LOJA ITAPEVA;CDL OURINHOS - LABORATORIO;ALARES LABORATORIO;voluntaria;WIFI 5;10
JUL/2026;23/07/2026;SP-ORN;ALARES LOJA;ALARES LOJA;DEVOLUCAO EQUIP LOJA ITARARE;CDL OURINHOS - LABORATORIO;ALARES LABORATORIO;voluntaria;WIFI 5;7
JUL/2026;23/07/2026;SP-ORN;ALARES LOJA;ALARES LOJA;DEVOLUCAO EQUIP LOJA ITARARE;CDL OURINHOS - LABORATORIO;ALARES LABORATORIO;voluntaria;WIFI 6;1
JUL/2026;23/07/2026;SP-ORN;ALARES LOJA;ALARES LOJA;DEVOLUCAO EQUIP LOJA ITAPEVA;CDL OURINHOS - LABORATORIO;ALARES LABORATORIO;voluntaria;WIFI 6;5
JUL/2026;23/07/2026;SP-SOC;ALARES LOJA;ALARES LOJA;DEVOLUCAO EQUIP LOJA JACUPIRANGA;CDL SOROCABA DIVERGENCIA (INATIVO);ALARES DIVERSOS;Sem.Info;Sem.Info;3
JUL/2026;23/07/2026;SP-SOC;ALARES LOJA;ALARES LOJA;DEVOLUCAO EQUIP LOJA JACUPIRANGA;CDL SOROCABA DIVERGENCIA (INATIVO);ALARES DIVERSOS;Sem.Info;X;61
JUL/2026;23/07/2026;SP-SOC;DEROYQUE;TERCEIROS COLETA;EMP PCS REV DEROYQUE - PRINCIPAL;CDL REGISTRO - LABORATORIO;ALARES LABORATORIO;Sem.Info;WIFI 5;3
JUL/2026;23/07/2026;SP-SOC;DEROYQUE;TERCEIROS COLETA;EMP PCS REV DEROYQUE - PRINCIPAL;CDL REGISTRO - LABORATORIO;ALARES LABORATORIO;involuntaria;WIFI 5;6
JUL/2026;23/07/2026;SP-SOC;DEROYQUE;TERCEIROS COLETA;EMP PCS REV DEROYQUE - PRINCIPAL;CDL REGISTRO - LABORATORIO;ALARES LABORATORIO;involuntaria;WIFI 6;9
JUL/2026;23/07/2026;SP-SOC;DEROYQUE;TERCEIROS COLETA;EMP PCS REV DEROYQUE - PRINCIPAL;CDL REGISTRO - LABORATORIO;ALARES LABORATORIO;voluntaria;WIFI 5;22
JUL/2026;23/07/2026;SP-SOC;DEROYQUE;TERCEIROS COLETA;EMP PCS REV DEROYQUE - PRINCIPAL;CDL REGISTRO - LABORATORIO;ALARES LABORATORIO;voluntaria;WIFI 6;16
JUL/2026;22/07/2026;CE;OMEGA;TERCEIROS COLETA;EMP FLA REV OMEGA MARCOS GOMES;CDL FORTALEZA - LABORATORIO;ALARES LABORATORIO;Sem.Info;WIFI 5;1
JUL/2026;22/07/2026;CE;OMEGA;TERCEIROS COLETA;EMP FLA REV OMEGA MARCOS GOMES;CDL FORTALEZA - LABORATORIO;ALARES LABORATORIO;Sem.Info;WIFI 6;1
JUL/2026;22/07/2026;CE;OMEGA;TERCEIROS COLETA;EMP FLA REV OMEGA MARCOS GOMES;CDL FORTALEZA - LABORATORIO;ALARES LABORATORIO;involuntaria;OUTROS;3
JUL/2026;22/07/2026;CE;OMEGA;TERCEIROS COLETA;EMP FLA REV OMEGA MARCOS GOMES;CDL FORTALEZA - LABORATORIO;ALARES LABORATORIO;involuntaria;WIFI 6;12
JUL/2026;22/07/2026;CE;OMEGA;TERCEIROS COLETA;EMP FLA REV OMEGA MARCOS GOMES;CDL FORTALEZA - LABORATORIO;ALARES LABORATORIO;voluntaria;IPTV;5
JUL/2026;22/07/2026;CE;OMEGA;TERCEIROS COLETA;EMP FLA REV OMEGA MARCOS GOMES;CDL FORTALEZA - LABORATORIO;ALARES LABORATORIO;voluntaria;OUTROS;39
JUL/2026;22/07/2026;CE;OMEGA;TERCEIROS COLETA;EMP FLA REV OMEGA MARCOS GOMES;CDL FORTALEZA - LABORATORIO;ALARES LABORATORIO;voluntaria;WIFI 5;102
JUL/2026;22/07/2026;CE;OMEGA;TERCEIROS COLETA;EMP FLA REV OMEGA MARCOS GOMES;CDL FORTALEZA - LABORATORIO;ALARES LABORATORIO;voluntaria;WIFI 6;116
JUL/2026;22/07/2026;CE;REPARO ELETROS;TERCEIROS COLETA;EMP FLA REV REPARO ELETROS JADSON ITALO;CDL FORTALEZA - LABORATORIO;ALARES LABORATORIO;Sem.Info;WIFI 5;1
JUL/2026;22/07/2026;CE;REPARO ELETROS;TERCEIROS COLETA;EMP FLA REV REPARO ELETROS JOSE ALVES;CDL FORTALEZA - LABORATORIO;ALARES LABORATORIO;Sem.Info;WIFI 6;2
JUL/2026;22/07/2026;CE;REPARO ELETROS;TERCEIROS COLETA;EMP FLA REV REPARO ELETROS JOSE ALVES;CDL FORTALEZA - LABORATORIO;ALARES LABORATORIO;involuntaria;OUTROS;3
JUL/2026;22/07/2026;CE;REPARO ELETROS;TERCEIROS COLETA;EMP FLA REV REPARO ELETROS JOSE ALVES;CDL FORTALEZA - LABORATORIO;ALARES LABORATORIO;involuntaria;WIFI 5;4
JUL/2026;22/07/2026;CE;REPARO ELETROS;TERCEIROS COLETA;EMP FLA REV REPARO ELETROS JADSON ITALO;CDL FORTALEZA - LABORATORIO;ALARES LABORATORIO;involuntaria;WIFI 5;6
JUL/2026;22/07/2026;CE;REPARO ELETROS;TERCEIROS COLETA;EMP FLA REV REPARO ELETROS JOSE ALVES;CDL FORTALEZA - LABORATORIO;ALARES LABORATORIO;involuntaria;WIFI 6;29
JUL/2026;22/07/2026;CE;REPARO ELETROS;TERCEIROS COLETA;EMP FLA REV REPARO ELETROS JADSON ITALO;CDL FORTALEZA - LABORATORIO;ALARES LABORATORIO;involuntaria;WIFI 6;4
JUL/2026;22/07/2026;CE;REPARO ELETROS;TERCEIROS COLETA;EMP FLA REV REPARO ELETROS JADSON ITALO;CDL FORTALEZA - LABORATORIO;ALARES LABORATORIO;voluntaria;IPTV;11
JUL/2026;22/07/2026;CE;REPARO ELETROS;TERCEIROS COLETA;EMP FLA REV REPARO ELETROS JOSE ALVES;CDL FORTALEZA - LABORATORIO;ALARES LABORATORIO;voluntaria;IPTV;2
JUL/2026;22/07/2026;CE;REPARO ELETROS;TERCEIROS COLETA;EMP FLA REV REPARO ELETROS JADSON ITALO;CDL FORTALEZA - LABORATORIO;ALARES LABORATORIO;voluntaria;OUTROS;1
JUL/2026;22/07/2026;CE;REPARO ELETROS;TERCEIROS COLETA;EMP FLA REV REPARO ELETROS JOSE ALVES;CDL FORTALEZA - LABORATORIO;ALARES LABORATORIO;voluntaria;OUTROS;5
JUL/2026;22/07/2026;CE;REPARO ELETROS;TERCEIROS COLETA;EMP FLA REV REPARO ELETROS JADSON ITALO;CDL FORTALEZA - LABORATORIO;ALARES LABORATORIO;voluntaria;WIFI 5;24
JUL/2026;22/07/2026;CE;REPARO ELETROS;TERCEIROS COLETA;EMP FLA REV REPARO ELETROS JOSE ALVES;CDL FORTALEZA - LABORATORIO;ALARES LABORATORIO;voluntaria;WIFI 6;4
JUL/2026;22/07/2026;CE;REPARO ELETROS;TERCEIROS COLETA;EMP FLA REV REPARO ELETROS JADSON ITALO;CDL FORTALEZA - LABORATORIO;ALARES LABORATORIO;voluntaria;WIFI 6;28
JUL/2026;22/07/2026;RN;ALARES LOJA;ALARES LOJA;DEVOLUCAO EQUIP LOJA PARNAMIRIM;CDL NATAL - LABORATORIO;ALARES LABORATORIO;Sem.Info;OUTROS;1
JUL/2026;22/07/2026;RN;ALARES LOJA;ALARES LOJA;DEVOLUCAO EQUIP LOJA PARNAMIRIM;CDL NATAL - LABORATORIO;ALARES LABORATORIO;Sem.Info;WIFI 5;4
JUL/2026;22/07/2026;RN;ALARES LOJA;ALARES LOJA;DEVOLUCAO EQUIP LOJA PARNAMIRIM;CDL NATAL - LABORATORIO;ALARES LABORATORIO;voluntaria;IPTV;4
JUL/2026;22/07/2026;RN;ALARES LOJA;ALARES LOJA;DEVOLUCAO EQUIP LOJA NATAL;CDL NATAL - LABORATORIO;ALARES LABORATORIO;voluntaria;IPTV;3
JUL/2026;22/07/2026;RN;ALARES LOJA;ALARES LOJA;DEVOLUCAO EQUIP LOJA SAO JOSE DE MIPIBU;CDL NATAL - LABORATORIO;ALARES LABORATORIO;voluntaria;WIFI 5;1
JUL/2026;22/07/2026;RN;ALARES LOJA;ALARES LOJA;DEVOLUCAO EQUIP LOJA PARNAMIRIM;CDL NATAL - LABORATORIO;ALARES LABORATORIO;voluntaria;WIFI 5;5
JUL/2026;22/07/2026;RN;ALARES LOJA;ALARES LOJA;DEVOLUCAO EQUIP LOJA NATAL;CDL NATAL - LABORATORIO;ALARES LABORATORIO;voluntaria;WIFI 5;1
JUL/2026;22/07/2026;RN;ALARES LOJA;ALARES LOJA;DEVOLUCAO EQUIP LOJA NISIA FLORESTA;CDL NATAL - LABORATORIO;ALARES LABORATORIO;voluntaria;WIFI 6;1
JUL/2026;22/07/2026;RN;ALARES LOJA;ALARES LOJA;DEVOLUCAO EQUIP LOJA NATAL;CDL NATAL - LABORATORIO;ALARES LABORATORIO;voluntaria;WIFI 6;2
JUL/2026;22/07/2026;RN;ALARES LOJA;ALARES LOJA;DEVOLUCAO EQUIP LOJA PARNAMIRIM;CDL NATAL - LABORATORIO;ALARES LABORATORIO;voluntaria;WIFI 6;9
JUL/2026;22/07/2026;RN;ALARES LOJA;ALARES LOJA;DEVOLUCAO EQUIP LOJA SAO JOSE DE MIPIBU;CDL NATAL - LABORATORIO;ALARES LABORATORIO;voluntaria;WIFI 6;1
JUL/2026;22/07/2026;SP-ITV;ALARES LOJA;ALARES LOJA;DEVOLUCAO LOJAS ERRO ITUPEVA - GMUD;CDL ITUPEVA - LABORATORIO;ALARES CDL;Sem.Info;OUTROS;10
JUL/2026;22/07/2026;SP-ITV;ALARES LOJA;ALARES LOJA;DEVOLUCAO LOJAS ERRO ITUPEVA - GMUD;CDL ITUPEVA - LABORATORIO;ALARES CDL;Sem.Info;WIFI 5;93
JUL/2026;22/07/2026;SP-MOC;ALARES LOJA;ALARES LOJA;ALARES - EQUIPE SAC;CDL ITUPEVA - LABORATORIO;ALARES CDL;Sem.Info;OUTROS;1
JUL/2026;22/07/2026;SP-MOC;ALARES LOJA;ALARES LOJA;DEVOLUCAO EQUIP LOJA MOGI GUACU;CDL ITUPEVA - LABORATORIO;ALARES CDL;Sem.Info;WIFI 5;1
JUL/2026;22/07/2026;SP-MOC;ALARES LOJA;ALARES LOJA;ALARES - EQUIPE SAC;CDL ITUPEVA - LABORATORIO;ALARES CDL;Sem.Info;WIFI 5;1
JUL/2026;22/07/2026;SP-ORN;ALARES LOJA;ALARES LOJA;DEVOLUCAO EQUIP LOJA CAMBARA;CDL OURINHOS - LABORATORIO;ALARES LABORATORIO;Sem.Info;OUTROS;1
JUL/2026;22/07/2026;SP-ORN;ALARES LOJA;ALARES LOJA;DEVOLUCAO EQUIP LOJA BANDEIRANTES;CDL OURINHOS - LABORATORIO;ALARES LABORATORIO;Sem.Info;OUTROS;1
JUL/2026;22/07/2026;SP-ORN;ALARES LOJA;ALARES LOJA;DEVOLUCAO EQUIP LOJA BANDEIRANTES;CDL OURINHOS - LABORATORIO;ALARES LABORATORIO;Sem.Info;WIFI 5;1
JUL/2026;22/07/2026;SP-ORN;ALARES LOJA;ALARES LOJA;DEVOLUCAO EQUIP LOJA CAMBARA;CDL OURINHOS - LABORATORIO;ALARES LABORATORIO;involuntaria;OUTROS;1
JUL/2026;22/07/2026;SP-ORN;ALARES LOJA;ALARES LOJA;DEVOLUCAO EQUIP LOJA CAMBARA;CDL OURINHOS - LABORATORIO;ALARES LABORATORIO;voluntaria;OUTROS;6
JUL/2026;22/07/2026;SP-ORN;ALARES LOJA;ALARES LOJA;DEVOLUCAO EQUIP LOJA BANDEIRANTES;CDL OURINHOS - LABORATORIO;ALARES LABORATORIO;voluntaria;OUTROS;6
JUL/2026;22/07/2026;SP-ORN;ALARES LOJA;ALARES LOJA;DEVOLUCAO EQUIP LOJA BANDEIRANTES;CDL OURINHOS - LABORATORIO;ALARES LABORATORIO;voluntaria;WIFI 5;29
JUL/2026;22/07/2026;SP-ORN;ALARES LOJA;ALARES LOJA;DEVOLUCAO EQUIP LOJA CAMBARA;CDL OURINHOS - LABORATORIO;ALARES LABORATORIO;voluntaria;WIFI 5;20
JUL/2026;22/07/2026;SP-ORN;ALARES LOJA;ALARES LOJA;DEVOLUCAO EQUIP LOJA BANDEIRANTES;CDL OURINHOS - LABORATORIO;ALARES LABORATORIO;voluntaria;WIFI 6;22
JUL/2026;22/07/2026;SP-ORN;ALARES LOJA;ALARES LOJA;DEVOLUCAO EQUIP LOJA CAMBARA;CDL OURINHOS - LABORATORIO;ALARES LABORATORIO;voluntaria;WIFI 6;8
JUL/2026;22/07/2026;SP-RGT;ALARES LOJA;ALARES LOJA;DEVOLUCAO EQUIP LOJA REGISTRO;CDL REGISTRO - LABORATORIO;ALARES LABORATORIO;Sem.Info;WIFI 5;14
JUL/2026;22/07/2026;SP-RGT;ALARES LOJA;ALARES LOJA;DEVOLUCAO EQUIP LOJA REGISTRO;CDL REGISTRO - LABORATORIO;ALARES LABORATORIO;involuntaria;WIFI 5;1
JUL/2026;22/07/2026;SP-RGT;ALARES LOJA;ALARES LOJA;DEVOLUCAO EQUIP LOJA REGISTRO;CDL REGISTRO - LABORATORIO;ALARES LABORATORIO;involuntaria;WIFI 6;3
JUL/2026;22/07/2026;SP-RGT;ALARES LOJA;ALARES LOJA;DEVOLUCAO EQUIP LOJA REGISTRO;CDL REGISTRO - LABORATORIO;ALARES LABORATORIO;voluntaria;OUTROS;3
JUL/2026;22/07/2026;SP-RGT;ALARES LOJA;ALARES LOJA;DEVOLUCAO EQUIP LOJA REGISTRO;CDL REGISTRO - LABORATORIO;ALARES LABORATORIO;voluntaria;WIFI 5;21
JUL/2026;22/07/2026;SP-RGT;ALARES LOJA;ALARES LOJA;DEVOLUCAO EQUIP LOJA REGISTRO;CDL REGISTRO - LABORATORIO;ALARES LABORATORIO;voluntaria;WIFI 6;22
JUL/2026;22/07/2026;SP-SOC;ALARES LOJA;ALARES LOJA;DEVOLUCAO EQUIP LOJA IBIUNA;CDL ITUPEVA - LABORATORIO;ALARES CDL;Sem.Info;WIFI 5;1
JUL/2026;22/07/2026;SP-SOC;ALARES LOJA;ALARES LOJA;DEVOLUCAO EQUIP LOJA BARUERI;CDL ITUPEVA - LABORATORIO;ALARES CDL;involuntaria;WIFI 5;1
JUL/2026;22/07/2026;SP-SOC;ALARES LOJA;ALARES LOJA;DEVOLUCAO EQUIP LOJA BARUERI;CDL ITUPEVA - LABORATORIO;ALARES CDL;voluntaria;OUTROS;3
JUL/2026;22/07/2026;SP-SOC;ALARES LOJA;ALARES LOJA;DEVOLUCAO EQUIP LOJA JANDIRA;CDL ITUPEVA - LABORATORIO;ALARES CDL;voluntaria;OUTROS;3
JUL/2026;22/07/2026;SP-SOC;ALARES LOJA;ALARES LOJA;DEVOLUCAO EQUIP LOJA BARUERI;CDL ITUPEVA - LABORATORIO;ALARES CDL;voluntaria;WIFI 5;5
JUL/2026;22/07/2026;SP-SOC;ALARES LOJA;ALARES LOJA;DEVOLUCAO EQUIP LOJA ITAPEVI;CDL ITUPEVA - LABORATORIO;ALARES CDL;voluntaria;WIFI 5;2
JUL/2026;22/07/2026;SP-SOC;ALARES LOJA;ALARES LOJA;DEVOLUCAO EQUIP LOJA JANDIRA;CDL ITUPEVA - LABORATORIO;ALARES CDL;voluntaria;WIFI 5;6
JUL/2026;22/07/2026;SP-SOC;ALARES LOJA;ALARES LOJA;DEVOLUCAO EQUIP LOJA JANDIRA;CDL ITUPEVA - LABORATORIO;ALARES CDL;voluntaria;WIFI 6;2
JUL/2026;22/07/2026;SP-SOC;ALARES LOJA;ALARES LOJA;DEVOLUCAO EQUIP LOJA BARUERI;CDL ITUPEVA - LABORATORIO;ALARES CDL;voluntaria;WIFI 6;6
JUL/2026;22/07/2026;SP-SOC;ALARES LOJA;ALARES LOJA;DEVOLUCAO EQUIP LOJA CAJATI;CDL REGISTRO - LABORATORIO;ALARES LABORATORIO;Sem.Info;WIFI 5;4
JUL/2026;22/07/2026;SP-SOC;ALARES LOJA;ALARES LOJA;DEVOLUCAO EQUIP LOJA SETE BARRAS;CDL REGISTRO - LABORATORIO;ALARES LABORATORIO;involuntaria;WIFI 5;1
JUL/2026;22/07/2026;SP-SOC;ALARES LOJA;ALARES LOJA;DEVOLUCAO EQUIP LOJA CAJATI;CDL REGISTRO - LABORATORIO;ALARES LABORATORIO;voluntaria;OUTROS;1
JUL/2026;22/07/2026;SP-SOC;ALARES LOJA;ALARES LOJA;DEVOLUCAO EQUIP LOJA CAJATI;CDL REGISTRO - LABORATORIO;ALARES LABORATORIO;voluntaria;WIFI 5;3
JUL/2026;22/07/2026;SP-SOC;ALARES LOJA;ALARES LOJA;DEVOLUCAO EQUIP LOJA SETE BARRAS;CDL REGISTRO - LABORATORIO;ALARES LABORATORIO;voluntaria;WIFI 5;1
JUL/2026;22/07/2026;SP-SOC;ALARES LOJA;ALARES LOJA;DEVOLUCAO EQUIP LOJA SETE BARRAS;CDL REGISTRO - LABORATORIO;ALARES LABORATORIO;voluntaria;WIFI 6;1
JUL/2026;22/07/2026;SP-SOC;ALARES LOJA;ALARES LOJA;DEVOLUCAO EQUIP LOJA CAJATI;CDL REGISTRO - LABORATORIO;ALARES LABORATORIO;voluntaria;WIFI 6;7
JUL/2026;21/07/2026;RN;NDR;TERCEIROS COLETA;EMP NTL REV NDR - PRINCIPAL;CDL NATAL - LABORATORIO;ALARES LABORATORIO;Sem.Info;WIFI 5;3
JUL/2026;21/07/2026;RN;NDR;TERCEIROS COLETA;EMP NTL REV NDR - PRINCIPAL;CDL NATAL - LABORATORIO;ALARES LABORATORIO;Sem.Info;WIFI 6;1
JUL/2026;21/07/2026;RN;NDR;TERCEIROS COLETA;EMP NTL REV NDR - PRINCIPAL;CDL NATAL - LABORATORIO;ALARES LABORATORIO;involuntaria;IPTV;6
JUL/2026;21/07/2026;RN;NDR;TERCEIROS COLETA;EMP NTL REV NDR - PRINCIPAL;CDL NATAL - LABORATORIO;ALARES LABORATORIO;involuntaria;WIFI 5;18
JUL/2026;21/07/2026;RN;NDR;TERCEIROS COLETA;EMP NTL REV NDR - PRINCIPAL;CDL NATAL - LABORATORIO;ALARES LABORATORIO;involuntaria;WIFI 6;52
JUL/2026;21/07/2026;RN;NDR;TERCEIROS COLETA;EMP NTL REV NDR - PRINCIPAL;CDL NATAL - LABORATORIO;ALARES LABORATORIO;voluntaria;IPTV;25
JUL/2026;21/07/2026;RN;NDR;TERCEIROS COLETA;EMP NTL REV NDR - PRINCIPAL;CDL NATAL - LABORATORIO;ALARES LABORATORIO;voluntaria;OUTROS;2
JUL/2026;21/07/2026;RN;NDR;TERCEIROS COLETA;EMP NTL REV NDR - PRINCIPAL;CDL NATAL - LABORATORIO;ALARES LABORATORIO;voluntaria;WIFI 5;128
JUL/2026;21/07/2026;RN;NDR;TERCEIROS COLETA;EMP NTL REV NDR - PRINCIPAL;CDL NATAL - LABORATORIO;ALARES LABORATORIO;voluntaria;WIFI 6;138
JUL/2026;21/07/2026;RN;NDR;TERCEIROS COLETA;EMP NTL REV NDR - PRINCIPAL;CDL NATAL - LABORATORIO;ALARES LABORATORIO;voluntaria;WIFI 7;1
JUL/2026;21/07/2026;SP-MOC;ALARES LOJA;ALARES LOJA;DEVOLUCAO EQUIP LOJA MOGI GUACU;CDL ITUPEVA - LABORATORIO;ALARES CDL;Sem.Info;WIFI 5;3
JUL/2026;21/07/2026;SP-ORN;ALARES LOJA;ALARES LOJA;DEVOLUCAO EQUIP LOJA BASTOS;CDL OURINHOS - LABORATORIO;ALARES LABORATORIO;involuntaria;WIFI 5;1
JUL/2026;21/07/2026;SP-ORN;ALARES LOJA;ALARES LOJA;DEVOLUCAO EQUIP LOJA TUPA;CDL OURINHOS - LABORATORIO;ALARES LABORATORIO;involuntaria;WIFI 5;2
JUL/2026;21/07/2026;SP-ORN;ALARES LOJA;ALARES LOJA;DEVOLUCAO EQUIP LOJA BASTOS;CDL OURINHOS - LABORATORIO;ALARES LABORATORIO;involuntaria;WIFI 6;1
JUL/2026;21/07/2026;SP-ORN;ALARES LOJA;ALARES LOJA;DEVOLUCAO EQUIP LOJA RINOPOLIS;CDL OURINHOS - LABORATORIO;ALARES LABORATORIO;voluntaria;OUTROS;1
JUL/2026;21/07/2026;SP-ORN;ALARES LOJA;ALARES LOJA;DEVOLUCAO EQUIP LOJA BASTOS;CDL OURINHOS - LABORATORIO;ALARES LABORATORIO;voluntaria;WIFI 5;2
JUL/2026;21/07/2026;SP-ORN;ALARES LOJA;ALARES LOJA;DEVOLUCAO EQUIP LOJA TUPA;CDL OURINHOS - LABORATORIO;ALARES LABORATORIO;voluntaria;WIFI 5;30
JUL/2026;21/07/2026;SP-ORN;ALARES LOJA;ALARES LOJA;DEVOLUCAO EQUIP LOJA RINOPOLIS;CDL OURINHOS - LABORATORIO;ALARES LABORATORIO;voluntaria;WIFI 5;2
JUL/2026;21/07/2026;SP-ORN;ALARES LOJA;ALARES LOJA;DEVOLUCAO EQUIP LOJA BASTOS;CDL OURINHOS - LABORATORIO;ALARES LABORATORIO;voluntaria;WIFI 6;2
JUL/2026;21/07/2026;SP-ORN;ALARES LOJA;ALARES LOJA;DEVOLUCAO EQUIP LOJA RINOPOLIS;CDL OURINHOS - LABORATORIO;ALARES LABORATORIO;voluntaria;WIFI 6;1
JUL/2026;21/07/2026;SP-ORN;ALARES LOJA;ALARES LOJA;DEVOLUCAO EQUIP LOJA TUPA;CDL OURINHOS - LABORATORIO;ALARES LABORATORIO;voluntaria;WIFI 6;6
JUL/2026;21/07/2026;SP-SOC;ALARES LOJA;ALARES LOJA;DEVOLUCAO EQUIP LOJA IGUAPE;CDL REGISTRO - LABORATORIO;ALARES LABORATORIO;involuntaria;WIFI 5;1
JUL/2026;21/07/2026;SP-SOC;ALARES LOJA;ALARES LOJA;DEVOLUCAO EQUIP LOJA IGUAPE;CDL REGISTRO - LABORATORIO;ALARES LABORATORIO;voluntaria;OUTROS;3
JUL/2026;21/07/2026;SP-SOC;ALARES LOJA;ALARES LOJA;DEVOLUCAO EQUIP LOJA IGUAPE;CDL REGISTRO - LABORATORIO;ALARES LABORATORIO;voluntaria;WIFI 5;15
JUL/2026;21/07/2026;SP-SOC;ALARES LOJA;ALARES LOJA;DEVOLUCAO EQUIP LOJA IGUAPE;CDL REGISTRO - LABORATORIO;ALARES LABORATORIO;voluntaria;WIFI 6;7
JUL/2026;21/07/2026;SP-SPR;ALARES LOJA;ALARES LOJA;DEVOLUCAO EQUIP LOJA SARAPUI;CDL ITUPEVA - LABORATORIO;ALARES CDL;voluntaria;WIFI 5;1
JUL/2026;20/07/2026;CE;ALARES LOJA;ALARES LOJA;DEVOLUCAO EQUIP LOJA SAO GONCALO DO AMARANTE;CDL NATAL - LABORATORIO;ALARES LABORATORIO;Sem.Info;WIFI 5;2
JUL/2026;20/07/2026;CE;ALARES LOJA;ALARES LOJA;DEVOLUCAO EQUIP LOJA SAO GONCALO DO AMARANTE;CDL NATAL - LABORATORIO;ALARES LABORATORIO;voluntaria;WIFI 5;1
JUL/2026;20/07/2026;CE;ALARES LOJA;ALARES LOJA;DEVOLUCAO EQUIP LOJA SAO GONCALO DO AMARANTE;CDL NATAL - LABORATORIO;ALARES LABORATORIO;voluntaria;WIFI 6;2
JUL/2026;20/07/2026;RN;ALARES LOJA;ALARES LOJA;DEVOLUCAO EQUIP LOJA PARNAMIRIM;CDL NATAL - LABORATORIO;ALARES LABORATORIO;Sem.Info;OUTROS;1
JUL/2026;20/07/2026;RN;ALARES LOJA;ALARES LOJA;DEVOLUCAO EQUIP LOJA NATAL;CDL NATAL - LABORATORIO;ALARES LABORATORIO;Sem.Info;OUTROS;4
JUL/2026;20/07/2026;RN;ALARES LOJA;ALARES LOJA;DEVOLUCAO EQUIP LOJA PARNAMIRIM;CDL NATAL - LABORATORIO;ALARES LABORATORIO;Sem.Info;WIFI 5;7
JUL/2026;20/07/2026;RN;ALARES LOJA;ALARES LOJA;DEVOLUCAO EQUIP LOJA NATAL;CDL NATAL - LABORATORIO;ALARES LABORATORIO;Sem.Info;WIFI 5;17
JUL/2026;20/07/2026;RN;ALARES LOJA;ALARES LOJA;DEVOLUCAO EQUIP LOJA PARNAMIRIM;CDL NATAL - LABORATORIO;ALARES LABORATORIO;voluntaria;IPTV;2
JUL/2026;20/07/2026;RN;ALARES LOJA;ALARES LOJA;DEVOLUCAO EQUIP LOJA NATAL;CDL NATAL - LABORATORIO;ALARES LABORATORIO;voluntaria;IPTV;3
JUL/2026;20/07/2026;RN;ALARES LOJA;ALARES LOJA;DEVOLUCAO EQUIP LOJA NATAL;CDL NATAL - LABORATORIO;ALARES LABORATORIO;voluntaria;OUTROS;1
JUL/2026;20/07/2026;RN;ALARES LOJA;ALARES LOJA;DEVOLUCAO EQUIP LOJA NATAL;CDL NATAL - LABORATORIO;ALARES LABORATORIO;voluntaria;WIFI 5;16
JUL/2026;20/07/2026;RN;ALARES LOJA;ALARES LOJA;DEVOLUCAO EQUIP LOJA PARNAMIRIM;CDL NATAL - LABORATORIO;ALARES LABORATORIO;voluntaria;WIFI 5;6
JUL/2026;20/07/2026;RN;ALARES LOJA;ALARES LOJA;DEVOLUCAO EQUIP LOJA PARNAMIRIM;CDL NATAL - LABORATORIO;ALARES LABORATORIO;voluntaria;WIFI 6;6
JUL/2026;20/07/2026;RN;ALARES LOJA;ALARES LOJA;DEVOLUCAO EQUIP LOJA NATAL;CDL NATAL - LABORATORIO;ALARES LABORATORIO;voluntaria;WIFI 6;24
JUL/2026;20/07/2026;SP-ITV;ALARES LOJA;ALARES LOJA;DEVOLUCAO EQUIP LOJA TABOAO DA SERRA;CDL ITUPEVA - ERRO DE CADASTRO;ALARES CDL;voluntaria;OUTROS;2
JUL/2026;20/07/2026;SP-ITV;ALARES LOJA;ALARES LOJA;DEVOLUCAO LOJAS ERRO ITUPEVA - GMUD;CDL ITUPEVA - LABORATORIO;ALARES CDL;Sem.Info;WIFI 5;30
JUL/2026;20/07/2026;SP-ITV;ALARES LOJA;ALARES LOJA;DEVOLUCAO EQUIP LOJA TABOAO DA SERRA;CDL ITUPEVA - LABORATORIO;ALARES CDL;Sem.Info;WIFI 5;4
JUL/2026;20/07/2026;SP-ITV;ALARES LOJA;ALARES LOJA;DEVOLUCAO LOJAS ERRO ITUPEVA - GMUD;CDL ITUPEVA - LABORATORIO;ALARES CDL;Sem.Info;WIFI 6;6
JUL/2026;20/07/2026;SP-ITV;ALARES LOJA;ALARES LOJA;DEVOLUCAO EQUIP LOJA TABOAO DA SERRA;CDL ITUPEVA - LABORATORIO;ALARES CDL;Sem.Info;WIFI 6;1
JUL/2026;20/07/2026;SP-ITV;ALARES LOJA;ALARES LOJA;DEVOLUCAO EQUIP LOJA TABOAO DA SERRA;CDL ITUPEVA - LABORATORIO;ALARES CDL;involuntaria;WIFI 5;1
JUL/2026;20/07/2026;SP-ITV;ALARES LOJA;ALARES LOJA;DEVOLUCAO EQUIP LOJA TABOAO DA SERRA;CDL ITUPEVA - LABORATORIO;ALARES CDL;voluntaria;WIFI 5;14
JUL/2026;20/07/2026;SP-ITV;ALARES LOJA;ALARES LOJA;DEVOLUCAO EQUIP LOJA TABOAO DA SERRA;CDL ITUPEVA - LABORATORIO;ALARES CDL;voluntaria;WIFI 6;12
JUL/2026;20/07/2026;SP-ORN;ALARES LOJA;ALARES LOJA;DEVOLUCAO EQUIP LOJA PRESIDENTE PRUDENTE;CDL OURINHOS - LABORATORIO;ALARES LABORATORIO;Sem.Info;WIFI 5;3
JUL/2026;20/07/2026;SP-ORN;ALARES LOJA;ALARES LOJA;DEVOLUCAO EQUIP LOJA PRESIDENTE PRUDENTE;CDL OURINHOS - LABORATORIO;ALARES LABORATORIO;involuntaria;WIFI 5;1
JUL/2026;20/07/2026;SP-ORN;ALARES LOJA;ALARES LOJA;DEVOLUCAO EQUIP LOJA ASSIS;CDL OURINHOS - LABORATORIO;ALARES LABORATORIO;involuntaria;WIFI 6;1
JUL/2026;20/07/2026;SP-ORN;ALARES LOJA;ALARES LOJA;DEVOLUCAO EQUIP LOJA IBIRAREMA;CDL OURINHOS - LABORATORIO;ALARES LABORATORIO;involuntaria;WIFI 6;1
JUL/2026;20/07/2026;SP-ORN;ALARES LOJA;ALARES LOJA;DEVOLUCAO EQUIP LOJA PRESIDENTE PRUDENTE;CDL OURINHOS - LABORATORIO;ALARES LABORATORIO;involuntaria;WIFI 6;1
JUL/2026;20/07/2026;SP-ORN;ALARES LOJA;ALARES LOJA;DEVOLUCAO EQUIP LOJA IBIRAREMA;CDL OURINHOS - LABORATORIO;ALARES LABORATORIO;voluntaria;OUTROS;1
JUL/2026;20/07/2026;SP-ORN;ALARES LOJA;ALARES LOJA;DEVOLUCAO EQUIP LOJA ASSIS;CDL OURINHOS - LABORATORIO;ALARES LABORATORIO;voluntaria;OUTROS;8
JUL/2026;20/07/2026;SP-ORN;ALARES LOJA;ALARES LOJA;DEVOLUCAO EQUIP LOJA PRESIDENTE PRUDENTE;CDL OURINHOS - LABORATORIO;ALARES LABORATORIO;voluntaria;OUTROS;1
JUL/2026;20/07/2026;SP-ORN;ALARES LOJA;ALARES LOJA;DEVOLUCAO EQUIP LOJA PRESIDENTE PRUDENTE;CDL OURINHOS - LABORATORIO;ALARES LABORATORIO;voluntaria;WIFI 5;46
JUL/2026;20/07/2026;SP-ORN;ALARES LOJA;ALARES LOJA;DEVOLUCAO EQUIP LOJA IBIRAREMA;CDL OURINHOS - LABORATORIO;ALARES LABORATORIO;voluntaria;WIFI 5;1
JUL/2026;20/07/2026;SP-ORN;ALARES LOJA;ALARES LOJA;DEVOLUCAO EQUIP LOJA ASSIS;CDL OURINHOS - LABORATORIO;ALARES LABORATORIO;voluntaria;WIFI 5;7
JUL/2026;20/07/2026;SP-ORN;ALARES LOJA;ALARES LOJA;DEVOLUCAO EQUIP LOJA ALVARES MACHADO;CDL OURINHOS - LABORATORIO;ALARES LABORATORIO;voluntaria;WIFI 5;1
JUL/2026;20/07/2026;SP-ORN;ALARES LOJA;ALARES LOJA;DEVOLUCAO EQUIP LOJA PRESIDENTE PRUDENTE;CDL OURINHOS - LABORATORIO;ALARES LABORATORIO;voluntaria;WIFI 6;13
JUL/2026;20/07/2026;SP-ORN;ALARES LOJA;ALARES LOJA;DEVOLUCAO EQUIP LOJA ASSIS;CDL OURINHOS - LABORATORIO;ALARES LABORATORIO;voluntaria;WIFI 6;1
JUL/2026;20/07/2026;SP-SOC;ALARES LOJA;ALARES LOJA;DEVOLUCAO EQUIP LOJA SOROCABA;CDL ITUPEVA - LABORATORIO;ALARES CDL;Sem.Info;OUTROS;1
JUL/2026;20/07/2026;SP-SOC;ALARES LOJA;ALARES LOJA;DEVOLUCAO EQUIP LOJA EMBU DAS ARTES;CDL ITUPEVA - LABORATORIO;ALARES CDL;Sem.Info;WIFI 5;5
JUL/2026;20/07/2026;SP-SOC;ALARES LOJA;ALARES LOJA;DEVOLUCAO EQUIP LOJA EMBU DAS ARTES;CDL ITUPEVA - LABORATORIO;ALARES CDL;voluntaria;WIFI 5;4
JUL/2026;20/07/2026;SP-SOC;ALARES LOJA;ALARES LOJA;DEVOLUCAO EQUIP LOJA ITAPECERICA DA SERRA;CDL ITUPEVA - LABORATORIO;ALARES CDL;voluntaria;WIFI 5;1
JUL/2026;20/07/2026;SP-SOC;ALARES LOJA;ALARES LOJA;DEVOLUCAO EQUIP LOJA EMBU DAS ARTES;CDL ITUPEVA - LABORATORIO;ALARES CDL;voluntaria;WIFI 6;4
JUL/2026;20/07/2026;SP-SOC;ALARES LOJA;ALARES LOJA;DEVOLUCAO EQUIP LOJA PARIQUERA - AÇU;CDL ITUPEVA - LABORATORIO;ALARES CDL;voluntaria;WIFI 6;1
JUL/2026;20/07/2026;SP-SPR;ALARES LOJA;ALARES LOJA;DEVOLUCAO EQUIP LOJA SARAPUI;CDL ITUPEVA - LABORATORIO;ALARES CDL;voluntaria;WIFI 5;4
JUL/2026;20/07/2026;SP-SPR;ALARES LOJA;ALARES LOJA;DEVOLUCAO EQUIP LOJA SALTO DE PIRAPORA;CDL ITUPEVA - LABORATORIO;ALARES CDL;voluntaria;WIFI 6;1
JUL/2026;20/07/2026;SP-SPR;ALARES LOJA;ALARES LOJA;DEVOLUCAO EQUIP LOJA SARAPUI;CDL ITUPEVA - LABORATORIO;ALARES CDL;voluntaria;WIFI 6;5
JUL/2026;17/07/2026;MG;ALARES LOJA;ALARES LOJA;WEB - RETIRADA EQUIP. LOJA - INATIVO;CDL POCOS DE CALDAS - LABORATORIO;ALARES LABORATORIO;Sem.Info;OUTROS;1
JUL/2026;17/07/2026;MG;ALARES LOJA;ALARES LOJA;DEVOLUCAO LOJAS ERRO PCS - GMUD;CDL POCOS DE CALDAS - LABORATORIO;ALARES LABORATORIO;Sem.Info;OUTROS;11
JUL/2026;17/07/2026;PB;DEBORAH BRUNA;TERCEIROS COLETA;EMP JPA REV DB - DEBORAH BRUNA;CDL JOAO PESSOA - LABORATORIO;ALARES LABORATORIO;Sem.Info;WIFI 5;1
JUL/2026;17/07/2026;PB;DEBORAH BRUNA;TERCEIROS COLETA;EMP JPA REV DB - DEBORAH BRUNA;CDL JOAO PESSOA - LABORATORIO;ALARES LABORATORIO;involuntaria;WIFI 5;2
JUL/2026;17/07/2026;PB;DEBORAH BRUNA;TERCEIROS COLETA;EMP JPA REV DB - DEBORAH BRUNA;CDL JOAO PESSOA - LABORATORIO;ALARES LABORATORIO;involuntaria;WIFI 6;4
JUL/2026;17/07/2026;PB;DEBORAH BRUNA;TERCEIROS COLETA;EMP JPA REV DB - DEBORAH BRUNA;CDL JOAO PESSOA - LABORATORIO;ALARES LABORATORIO;voluntaria;OUTROS;2
JUL/2026;17/07/2026;PB;DEBORAH BRUNA;TERCEIROS COLETA;EMP JPA REV DB - DEBORAH BRUNA;CDL JOAO PESSOA - LABORATORIO;ALARES LABORATORIO;voluntaria;WIFI 5;17
JUL/2026;17/07/2026;PB;DEBORAH BRUNA;TERCEIROS COLETA;EMP JPA REV DB - DEBORAH BRUNA;CDL JOAO PESSOA - LABORATORIO;ALARES LABORATORIO;voluntaria;WIFI 6;23
JUL/2026;17/07/2026;RN;NDR;TERCEIROS COLETA;EMP NTL REV NDR - PRINCIPAL;CDL NATAL - LABORATORIO;ALARES LABORATORIO;Sem.Info;WIFI 6;1
JUL/2026;17/07/2026;RN;NDR;TERCEIROS COLETA;EMP NTL REV NDR - PRINCIPAL;CDL NATAL - LABORATORIO;ALARES LABORATORIO;involuntaria;IPTV;5
JUL/2026;17/07/2026;RN;NDR;TERCEIROS COLETA;EMP NTL REV NDR - PRINCIPAL;CDL NATAL - LABORATORIO;ALARES LABORATORIO;involuntaria;WIFI 5;32
JUL/2026;17/07/2026;RN;NDR;TERCEIROS COLETA;EMP NTL REV NDR - PRINCIPAL;CDL NATAL - LABORATORIO;ALARES LABORATORIO;involuntaria;WIFI 6;63
JUL/2026;17/07/2026;RN;NDR;TERCEIROS COLETA;EMP NTL REV NDR - PRINCIPAL;CDL NATAL - LABORATORIO;ALARES LABORATORIO;voluntaria;IPTV;49
JUL/2026;17/07/2026;RN;NDR;TERCEIROS COLETA;EMP NTL REV NDR - PRINCIPAL;CDL NATAL - LABORATORIO;ALARES LABORATORIO;voluntaria;OUTROS;5
JUL/2026;17/07/2026;RN;NDR;TERCEIROS COLETA;EMP NTL REV NDR - PRINCIPAL;CDL NATAL - LABORATORIO;ALARES LABORATORIO;voluntaria;WIFI 5;143
JUL/2026;17/07/2026;RN;NDR;TERCEIROS COLETA;EMP NTL REV NDR - PRINCIPAL;CDL NATAL - LABORATORIO;ALARES LABORATORIO;voluntaria;WIFI 6;198
JUL/2026;17/07/2026;SP-ITV;ALARES LOJA;ALARES LOJA;DEVOLUCAO LOJAS ERRO ITUPEVA - GMUD;CDL ITUPEVA - LABORATORIO;ALARES CDL;Sem.Info;WIFI 5;3
JUL/2026;17/07/2026;SP-ORN;TELECOM;TERCEIROS COLETA;EMP ORN REV TELECOM FERNANDA SOARES;CDL OURINHOS - LABORATORIO;ALARES LABORATORIO;Sem.Info;WIFI 5;9
JUL/2026;17/07/2026;SP-ORN;TELECOM;TERCEIROS COLETA;EMP ORN REV TELECOM FERNANDA SOARES;CDL OURINHOS - LABORATORIO;ALARES LABORATORIO;involuntaria;OUTROS;27
JUL/2026;17/07/2026;SP-ORN;TELECOM;TERCEIROS COLETA;EMP ORN REV TELECOM FERNANDA SOARES;CDL OURINHOS - LABORATORIO;ALARES LABORATORIO;involuntaria;WIFI 5;76
JUL/2026;17/07/2026;SP-ORN;TELECOM;TERCEIROS COLETA;EMP ORN REV TELECOM FERNANDA SOARES;CDL OURINHOS - LABORATORIO;ALARES LABORATORIO;involuntaria;WIFI 6;43
JUL/2026;17/07/2026;SP-ORN;TELECOM;TERCEIROS COLETA;EMP ORN REV TELECOM FERNANDA SOARES;CDL OURINHOS - LABORATORIO;ALARES LABORATORIO;voluntaria;OUTROS;73
JUL/2026;17/07/2026;SP-ORN;TELECOM;TERCEIROS COLETA;EMP ORN REV TELECOM FERNANDA SOARES;CDL OURINHOS - LABORATORIO;ALARES LABORATORIO;voluntaria;WIFI 5;221
JUL/2026;17/07/2026;SP-ORN;TELECOM;TERCEIROS COLETA;EMP ORN REV TELECOM FERNANDA SOARES;CDL OURINHOS - LABORATORIO;ALARES LABORATORIO;voluntaria;WIFI 6;87
JUL/2026;17/07/2026;SP-SOC;ALARES LOJA;ALARES LOJA;DEVOLUCAO EQUIP LOJA SOROCABA;CDL ITUPEVA - LABORATORIO;ALARES CDL;voluntaria;WIFI 6;1
JUL/2026;17/07/2026;SP-SOC;ALARES LOJA;ALARES LOJA;DEVOLUCAO EQUIP LOJA ELDORADO;CDL REGISTRO - LABORATORIO;ALARES LABORATORIO;Sem.Info;OUTROS;1
JUL/2026;17/07/2026;SP-SOC;ALARES LOJA;ALARES LOJA;DEVOLUCAO EQUIP LOJA ELDORADO;CDL REGISTRO - LABORATORIO;ALARES LABORATORIO;Sem.Info;WIFI 5;4
JUL/2026;17/07/2026;SP-SOC;ALARES LOJA;ALARES LOJA;DEVOLUCAO EQUIP LOJA SETE BARRAS;CDL REGISTRO - LABORATORIO;ALARES LABORATORIO;Sem.Info;WIFI 5;1
JUL/2026;17/07/2026;SP-SOC;ALARES LOJA;ALARES LOJA;DEVOLUCAO EQUIP LOJA SETE BARRAS;CDL REGISTRO - LABORATORIO;ALARES LABORATORIO;voluntaria;WIFI 5;1
JUL/2026;17/07/2026;SP-SOC;ALARES LOJA;ALARES LOJA;DEVOLUCAO EQUIP LOJA ELDORADO;CDL REGISTRO - LABORATORIO;ALARES LABORATORIO;voluntaria;WIFI 5;1
JUL/2026;17/07/2026;SP-SOC;ALARES LOJA;ALARES LOJA;DEVOLUCAO EQUIP LOJA ELDORADO;CDL REGISTRO - LABORATORIO;ALARES LABORATORIO;voluntaria;WIFI 6;2
JUL/2026;17/07/2026;SP-SPR;ALARES LOJA;ALARES LOJA;DEVOLUCAO EQUIP LOJA ARACOIABA DA SERRA;CDL ITUPEVA - LABORATORIO;ALARES CDL;involuntaria;WIFI 6;1
JUL/2026;17/07/2026;SP-SPR;ALARES LOJA;ALARES LOJA;DEVOLUCAO EQUIP LOJA ARACOIABA DA SERRA;CDL ITUPEVA - LABORATORIO;ALARES CDL;voluntaria;WIFI 5;3
JUL/2026;17/07/2026;SP-SPR;ALARES LOJA;ALARES LOJA;DEVOLUCAO EQUIP LOJA ARACOIABA DA SERRA;CDL ITUPEVA - LABORATORIO;ALARES CDL;voluntaria;WIFI 6;6
JUL/2026;16/07/2026;BA;ALARES LOJA;ALARES LOJA;DEVOLUCAO EQUIP LOJA EUNAPOLIS;CDL FORTALEZA - LABORATORIO;ALARES LABORATORIO;voluntaria;WIFI 5;1
JUL/2026;16/07/2026;BA;ALARES LOJA;ALARES LOJA;DEVOLUCAO EQUIP LOJA EUNAPOLIS;CDL FORTALEZA - LABORATORIO;ALARES LABORATORIO;voluntaria;WIFI 6;3
JUL/2026;16/07/2026;CE;ALARES LOJA;ALARES LOJA;DEVOLUCAO EQUIP LOJA FORTALEZA;CDL FORTALEZA - LABORATORIO;ALARES LABORATORIO;voluntaria;IPTV;1
JUL/2026;16/07/2026;CE;ALARES LOJA;ALARES LOJA;DEVOLUCAO EQUIP LOJA FORTALEZA;CDL FORTALEZA - LABORATORIO;ALARES LABORATORIO;voluntaria;WIFI 6;1
JUL/2026;16/07/2026;CE;REPARO ELETROS;TERCEIROS COLETA;EMP FLA REV REPARO ELETROS JADSON ITALO;CDL FORTALEZA - LABORATORIO;ALARES LABORATORIO;Sem.Info;OUTROS;3
JUL/2026;16/07/2026;CE;REPARO ELETROS;TERCEIROS COLETA;EMP FLA REV REPARO ELETROS JADSON ITALO;CDL FORTALEZA - LABORATORIO;ALARES LABORATORIO;Sem.Info;WIFI 5;2
JUL/2026;16/07/2026;CE;REPARO ELETROS;TERCEIROS COLETA;EMP FLA REV REPARO ELETROS JADSON ITALO;CDL FORTALEZA - LABORATORIO;ALARES LABORATORIO;Sem.Info;WIFI 6;1
JUL/2026;16/07/2026;CE;REPARO ELETROS;TERCEIROS COLETA;EMP FLA REV REPARO ELETROS JADSON ITALO;CDL FORTALEZA - LABORATORIO;ALARES LABORATORIO;involuntaria;IPTV;1
JUL/2026;16/07/2026;CE;REPARO ELETROS;TERCEIROS COLETA;EMP FLA REV REPARO ELETROS JADSON ITALO;CDL FORTALEZA - LABORATORIO;ALARES LABORATORIO;involuntaria;WIFI 5;1
JUL/2026;16/07/2026;CE;REPARO ELETROS;TERCEIROS COLETA;EMP FLA REV REPARO ELETROS JADSON ITALO;CDL FORTALEZA - LABORATORIO;ALARES LABORATORIO;voluntaria;IPTV;9
JUL/2026;16/07/2026;CE;REPARO ELETROS;TERCEIROS COLETA;EMP FLA REV REPARO ELETROS JADSON ITALO;CDL FORTALEZA - LABORATORIO;ALARES LABORATORIO;voluntaria;WIFI 5;43
JUL/2026;16/07/2026;CE;REPARO ELETROS;TERCEIROS COLETA;EMP FLA REV REPARO ELETROS JADSON ITALO;CDL FORTALEZA - LABORATORIO;ALARES LABORATORIO;voluntaria;WIFI 6;41
JUL/2026;16/07/2026;CE;TERCEIROS COLETA;TERCEIROS COLETA;DEVOLUCAO REVERSA TERCEIROS FLA - GMUD;CDL FORTALEZA - LABORATORIO;ALARES LABORATORIO;Sem.Info;OUTROS;3
JUL/2026;16/07/2026;RN;ALARES LOJA;ALARES LOJA;DEVOLUCAO EQUIP LOJA NATAL;CDL FORTALEZA - LABORATORIO;ALARES LABORATORIO;Sem.Info;WIFI 5;1
JUL/2026;16/07/2026;RN;ALARES LOJA;ALARES LOJA;DEVOLUCAO EQUIP LOJA NATAL;CDL FORTALEZA - LABORATORIO;ALARES LABORATORIO;voluntaria;WIFI 6;1
JUL/2026;16/07/2026;RN;ALARES LOJA;ALARES LOJA;DEVOLUCAO EQUIP LOJA NATAL;CDL NATAL - LABORATORIO;ALARES LABORATORIO;Sem.Info;WIFI 5;1
JUL/2026;16/07/2026;RN;ALARES LOJA;ALARES LOJA;DEVOLUCAO EQUIP LOJA PARNAMIRIM;CDL NATAL - LABORATORIO;ALARES LABORATORIO;Sem.Info;WIFI 5;4
JUL/2026;16/07/2026;RN;ALARES LOJA;ALARES LOJA;DEVOLUCAO EQUIP LOJA NATAL;CDL NATAL - LABORATORIO;ALARES LABORATORIO;voluntaria;IPTV;1
JUL/2026;16/07/2026;RN;ALARES LOJA;ALARES LOJA;DEVOLUCAO EQUIP LOJA NISIA FLORESTA;CDL NATAL - LABORATORIO;ALARES LABORATORIO;voluntaria;IPTV;1
JUL/2026;16/07/2026;RN;ALARES LOJA;ALARES LOJA;DEVOLUCAO EQUIP LOJA NATAL;CDL NATAL - LABORATORIO;ALARES LABORATORIO;voluntaria;WIFI 5;11
JUL/2026;16/07/2026;RN;ALARES LOJA;ALARES LOJA;DEVOLUCAO EQUIP LOJA NISIA FLORESTA;CDL NATAL - LABORATORIO;ALARES LABORATORIO;voluntaria;WIFI 5;2
JUL/2026;16/07/2026;RN;ALARES LOJA;ALARES LOJA;DEVOLUCAO EQUIP LOJA PARNAMIRIM;CDL NATAL - LABORATORIO;ALARES LABORATORIO;voluntaria;WIFI 5;4
JUL/2026;16/07/2026;RN;ALARES LOJA;ALARES LOJA;DEVOLUCAO EQUIP LOJA NATAL;CDL NATAL - LABORATORIO;ALARES LABORATORIO;voluntaria;WIFI 6;12
JUL/2026;16/07/2026;RN;ALARES LOJA;ALARES LOJA;DEVOLUCAO EQUIP LOJA PARNAMIRIM;CDL NATAL - LABORATORIO;ALARES LABORATORIO;voluntaria;WIFI 6;2
JUL/2026;16/07/2026;SP-ITV;ALARES LOJA;ALARES LOJA;DEVOLUCAO LOJAS ERRO ITUPEVA - GMUD;CDL ITUPEVA - LABORATORIO;ALARES CDL;Sem.Info;OUTROS;5
JUL/2026;16/07/2026;SP-ITV;ALARES LOJA;ALARES LOJA;DEVOLUCAO LOJAS ERRO ITUPEVA - GMUD;CDL ITUPEVA - LABORATORIO;ALARES CDL;Sem.Info;WIFI 5;17
JUL/2026;16/07/2026;SP-MOC;ALARES LOJA;ALARES LOJA;DEVOLUCAO EQUIP LOJA MOGI GUACU;CDL ITUPEVA - LABORATORIO;ALARES CDL;Sem.Info;WIFI 6;3
JUL/2026;16/07/2026;SP-ORN;JOAO MANTOAN;TERCEIROS COLETA;EMP ORN REV JM JOAO MANTOAN;CDL OURINHOS - LABORATORIO;ALARES LABORATORIO;Sem.Info;OUTROS;2
JUL/2026;16/07/2026;SP-ORN;JOAO MANTOAN;TERCEIROS COLETA;EMP ORN REV JM JOAO MANTOAN;CDL OURINHOS - LABORATORIO;ALARES LABORATORIO;Sem.Info;WIFI 5;6
JUL/2026;16/07/2026;SP-ORN;JOAO MANTOAN;TERCEIROS COLETA;EMP ORN REV JM JOAO MANTOAN;CDL OURINHOS - LABORATORIO;ALARES LABORATORIO;Sem.Info;WIFI 6;1
JUL/2026;16/07/2026;SP-ORN;JOAO MANTOAN;TERCEIROS COLETA;EMP ORN REV JM JOAO MANTOAN;CDL OURINHOS - LABORATORIO;ALARES LABORATORIO;involuntaria;OUTROS;26
JUL/2026;16/07/2026;SP-ORN;JOAO MANTOAN;TERCEIROS COLETA;EMP ORN REV JM JOAO MANTOAN;CDL OURINHOS - LABORATORIO;ALARES LABORATORIO;involuntaria;WIFI 5;60
JUL/2026;16/07/2026;SP-ORN;JOAO MANTOAN;TERCEIROS COLETA;EMP ORN REV JM JOAO MANTOAN;CDL OURINHOS - LABORATORIO;ALARES LABORATORIO;involuntaria;WIFI 6;42
JUL/2026;16/07/2026;SP-ORN;JOAO MANTOAN;TERCEIROS COLETA;EMP ORN REV JM JOAO MANTOAN;CDL OURINHOS - LABORATORIO;ALARES LABORATORIO;voluntaria;OUTROS;58
JUL/2026;16/07/2026;SP-ORN;JOAO MANTOAN;TERCEIROS COLETA;EMP ORN REV JM JOAO MANTOAN;CDL OURINHOS - LABORATORIO;ALARES LABORATORIO;voluntaria;WIFI 5;190
JUL/2026;16/07/2026;SP-ORN;JOAO MANTOAN;TERCEIROS COLETA;EMP ORN REV JM JOAO MANTOAN;CDL OURINHOS - LABORATORIO;ALARES LABORATORIO;voluntaria;WIFI 6;76
JUL/2026;16/07/2026;SP-SOC;ALARES LOJA;ALARES LOJA;DEVOLUCAO EQUIP LOJA IBIUNA;CDL ITUPEVA - LABORATORIO;ALARES CDL;Sem.Info;WIFI 5;11
JUL/2026;16/07/2026;SP-SOC;ALARES LOJA;ALARES LOJA;DEVOLUCAO EQUIP LOJA PIEDADE;CDL ITUPEVA - LABORATORIO;ALARES CDL;Sem.Info;WIFI 5;1
JUL/2026;16/07/2026;SP-SOC;ALARES LOJA;ALARES LOJA;DEVOLUCAO EQUIP LOJA IBIUNA;CDL ITUPEVA - LABORATORIO;ALARES CDL;involuntaria;WIFI 5;3
JUL/2026;16/07/2026;SP-SOC;ALARES LOJA;ALARES LOJA;DEVOLUCAO EQUIP LOJA PIEDADE;CDL ITUPEVA - LABORATORIO;ALARES CDL;voluntaria;OUTROS;1
JUL/2026;16/07/2026;SP-SOC;ALARES LOJA;ALARES LOJA;DEVOLUCAO EQUIP LOJA PIEDADE;CDL ITUPEVA - LABORATORIO;ALARES CDL;voluntaria;WIFI 5;1
JUL/2026;16/07/2026;SP-SOC;ALARES LOJA;ALARES LOJA;DEVOLUCAO EQUIP LOJA IBIUNA;CDL ITUPEVA - LABORATORIO;ALARES CDL;voluntaria;WIFI 5;7
JUL/2026;16/07/2026;SP-SOC;ALARES LOJA;ALARES LOJA;DEVOLUCAO EQUIP LOJA IBIUNA;CDL ITUPEVA - LABORATORIO;ALARES CDL;voluntaria;WIFI 6;5
JUL/2026;16/07/2026;SP-SOC;ALARES LOJA;ALARES LOJA;DEVOLUCAO EQUIP LOJA PIEDADE;CDL ITUPEVA - LABORATORIO;ALARES CDL;voluntaria;WIFI 6;3
JUL/2026;16/07/2026;SP-SOC;ALARES LOJA;ALARES LOJA;DEVOLUCAO EQUIP LOJA SETE BARRAS;CDL REGISTRO - LABORATORIO;ALARES LABORATORIO;Sem.Info;WIFI 5;1
JUL/2026;16/07/2026;SP-SOC;ALARES LOJA;ALARES LOJA;DEVOLUCAO EQUIP LOJA ELDORADO;CDL REGISTRO - LABORATORIO;ALARES LABORATORIO;involuntaria;WIFI 5;1
JUL/2026;16/07/2026;SP-SOC;ALARES LOJA;ALARES LOJA;DEVOLUCAO EQUIP LOJA SETE BARRAS;CDL REGISTRO - LABORATORIO;ALARES LABORATORIO;voluntaria;OUTROS;4
JUL/2026;16/07/2026;SP-SOC;ALARES LOJA;ALARES LOJA;DEVOLUCAO EQUIP LOJA SETE BARRAS;CDL REGISTRO - LABORATORIO;ALARES LABORATORIO;voluntaria;WIFI 5;4
JUL/2026;16/07/2026;SP-SOC;ALARES LOJA;ALARES LOJA;DEVOLUCAO EQUIP LOJA ELDORADO;CDL REGISTRO - LABORATORIO;ALARES LABORATORIO;voluntaria;WIFI 5;4
JUL/2026;16/07/2026;SP-SOC;ALARES LOJA;ALARES LOJA;DEVOLUCAO EQUIP LOJA SETE BARRAS;CDL REGISTRO - LABORATORIO;ALARES LABORATORIO;voluntaria;WIFI 6;7
JUL/2026;16/07/2026;SP-SOC;ALARES LOJA;ALARES LOJA;DEVOLUCAO EQUIP LOJA ELDORADO;CDL REGISTRO - LABORATORIO;ALARES LABORATORIO;voluntaria;WIFI 6;4
JUL/2026;15/07/2026;CE;ALARES LOJA;ALARES LOJA;DEVOLUCAO EQUIP LOJA FORTALEZA;CDL FORTALEZA - LABORATORIO;ALARES LABORATORIO;Sem.Info;IPTV;1
JUL/2026;15/07/2026;CE;ALARES LOJA;ALARES LOJA;DEVOLUCAO EQUIP LOJA FORTALEZA;CDL FORTALEZA - LABORATORIO;ALARES LABORATORIO;Sem.Info;OUTROS;1
JUL/2026;15/07/2026;CE;ALARES LOJA;ALARES LOJA;DEVOLUCAO EQUIP LOJA FORTALEZA;CDL FORTALEZA - LABORATORIO;ALARES LABORATORIO;Sem.Info;WIFI 5;1
JUL/2026;15/07/2026;CE;ALARES LOJA;ALARES LOJA;DEVOLUCAO EQUIP LOJA FORTALEZA;CDL FORTALEZA - LABORATORIO;ALARES LABORATORIO;Sem.Info;WIFI 6;1
JUL/2026;15/07/2026;CE;ALARES LOJA;ALARES LOJA;DEVOLUCAO EQUIP LOJA FORTALEZA;CDL FORTALEZA - LABORATORIO;ALARES LABORATORIO;voluntaria;IPTV;5
JUL/2026;15/07/2026;CE;ALARES LOJA;ALARES LOJA;DEVOLUCAO EQUIP LOJA FORTALEZA;CDL FORTALEZA - LABORATORIO;ALARES LABORATORIO;voluntaria;WIFI 5;28
JUL/2026;15/07/2026;CE;ALARES LOJA;ALARES LOJA;DEVOLUCAO EQUIP LOJA FORTALEZA;CDL FORTALEZA - LABORATORIO;ALARES LABORATORIO;voluntaria;WIFI 6;25
JUL/2026;15/07/2026;RN;ALARES LOJA;ALARES LOJA;DEVOLUCAO EQUIP LOJA PARNAMIRIM;CDL NATAL - LABORATORIO;ALARES LABORATORIO;Sem.Info;WIFI 5;2
JUL/2026;15/07/2026;RN;ALARES LOJA;ALARES LOJA;DEVOLUCAO EQUIP LOJA SAO JOSE DE MIPIBU;CDL NATAL - LABORATORIO;ALARES LABORATORIO;Sem.Info;WIFI 5;1
JUL/2026;15/07/2026;RN;ALARES LOJA;ALARES LOJA;DEVOLUCAO EQUIP LOJA PARNAMIRIM;CDL NATAL - LABORATORIO;ALARES LABORATORIO;involuntaria;WIFI 5;1
JUL/2026;15/07/2026;RN;ALARES LOJA;ALARES LOJA;DEVOLUCAO EQUIP LOJA NATAL;CDL NATAL - LABORATORIO;ALARES LABORATORIO;voluntaria;WIFI 5;1
JUL/2026;15/07/2026;RN;ALARES LOJA;ALARES LOJA;DEVOLUCAO EQUIP LOJA PARNAMIRIM;CDL NATAL - LABORATORIO;ALARES LABORATORIO;voluntaria;WIFI 5;10
JUL/2026;15/07/2026;RN;ALARES LOJA;ALARES LOJA;DEVOLUCAO EQUIP LOJA PARNAMIRIM;CDL NATAL - LABORATORIO;ALARES LABORATORIO;voluntaria;WIFI 6;9
JUL/2026;15/07/2026;SP-SOC;ALARES LOJA;ALARES LOJA;DEVOLUCAO EQUIP LOJA ELDORADO;CDL REGISTRO - LABORATORIO;ALARES LABORATORIO;Sem.Info;WIFI 5;1
JUL/2026;15/07/2026;SP-SOC;ALARES LOJA;ALARES LOJA;DEVOLUCAO EQUIP LOJA ELDORADO;CDL REGISTRO - LABORATORIO;ALARES LABORATORIO;involuntaria;WIFI 5;1
JUL/2026;15/07/2026;SP-SOC;ALARES LOJA;ALARES LOJA;DEVOLUCAO EQUIP LOJA ELDORADO;CDL REGISTRO - LABORATORIO;ALARES LABORATORIO;voluntaria;OUTROS;1
JUL/2026;15/07/2026;SP-SOC;ALARES LOJA;ALARES LOJA;DEVOLUCAO EQUIP LOJA ELDORADO;CDL REGISTRO - LABORATORIO;ALARES LABORATORIO;voluntaria;WIFI 5;3
JUL/2026;15/07/2026;SP-SOC;ALARES LOJA;ALARES LOJA;DEVOLUCAO EQUIP LOJA ELDORADO;CDL REGISTRO - LABORATORIO;ALARES LABORATORIO;voluntaria;WIFI 6;3
JUL/2026;15/07/2026;SP-SOC;DEROYQUE;TERCEIROS COLETA;EMP PCS REV DEROYQUE - PRINCIPAL;CDL ITUPEVA - LABORATORIO;ALARES CDL;voluntaria;WIFI 6;2
JUL/2026;14/07/2026;MG;ALARES LOJA;ALARES LOJA;DEVOLUCAO LOJAS ERRO PCS - GMUD;CDL POCOS DE CALDAS - LABORATORIO;ALARES LABORATORIO;Sem.Info;OUTROS;15
JUL/2026;14/07/2026;MG;ALARES LOJA;ALARES LOJA;DEVOLUCAO LOJAS ERRO PCS - GMUD;CDL POCOS DE CALDAS - LABORATORIO;ALARES LABORATORIO;Sem.Info;WIFI 5;1
JUL/2026;14/07/2026;RN;ALARES LOJA;ALARES LOJA;DEVOLUCAO EQUIP LOJA NATAL;CDL ITUPEVA - LABORATORIO;ALARES CDL;Sem.Info;WIFI 5;1
JUL/2026;14/07/2026;RN;ALARES LOJA;ALARES LOJA;DEVOLUCAO EQUIP LOJA NATAL;CDL NATAL - LABORATORIO;ALARES LABORATORIO;Sem.Info;OUTROS;1
JUL/2026;14/07/2026;RN;ALARES LOJA;ALARES LOJA;DEVOLUCAO EQUIP LOJA PARNAMIRIM;CDL NATAL - LABORATORIO;ALARES LABORATORIO;Sem.Info;OUTROS;1
JUL/2026;14/07/2026;RN;ALARES LOJA;ALARES LOJA;DEVOLUCAO EQUIP LOJA NATAL;CDL NATAL - LABORATORIO;ALARES LABORATORIO;Sem.Info;WIFI 5;7
JUL/2026;14/07/2026;RN;ALARES LOJA;ALARES LOJA;DEVOLUCAO EQUIP LOJA PARNAMIRIM;CDL NATAL - LABORATORIO;ALARES LABORATORIO;Sem.Info;WIFI 5;4
JUL/2026;14/07/2026;RN;ALARES LOJA;ALARES LOJA;DEVOLUCAO EQUIP LOJA NATAL;CDL NATAL - LABORATORIO;ALARES LABORATORIO;Sem.Info;WIFI 6;1
JUL/2026;14/07/2026;RN;ALARES LOJA;ALARES LOJA;DEVOLUCAO EQUIP LOJA PARNAMIRIM;CDL NATAL - LABORATORIO;ALARES LABORATORIO;involuntaria;WIFI 6;1
JUL/2026;14/07/2026;RN;ALARES LOJA;ALARES LOJA;DEVOLUCAO EQUIP LOJA NATAL;CDL NATAL - LABORATORIO;ALARES LABORATORIO;voluntaria;IPTV;13
JUL/2026;14/07/2026;RN;ALARES LOJA;ALARES LOJA;DEVOLUCAO EQUIP LOJA PARNAMIRIM;CDL NATAL - LABORATORIO;ALARES LABORATORIO;voluntaria;IPTV;3
JUL/2026;14/07/2026;RN;ALARES LOJA;ALARES LOJA;DEVOLUCAO EQUIP LOJA NATAL;CDL NATAL - LABORATORIO;ALARES LABORATORIO;voluntaria;OUTROS;6
JUL/2026;14/07/2026;RN;ALARES LOJA;ALARES LOJA;DEVOLUCAO EQUIP LOJA NATAL;CDL NATAL - LABORATORIO;ALARES LABORATORIO;voluntaria;WIFI 5;20
JUL/2026;14/07/2026;RN;ALARES LOJA;ALARES LOJA;DEVOLUCAO EQUIP LOJA PARNAMIRIM;CDL NATAL - LABORATORIO;ALARES LABORATORIO;voluntaria;WIFI 5;12
JUL/2026;14/07/2026;RN;ALARES LOJA;ALARES LOJA;DEVOLUCAO EQUIP LOJA PARNAMIRIM;CDL NATAL - LABORATORIO;ALARES LABORATORIO;voluntaria;WIFI 6;18
JUL/2026;14/07/2026;RN;ALARES LOJA;ALARES LOJA;DEVOLUCAO EQUIP LOJA NATAL;CDL NATAL - LABORATORIO;ALARES LABORATORIO;voluntaria;WIFI 6;19
JUL/2026;14/07/2026;RN;NDR;TERCEIROS COLETA;EMP NTL REV NDR - PRINCIPAL;CDL NATAL - LABORATORIO;ALARES LABORATORIO;Sem.Info;WIFI 6;1
JUL/2026;14/07/2026;RN;NDR;TERCEIROS COLETA;EMP NTL REV NDR - PRINCIPAL;CDL NATAL - LABORATORIO;ALARES LABORATORIO;involuntaria;WIFI 5;18
JUL/2026;14/07/2026;RN;NDR;TERCEIROS COLETA;EMP NTL REV NDR - PRINCIPAL;CDL NATAL - LABORATORIO;ALARES LABORATORIO;involuntaria;WIFI 6;13
JUL/2026;14/07/2026;RN;NDR;TERCEIROS COLETA;EMP NTL REV NDR - PRINCIPAL;CDL NATAL - LABORATORIO;ALARES LABORATORIO;voluntaria;IPTV;54
JUL/2026;14/07/2026;RN;NDR;TERCEIROS COLETA;EMP NTL REV NDR - PRINCIPAL;CDL NATAL - LABORATORIO;ALARES LABORATORIO;voluntaria;OUTROS;9
JUL/2026;14/07/2026;RN;NDR;TERCEIROS COLETA;EMP NTL REV NDR - PRINCIPAL;CDL NATAL - LABORATORIO;ALARES LABORATORIO;voluntaria;WIFI 5;132
JUL/2026;14/07/2026;RN;NDR;TERCEIROS COLETA;EMP NTL REV NDR - PRINCIPAL;CDL NATAL - LABORATORIO;ALARES LABORATORIO;voluntaria;WIFI 6;156
JUL/2026;14/07/2026;SP-ITV;ALARES LOJA;ALARES LOJA;DEVOLUCAO LOJAS ERRO ITUPEVA - GMUD;CDL ITUPEVA - LABORATORIO;ALARES CDL;Sem.Info;WIFI 5;3
JUL/2026;14/07/2026;SP-ITV;ALARES LOJA;ALARES LOJA;DEVOLUCAO EQUIP LOJA TABOAO DA SERRA;CDL ITUPEVA - LABORATORIO;ALARES CDL;involuntaria;WIFI 5;1
JUL/2026;14/07/2026;SP-ITV;ALARES LOJA;ALARES LOJA;DEVOLUCAO EQUIP LOJA TABOAO DA SERRA;CDL ITUPEVA - LABORATORIO;ALARES CDL;voluntaria;WIFI 5;10
JUL/2026;14/07/2026;SP-SOC;ALARES LOJA;ALARES LOJA;DEVOLUCAO EQUIP LOJA ELIAS FAUSTO;CDL ITUPEVA - LABORATORIO;ALARES CDL;Sem.Info;WIFI 5;1
JUL/2026;14/07/2026;SP-SOC;ALARES LOJA;ALARES LOJA;DEVOLUCAO EQUIP LOJA SETE BARRAS;CDL ITUPEVA - LABORATORIO;ALARES CDL;Sem.Info;WIFI 5;1
JUL/2026;14/07/2026;SP-SOC;ALARES LOJA;ALARES LOJA;DEVOLUCAO EQUIP LOJA ITAPECERICA DA SERRA;CDL ITUPEVA - LABORATORIO;ALARES CDL;Sem.Info;WIFI 5;1
JUL/2026;14/07/2026;SP-SOC;ALARES LOJA;ALARES LOJA;DEVOLUCAO EQUIP LOJA EMBU DAS ARTES;CDL ITUPEVA - LABORATORIO;ALARES CDL;Sem.Info;WIFI 5;13
JUL/2026;14/07/2026;SP-SOC;ALARES LOJA;ALARES LOJA;DEVOLUCAO EQUIP LOJA COTIA;CDL ITUPEVA - LABORATORIO;ALARES CDL;Sem.Info;WIFI 5;2
JUL/2026;14/07/2026;SP-SOC;ALARES LOJA;ALARES LOJA;DEVOLUCAO EQUIP LOJA EMBU DAS ARTES;CDL ITUPEVA - LABORATORIO;ALARES CDL;voluntaria;WIFI 5;1
JUL/2026;13/07/2026;SP-ORN;TELECOM;TERCEIROS COLETA;EMP ORN REV TELECOM - FERNANDA SOARES;CDL OURINHOS - LABORATORIO;ALARES LABORATORIO;Sem.Info;WIFI 5;1
JUL/2026;10/07/2026;CE;ALARES LOJA;ALARES LOJA;DEVOLUCAO EQUIP LOJA FORTALEZA;CDL FORTALEZA - LABORATORIO;ALARES LABORATORIO;Sem.Info;WIFI 5;1
JUL/2026;10/07/2026;CE;ALARES LOJA;ALARES LOJA;DEVOLUCAO EQUIP LOJA FORTALEZA;CDL FORTALEZA - LABORATORIO;ALARES LABORATORIO;voluntaria;WIFI 5;2
JUL/2026;10/07/2026;CE;ALARES LOJA;ALARES LOJA;DEVOLUCAO EQUIP LOJA FORTALEZA;CDL FORTALEZA - LABORATORIO;ALARES LABORATORIO;voluntaria;WIFI 6;1
JUL/2026;10/07/2026;CE;ALARES LOJA;ALARES LOJA;DEVOLUCAO EQUIP LOJA SAO GONCALO DO AMARANTE;CDL NATAL - LABORATORIO;ALARES LABORATORIO;voluntaria;WIFI 5;1
JUL/2026;10/07/2026;CE;ALARES LOJA;ALARES LOJA;DEVOLUCAO EQUIP LOJA SAO GONCALO DO AMARANTE;CDL NATAL - LABORATORIO;ALARES LABORATORIO;voluntaria;WIFI 6;2
JUL/2026;10/07/2026;CE;OMEGA;TERCEIROS COLETA;EMP FLA REV OMEGA MARCOS GOMES;CDL FORTALEZA - LABORATORIO;ALARES LABORATORIO;Sem.Info;OUTROS;10
JUL/2026;10/07/2026;CE;OMEGA;TERCEIROS COLETA;EMP FLA REV OMEGA MARCOS GOMES;CDL FORTALEZA - LABORATORIO;ALARES LABORATORIO;Sem.Info;WIFI 5;4
JUL/2026;10/07/2026;CE;OMEGA;TERCEIROS COLETA;EMP FLA REV OMEGA MARCOS GOMES;CDL FORTALEZA - LABORATORIO;ALARES LABORATORIO;involuntaria;OUTROS;3
JUL/2026;10/07/2026;CE;OMEGA;TERCEIROS COLETA;EMP FLA REV OMEGA MARCOS GOMES;CDL FORTALEZA - LABORATORIO;ALARES LABORATORIO;involuntaria;WIFI 5;2
JUL/2026;10/07/2026;CE;OMEGA;TERCEIROS COLETA;EMP FLA REV OMEGA MARCOS GOMES;CDL FORTALEZA - LABORATORIO;ALARES LABORATORIO;involuntaria;WIFI 6;14
JUL/2026;10/07/2026;CE;OMEGA;TERCEIROS COLETA;EMP FLA REV OMEGA MARCOS GOMES;CDL FORTALEZA - LABORATORIO;ALARES LABORATORIO;voluntaria;IPTV;11
JUL/2026;10/07/2026;CE;OMEGA;TERCEIROS COLETA;EMP FLA REV OMEGA MARCOS GOMES;CDL FORTALEZA - LABORATORIO;ALARES LABORATORIO;voluntaria;OUTROS;52
JUL/2026;10/07/2026;CE;OMEGA;TERCEIROS COLETA;EMP FLA REV OMEGA MARCOS GOMES;CDL FORTALEZA - LABORATORIO;ALARES LABORATORIO;voluntaria;WIFI 5;97
JUL/2026;10/07/2026;CE;OMEGA;TERCEIROS COLETA;EMP FLA REV OMEGA MARCOS GOMES;CDL FORTALEZA - LABORATORIO;ALARES LABORATORIO;voluntaria;WIFI 6;131
JUL/2026;10/07/2026;PB;ALARES LOJA;ALARES LOJA;DEVOLUCAO EQUIP LOJA JOAO PESSOA;CDL JOAO PESSOA - LABORATORIO;ALARES LABORATORIO;Sem.Info;WIFI 5;2
JUL/2026;10/07/2026;PB;ALARES LOJA;ALARES LOJA;DEVOLUCAO EQUIP LOJA JOAO PESSOA;CDL JOAO PESSOA - LABORATORIO;ALARES LABORATORIO;Sem.Info;WIFI 6;1
JUL/2026;10/07/2026;PB;ALARES LOJA;ALARES LOJA;DEVOLUCAO EQUIP LOJA JOAO PESSOA;CDL JOAO PESSOA - LABORATORIO;ALARES LABORATORIO;involuntaria;WIFI 5;1
JUL/2026;10/07/2026;PB;ALARES LOJA;ALARES LOJA;DEVOLUCAO EQUIP LOJA JOAO PESSOA;CDL JOAO PESSOA - LABORATORIO;ALARES LABORATORIO;involuntaria;WIFI 6;3
JUL/2026;10/07/2026;PB;ALARES LOJA;ALARES LOJA;DEVOLUCAO EQUIP LOJA JOAO PESSOA;CDL JOAO PESSOA - LABORATORIO;ALARES LABORATORIO;voluntaria;WIFI 5;31
JUL/2026;10/07/2026;PB;ALARES LOJA;ALARES LOJA;DEVOLUCAO EQUIP LOJA JOAO PESSOA;CDL JOAO PESSOA - LABORATORIO;ALARES LABORATORIO;voluntaria;WIFI 6;31
JUL/2026;10/07/2026;PB;DEBORAH BRUNA;TERCEIROS COLETA;EMP JPA REV DB - DEBORAH BRUNA;CDL JOAO PESSOA - LABORATORIO;ALARES LABORATORIO;involuntaria;WIFI 5;3
JUL/2026;10/07/2026;PB;DEBORAH BRUNA;TERCEIROS COLETA;EMP JPA REV DB - DEBORAH BRUNA;CDL JOAO PESSOA - LABORATORIO;ALARES LABORATORIO;involuntaria;WIFI 6;5
JUL/2026;10/07/2026;PB;DEBORAH BRUNA;TERCEIROS COLETA;EMP JPA REV DB - DEBORAH BRUNA;CDL JOAO PESSOA - LABORATORIO;ALARES LABORATORIO;voluntaria;OUTROS;1
JUL/2026;10/07/2026;PB;DEBORAH BRUNA;TERCEIROS COLETA;EMP JPA REV DB - DEBORAH BRUNA;CDL JOAO PESSOA - LABORATORIO;ALARES LABORATORIO;voluntaria;WIFI 5;20
JUL/2026;10/07/2026;PB;DEBORAH BRUNA;TERCEIROS COLETA;EMP JPA REV DB - DEBORAH BRUNA;CDL JOAO PESSOA - LABORATORIO;ALARES LABORATORIO;voluntaria;WIFI 6;29
JUL/2026;10/07/2026;RN;ALARES LOJA;ALARES LOJA;DEVOLUCAO EQUIP LOJA PARNAMIRIM;CDL NATAL - LABORATORIO;ALARES LABORATORIO;Sem.Info;OUTROS;10
JUL/2026;10/07/2026;RN;ALARES LOJA;ALARES LOJA;DEVOLUCAO EQUIP LOJA NATAL;CDL NATAL - LABORATORIO;ALARES LABORATORIO;Sem.Info;OUTROS;3
JUL/2026;10/07/2026;RN;ALARES LOJA;ALARES LOJA;DEVOLUCAO EQUIP LOJA NATAL;CDL NATAL - LABORATORIO;ALARES LABORATORIO;Sem.Info;WIFI 5;10
JUL/2026;10/07/2026;RN;ALARES LOJA;ALARES LOJA;DEVOLUCAO EQUIP LOJA PARNAMIRIM;CDL NATAL - LABORATORIO;ALARES LABORATORIO;Sem.Info;WIFI 5;10
JUL/2026;10/07/2026;RN;ALARES LOJA;ALARES LOJA;DEVOLUCAO EQUIP LOJA NATAL;CDL NATAL - LABORATORIO;ALARES LABORATORIO;Sem.Info;WIFI 6;3
JUL/2026;10/07/2026;RN;ALARES LOJA;ALARES LOJA;DEVOLUCAO EQUIP LOJA PARNAMIRIM;CDL NATAL - LABORATORIO;ALARES LABORATORIO;Sem.Info;WIFI 6;1
JUL/2026;10/07/2026;RN;ALARES LOJA;ALARES LOJA;DEVOLUCAO EQUIP LOJA NATAL;CDL NATAL - LABORATORIO;ALARES LABORATORIO;involuntaria;WIFI 6;1
JUL/2026;10/07/2026;RN;ALARES LOJA;ALARES LOJA;DEVOLUCAO EQUIP LOJA NATAL;CDL NATAL - LABORATORIO;ALARES LABORATORIO;voluntaria;IPTV;7
JUL/2026;10/07/2026;RN;ALARES LOJA;ALARES LOJA;DEVOLUCAO EQUIP LOJA PARNAMIRIM;CDL NATAL - LABORATORIO;ALARES LABORATORIO;voluntaria;IPTV;1
JUL/2026;10/07/2026;RN;ALARES LOJA;ALARES LOJA;DEVOLUCAO EQUIP LOJA NATAL;CDL NATAL - LABORATORIO;ALARES LABORATORIO;voluntaria;OUTROS;2
JUL/2026;10/07/2026;RN;ALARES LOJA;ALARES LOJA;DEVOLUCAO EQUIP LOJA PARNAMIRIM;CDL NATAL - LABORATORIO;ALARES LABORATORIO;voluntaria;WIFI 5;5
JUL/2026;10/07/2026;RN;ALARES LOJA;ALARES LOJA;DEVOLUCAO EQUIP LOJA NISIA FLORESTA;CDL NATAL - LABORATORIO;ALARES LABORATORIO;voluntaria;WIFI 5;1
JUL/2026;10/07/2026;RN;ALARES LOJA;ALARES LOJA;DEVOLUCAO EQUIP LOJA NATAL;CDL NATAL - LABORATORIO;ALARES LABORATORIO;voluntaria;WIFI 5;32
JUL/2026;10/07/2026;RN;ALARES LOJA;ALARES LOJA;DEVOLUCAO EQUIP LOJA NATAL;CDL NATAL - LABORATORIO;ALARES LABORATORIO;voluntaria;WIFI 6;29
JUL/2026;10/07/2026;RN;ALARES LOJA;ALARES LOJA;DEVOLUCAO EQUIP LOJA NISIA FLORESTA;CDL NATAL - LABORATORIO;ALARES LABORATORIO;voluntaria;WIFI 6;1
JUL/2026;10/07/2026;RN;ALARES LOJA;ALARES LOJA;DEVOLUCAO EQUIP LOJA PARNAMIRIM;CDL NATAL - LABORATORIO;ALARES LABORATORIO;voluntaria;WIFI 6;7
JUL/2026;10/07/2026;RN;NDR;TERCEIROS COLETA;EMP NTL REV NDR - PRINCIPAL;CDL NATAL - LABORATORIO;ALARES LABORATORIO;involuntaria;OUTROS;6
JUL/2026;10/07/2026;RN;NDR;TERCEIROS COLETA;EMP NTL REV NDR - PRINCIPAL;CDL NATAL - LABORATORIO;ALARES LABORATORIO;involuntaria;WIFI 5;13
JUL/2026;10/07/2026;RN;NDR;TERCEIROS COLETA;EMP NTL REV NDR - PRINCIPAL;CDL NATAL - LABORATORIO;ALARES LABORATORIO;involuntaria;WIFI 6;18
JUL/2026;10/07/2026;RN;NDR;TERCEIROS COLETA;EMP NTL REV NDR - PRINCIPAL;CDL NATAL - LABORATORIO;ALARES LABORATORIO;voluntaria;IPTV;53
JUL/2026;10/07/2026;RN;NDR;TERCEIROS COLETA;EMP NTL REV NDR - PRINCIPAL;CDL NATAL - LABORATORIO;ALARES LABORATORIO;voluntaria;OUTROS;25
JUL/2026;10/07/2026;RN;NDR;TERCEIROS COLETA;EMP NTL REV NDR - PRINCIPAL;CDL NATAL - LABORATORIO;ALARES LABORATORIO;voluntaria;WIFI 5;208
JUL/2026;10/07/2026;RN;NDR;TERCEIROS COLETA;EMP NTL REV NDR - PRINCIPAL;CDL NATAL - LABORATORIO;ALARES LABORATORIO;voluntaria;WIFI 6;243
JUL/2026;10/07/2026;SP-MOC;T2C SP;TERCEIROS COLETA;T2C CARGO - SP - INATIVO;CDL POCOS DE CALDAS - LABORATORIO;ALARES LABORATORIO;Sem.Info;WIFI 5;1
JUL/2026;09/07/2026;CE;ALARES LOJA;ALARES LOJA;DEVOLUCAO EQUIP LOJA FORTALEZA;CDL FORTALEZA - LABORATORIO;ALARES LABORATORIO;Sem.Info;OUTROS;4
JUL/2026;09/07/2026;CE;ALARES LOJA;ALARES LOJA;DEVOLUCAO EQUIP LOJA FORTALEZA;CDL FORTALEZA - LABORATORIO;ALARES LABORATORIO;Sem.Info;WIFI 5;12
JUL/2026;09/07/2026;CE;ALARES LOJA;ALARES LOJA;DEVOLUCAO EQUIP LOJA FORTALEZA;CDL FORTALEZA - LABORATORIO;ALARES LABORATORIO;involuntaria;WIFI 6;1
JUL/2026;09/07/2026;CE;ALARES LOJA;ALARES LOJA;DEVOLUCAO EQUIP LOJA FORTALEZA;CDL FORTALEZA - LABORATORIO;ALARES LABORATORIO;voluntaria;IPTV;19
JUL/2026;09/07/2026;CE;ALARES LOJA;ALARES LOJA;DEVOLUCAO EQUIP LOJA FORTALEZA;CDL FORTALEZA - LABORATORIO;ALARES LABORATORIO;voluntaria;WIFI 5;11
JUL/2026;09/07/2026;CE;ALARES LOJA;ALARES LOJA;DEVOLUCAO EQUIP LOJA FORTALEZA;CDL FORTALEZA - LABORATORIO;ALARES LABORATORIO;voluntaria;WIFI 6;14
JUL/2026;08/07/2026;CE;REPARO ELETROS;TERCEIROS COLETA;EMP FLA REV REPARO ELETROS JADSON ITALO;CDL FORTALEZA - LABORATORIO;ALARES LABORATORIO;involuntaria;WIFI 5;1
JUL/2026;08/07/2026;CE;REPARO ELETROS;TERCEIROS COLETA;EMP FLA REV REPARO ELETROS JADSON ITALO;CDL FORTALEZA - LABORATORIO;ALARES LABORATORIO;voluntaria;IPTV;16
JUL/2026;08/07/2026;CE;REPARO ELETROS;TERCEIROS COLETA;EMP FLA REV REPARO ELETROS JADSON ITALO;CDL FORTALEZA - LABORATORIO;ALARES LABORATORIO;voluntaria;OUTROS;2
JUL/2026;08/07/2026;CE;REPARO ELETROS;TERCEIROS COLETA;EMP FLA REV REPARO ELETROS JADSON ITALO;CDL FORTALEZA - LABORATORIO;ALARES LABORATORIO;voluntaria;WIFI 5;35
JUL/2026;08/07/2026;CE;REPARO ELETROS;TERCEIROS COLETA;EMP FLA REV REPARO ELETROS JADSON ITALO;CDL FORTALEZA - LABORATORIO;ALARES LABORATORIO;voluntaria;WIFI 6;38
JUL/2026;08/07/2026;RN;ALARES LOJA;ALARES LOJA;DEVOLUCAO EQUIP LOJA NATAL;CDL NATAL - LABORATORIO;ALARES LABORATORIO;Sem.Info;OUTROS;1
JUL/2026;08/07/2026;RN;ALARES LOJA;ALARES LOJA;DEVOLUCAO EQUIP LOJA NATAL;CDL NATAL - LABORATORIO;ALARES LABORATORIO;Sem.Info;WIFI 5;1
JUL/2026;07/07/2026;CE;ALARES LOJA;ALARES LOJA;DEVOLUCAO EQUIP LOJA SAO GONCALO DO AMARANTE;CDL NATAL - LABORATORIO;ALARES LABORATORIO;voluntaria;WIFI 6;1
JUL/2026;07/07/2026;MG;ALARES LOJA;ALARES LOJA;DEVOLUCAO LOJAS ERRO PCS - GMUD;CDL POCOS DE CALDAS - LABORATORIO;ALARES LABORATORIO;Sem.Info;OUTROS;4
JUL/2026;07/07/2026;RN;ALARES LOJA;ALARES LOJA;DEVOLUCAO EQUIP LOJA NATAL;CDL NATAL - LABORATORIO;ALARES LABORATORIO;Sem.Info;WIFI 5;3
JUL/2026;07/07/2026;RN;ALARES LOJA;ALARES LOJA;DEVOLUCAO EQUIP LOJA PARNAMIRIM;CDL NATAL - LABORATORIO;ALARES LABORATORIO;Sem.Info;WIFI 5;2
JUL/2026;07/07/2026;RN;ALARES LOJA;ALARES LOJA;DEVOLUCAO EQUIP LOJA NATAL;CDL NATAL - LABORATORIO;ALARES LABORATORIO;voluntaria;OUTROS;6
JUL/2026;07/07/2026;RN;ALARES LOJA;ALARES LOJA;DEVOLUCAO EQUIP LOJA NISIA FLORESTA;CDL NATAL - LABORATORIO;ALARES LABORATORIO;voluntaria;WIFI 5;1
JUL/2026;07/07/2026;RN;ALARES LOJA;ALARES LOJA;DEVOLUCAO EQUIP LOJA NATAL;CDL NATAL - LABORATORIO;ALARES LABORATORIO;voluntaria;WIFI 5;22
JUL/2026;07/07/2026;RN;ALARES LOJA;ALARES LOJA;DEVOLUCAO EQUIP LOJA PARNAMIRIM;CDL NATAL - LABORATORIO;ALARES LABORATORIO;voluntaria;WIFI 5;6
JUL/2026;07/07/2026;RN;ALARES LOJA;ALARES LOJA;DEVOLUCAO EQUIP LOJA SAO JOSE DE MIPIBU;CDL NATAL - LABORATORIO;ALARES LABORATORIO;voluntaria;WIFI 5;1
JUL/2026;07/07/2026;RN;ALARES LOJA;ALARES LOJA;DEVOLUCAO EQUIP LOJA NATAL;CDL NATAL - LABORATORIO;ALARES LABORATORIO;voluntaria;WIFI 6;21
JUL/2026;07/07/2026;RN;ALARES LOJA;ALARES LOJA;DEVOLUCAO EQUIP LOJA PARNAMIRIM;CDL NATAL - LABORATORIO;ALARES LABORATORIO;voluntaria;WIFI 6;9
JUL/2026;07/07/2026;RN;NDR;TERCEIROS COLETA;EMP NTL REV NDR - PRINCIPAL;CDL NATAL - LABORATORIO;ALARES LABORATORIO;Sem.Info;WIFI 5;1
JUL/2026;07/07/2026;RN;NDR;TERCEIROS COLETA;EMP NTL REV NDR - PRINCIPAL;CDL NATAL - LABORATORIO;ALARES LABORATORIO;Sem.Info;WIFI 6;1
JUL/2026;07/07/2026;RN;NDR;TERCEIROS COLETA;EMP NTL REV NDR - PRINCIPAL;CDL NATAL - LABORATORIO;ALARES LABORATORIO;involuntaria;IPTV;1
JUL/2026;07/07/2026;RN;NDR;TERCEIROS COLETA;EMP NTL REV NDR - PRINCIPAL;CDL NATAL - LABORATORIO;ALARES LABORATORIO;involuntaria;WIFI 5;5
JUL/2026;07/07/2026;RN;NDR;TERCEIROS COLETA;EMP NTL REV NDR - PRINCIPAL;CDL NATAL - LABORATORIO;ALARES LABORATORIO;involuntaria;WIFI 6;9
JUL/2026;07/07/2026;RN;NDR;TERCEIROS COLETA;EMP NTL REV NDR - PRINCIPAL;CDL NATAL - LABORATORIO;ALARES LABORATORIO;voluntaria;IPTV;38
JUL/2026;07/07/2026;RN;NDR;TERCEIROS COLETA;EMP NTL REV NDR - PRINCIPAL;CDL NATAL - LABORATORIO;ALARES LABORATORIO;voluntaria;OUTROS;11
JUL/2026;07/07/2026;RN;NDR;TERCEIROS COLETA;EMP NTL REV NDR - PRINCIPAL;CDL NATAL - LABORATORIO;ALARES LABORATORIO;voluntaria;WIFI 5;116
JUL/2026;07/07/2026;RN;NDR;TERCEIROS COLETA;EMP NTL REV NDR - PRINCIPAL;CDL NATAL - LABORATORIO;ALARES LABORATORIO;voluntaria;WIFI 6;180
JUL/2026;07/07/2026;SP-ITV;ALARES LOJA;ALARES LOJA;DEVOLUCAO LOJAS ERRO ITUPEVA - GMUD;CDL ITUPEVA - LABORATORIO;ALARES CDL;Sem.Info;OUTROS;5
JUL/2026;07/07/2026;SP-ITV;ALARES LOJA;ALARES LOJA;DEVOLUCAO EQUIP LOJA TABOAO DA SERRA;CDL ITUPEVA - LABORATORIO;ALARES CDL;Sem.Info;OUTROS;1
JUL/2026;07/07/2026;SP-ITV;ALARES LOJA;ALARES LOJA;DEVOLUCAO EQUIP LOJA TABOAO DA SERRA;CDL ITUPEVA - LABORATORIO;ALARES CDL;voluntaria;OUTROS;2
JUL/2026;06/07/2026;CE;ALARES LOJA;ALARES LOJA;DEVOLUCAO EQUIP LOJA SAO GONCALO DO AMARANTE;CDL NATAL - LABORATORIO;ALARES LABORATORIO;Sem.Info;WIFI 5;1
JUL/2026;06/07/2026;CE;ALARES LOJA;ALARES LOJA;DEVOLUCAO EQUIP LOJA SAO GONCALO DO AMARANTE;CDL NATAL - LABORATORIO;ALARES LABORATORIO;voluntaria;WIFI 5;2
JUL/2026;06/07/2026;CE;ALARES LOJA;ALARES LOJA;DEVOLUCAO EQUIP LOJA SAO GONCALO DO AMARANTE;CDL NATAL - LABORATORIO;ALARES LABORATORIO;voluntaria;WIFI 6;3
JUL/2026;06/07/2026;RN;ALARES LOJA;ALARES LOJA;DEVOLUCAO EQUIP LOJA PARNAMIRIM;CDL NATAL - LABORATORIO;ALARES LABORATORIO;Sem.Info;WIFI 5;2
JUL/2026;06/07/2026;RN;ALARES LOJA;ALARES LOJA;DEVOLUCAO EQUIP LOJA PARNAMIRIM;CDL NATAL - LABORATORIO;ALARES LABORATORIO;voluntaria;IPTV;1
JUL/2026;06/07/2026;RN;ALARES LOJA;ALARES LOJA;DEVOLUCAO EQUIP LOJA PARNAMIRIM;CDL NATAL - LABORATORIO;ALARES LABORATORIO;voluntaria;WIFI 5;12
JUL/2026;06/07/2026;RN;ALARES LOJA;ALARES LOJA;DEVOLUCAO EQUIP LOJA NATAL;CDL NATAL - LABORATORIO;ALARES LABORATORIO;voluntaria;WIFI 5;5
JUL/2026;06/07/2026;RN;ALARES LOJA;ALARES LOJA;DEVOLUCAO EQUIP LOJA PARNAMIRIM;CDL NATAL - LABORATORIO;ALARES LABORATORIO;voluntaria;WIFI 6;16
JUL/2026;06/07/2026;RN;ALARES LOJA;ALARES LOJA;DEVOLUCAO EQUIP LOJA NATAL;CDL NATAL - LABORATORIO;ALARES LABORATORIO;voluntaria;WIFI 6;6
JUL/2026;06/07/2026;SP-MOC;ALARES LOJA;ALARES LOJA;DEVOLUCAO EQUIP LOJA MOGI GUACU;CDL ITUPEVA - LABORATORIO;ALARES CDL;voluntaria;WIFI 5;2
JUL/2026;06/07/2026;SP-MOC;ALARES LOJA;ALARES LOJA;DEVOLUCAO EQUIP LOJA MOGI MIRIM;CDL ITUPEVA - LABORATORIO;ALARES CDL;voluntaria;WIFI 5;1
JUL/2026;06/07/2026;SP-MOC;ALARES LOJA;ALARES LOJA;ALARES - EQUIPE SAC;CDL OURINHOS - LABORATORIO;ALARES LABORATORIO;voluntaria;OUTROS;4
JUL/2026;06/07/2026;SP-MOC;ALARES LOJA;ALARES LOJA;ALARES - EQUIPE SAC;CDL OURINHOS - LABORATORIO;ALARES LABORATORIO;voluntaria;WIFI 5;18
JUL/2026;06/07/2026;SP-MOC;ALARES LOJA;ALARES LOJA;ALARES - EQUIPE SAC;CDL OURINHOS - LABORATORIO;ALARES LABORATORIO;voluntaria;WIFI 6;1
JUL/2026;06/07/2026;SP-ORN;ALARES LOJA;ALARES LOJA;DEVOLUCAO EQUIP LOJA JACAREZINHO;CDL OURINHOS - LABORATORIO;ALARES LABORATORIO;Sem.Info;WIFI 6;1
JUL/2026;06/07/2026;SP-ORN;ALARES LOJA;ALARES LOJA;DEVOLUCAO EQUIP LOJA CARLOPOLIS;CDL OURINHOS - LABORATORIO;ALARES LABORATORIO;voluntaria;WIFI 5;1
JUL/2026;06/07/2026;SP-ORN;ALARES LOJA;ALARES LOJA;DEVOLUCAO EQUIP LOJA JACAREZINHO;CDL OURINHOS - LABORATORIO;ALARES LABORATORIO;voluntaria;WIFI 5;1
JUL/2026;04/07/2026;SP-ORN;ALARES LOJA;ALARES LOJA;DEVOLUCAO EQUIP LOJA SANTO A D PLATINA;CDL OURINHOS - LABORATORIO;ALARES LABORATORIO;involuntaria;WIFI 5;1
JUL/2026;04/07/2026;SP-ORN;TELECOM;TERCEIROS COLETA;EMP ORN REV TELECOM - FERNANDA SOARES;CDL OURINHOS - LABORATORIO;ALARES LABORATORIO;involuntaria;WIFI 5;1
JUL/2026;03/07/2026;-;ALARES LOJA;ALARES LOJA;ALARES - BAIXA VIRTUAL;CDL FORTALEZA - LABORATORIO;ALARES LABORATORIO;Sem.Info;WIFI 5;1
JUL/2026;03/07/2026;PB;DEBORAH BRUNA;TERCEIROS COLETA;EMP JPA REV DB - DEBORAH BRUNA;CDL JOAO PESSOA - LABORATORIO;ALARES LABORATORIO;involuntaria;WIFI 5;1
JUL/2026;03/07/2026;PB;DEBORAH BRUNA;TERCEIROS COLETA;EMP JPA REV DB - DEBORAH BRUNA;CDL JOAO PESSOA - LABORATORIO;ALARES LABORATORIO;involuntaria;WIFI 6;3
JUL/2026;03/07/2026;PB;DEBORAH BRUNA;TERCEIROS COLETA;EMP JPA REV DB - DEBORAH BRUNA;CDL JOAO PESSOA - LABORATORIO;ALARES LABORATORIO;voluntaria;WIFI 5;2
JUL/2026;03/07/2026;PB;DEBORAH BRUNA;TERCEIROS COLETA;EMP JPA REV DB - DEBORAH BRUNA;CDL JOAO PESSOA - LABORATORIO;ALARES LABORATORIO;voluntaria;WIFI 6;4
JUL/2026;03/07/2026;SP-ORN;ALARES LOJA;ALARES LOJA;DEVOLUCAO EQUIP LOJA CARLOPOLIS;CDL OURINHOS - LABORATORIO;ALARES LABORATORIO;involuntaria;WIFI 5;1
JUL/2026;03/07/2026;SP-ORN;ALARES LOJA;ALARES LOJA;DEVOLUCAO EQUIP LOJA OURINHOS;CDL OURINHOS - LABORATORIO;ALARES LABORATORIO;involuntaria;WIFI 5;1
JUL/2026;03/07/2026;SP-ORN;ALARES LOJA;ALARES LOJA;DEVOLUCAO EQUIP LOJA OURINHOS;CDL OURINHOS - LABORATORIO;ALARES LABORATORIO;involuntaria;WIFI 6;1
JUL/2026;03/07/2026;SP-ORN;ALARES LOJA;ALARES LOJA;DEVOLUCAO EQUIP LOJA OURINHOS;CDL OURINHOS - LABORATORIO;ALARES LABORATORIO;voluntaria;OUTROS;8
JUL/2026;03/07/2026;SP-ORN;ALARES LOJA;ALARES LOJA;DEVOLUCAO EQUIP LOJA CARLOPOLIS;CDL OURINHOS - LABORATORIO;ALARES LABORATORIO;voluntaria;OUTROS;1
JUL/2026;03/07/2026;SP-ORN;ALARES LOJA;ALARES LOJA;DEVOLUCAO EQUIP LOJA BERNARDINO DE CAMPOS;CDL OURINHOS - LABORATORIO;ALARES LABORATORIO;voluntaria;OUTROS;1
JUL/2026;03/07/2026;SP-ORN;ALARES LOJA;ALARES LOJA;DEVOLUCAO EQUIP LOJA PIRAJU;CDL OURINHOS - LABORATORIO;ALARES LABORATORIO;voluntaria;WIFI 5;2
JUL/2026;03/07/2026;SP-ORN;ALARES LOJA;ALARES LOJA;DEVOLUCAO EQUIP LOJA OURINHOS;CDL OURINHOS - LABORATORIO;ALARES LABORATORIO;voluntaria;WIFI 5;26
JUL/2026;03/07/2026;SP-ORN;ALARES LOJA;ALARES LOJA;DEVOLUCAO EQUIP LOJA JACAREZINHO;CDL OURINHOS - LABORATORIO;ALARES LABORATORIO;voluntaria;WIFI 5;2
JUL/2026;03/07/2026;SP-ORN;ALARES LOJA;ALARES LOJA;DEVOLUCAO EQUIP LOJA BERNARDINO DE CAMPOS;CDL OURINHOS - LABORATORIO;ALARES LABORATORIO;voluntaria;WIFI 5;1
JUL/2026;03/07/2026;SP-ORN;ALARES LOJA;ALARES LOJA;DEVOLUCAO EQUIP LOJA TUPA;CDL OURINHOS - LABORATORIO;ALARES LABORATORIO;voluntaria;WIFI 5;1
JUL/2026;03/07/2026;SP-ORN;ALARES LOJA;ALARES LOJA;DEVOLUCAO EQUIP LOJA CANITAR;CDL OURINHOS - LABORATORIO;ALARES LABORATORIO;voluntaria;WIFI 5;2
JUL/2026;03/07/2026;SP-ORN;ALARES LOJA;ALARES LOJA;DEVOLUCAO EQUIP LOJA OURINHOS;CDL OURINHOS - LABORATORIO;ALARES LABORATORIO;voluntaria;WIFI 6;6
JUL/2026;03/07/2026;SP-ORN;ALARES LOJA;ALARES LOJA;DEVOLUCAO EQUIP LOJA BERNARDINO DE CAMPOS;CDL OURINHOS - LABORATORIO;ALARES LABORATORIO;voluntaria;WIFI 6;2
JUL/2026;03/07/2026;SP-ORN;ALARES LOJA;ALARES LOJA;DEVOLUCAO EQUIP LOJA JACAREZINHO;CDL OURINHOS - LABORATORIO;ALARES LABORATORIO;voluntaria;WIFI 6;2
JUL/2026;03/07/2026;SP-ORN;ALARES LOJA;ALARES LOJA;DEVOLUCAO EQUIP LOJA TUPA;CDL OURINHOS - LABORATORIO;ALARES LABORATORIO;voluntaria;WIFI 6;1
JUL/2026;03/07/2026;SP-ORN;ALARES LOJA;ALARES LOJA;DEVOLUCAO EQUIP LOJA CARLOPOLIS;CDL OURINHOS - LABORATORIO;ALARES LABORATORIO;voluntaria;WIFI 6;1
JUL/2026;03/07/2026;SP-SOC;ALARES LOJA;ALARES LOJA;DEVOLUCAO EQUIP LOJA ELIAS FAUSTO;CDL ITUPEVA - LABORATORIO;ALARES CDL;Sem.Info;WIFI 5;9
JUL/2026;03/07/2026;SP-SOC;ALARES LOJA;ALARES LOJA;DEVOLUCAO EQUIP LOJA ELIAS FAUSTO;CDL ITUPEVA - LABORATORIO;ALARES CDL;Sem.Info;WIFI 6;8
JUL/2026;02/07/2026;RN;ALARES LOJA;ALARES LOJA;DEVOLUCAO EQUIP LOJA PARNAMIRIM;CDL NATAL - LABORATORIO;ALARES LABORATORIO;Sem.Info;WIFI 5;2
JUL/2026;02/07/2026;RN;ALARES LOJA;ALARES LOJA;DEVOLUCAO EQUIP LOJA PARNAMIRIM;CDL NATAL - LABORATORIO;ALARES LABORATORIO;Sem.Info;WIFI 6;1
JUL/2026;02/07/2026;RN;ALARES LOJA;ALARES LOJA;DEVOLUCAO EQUIP LOJA NATAL;CDL NATAL - LABORATORIO;ALARES LABORATORIO;voluntaria;IPTV;1
JUL/2026;02/07/2026;RN;ALARES LOJA;ALARES LOJA;DEVOLUCAO EQUIP LOJA NATAL;CDL NATAL - LABORATORIO;ALARES LABORATORIO;voluntaria;WIFI 5;7
JUL/2026;02/07/2026;RN;ALARES LOJA;ALARES LOJA;DEVOLUCAO EQUIP LOJA NISIA FLORESTA;CDL NATAL - LABORATORIO;ALARES LABORATORIO;voluntaria;WIFI 5;1
JUL/2026;02/07/2026;RN;ALARES LOJA;ALARES LOJA;DEVOLUCAO EQUIP LOJA PARNAMIRIM;CDL NATAL - LABORATORIO;ALARES LABORATORIO;voluntaria;WIFI 5;5
JUL/2026;02/07/2026;RN;ALARES LOJA;ALARES LOJA;DEVOLUCAO EQUIP LOJA PARNAMIRIM;CDL NATAL - LABORATORIO;ALARES LABORATORIO;voluntaria;WIFI 6;4
JUL/2026;02/07/2026;RN;ALARES LOJA;ALARES LOJA;DEVOLUCAO EQUIP LOJA NATAL;CDL NATAL - LABORATORIO;ALARES LABORATORIO;voluntaria;WIFI 6;10
JUL/2026;02/07/2026;SP-ITV;ALARES LOJA;ALARES LOJA;DEVOLUCAO LOJAS ERRO ITUPEVA - GMUD;CDL ITUPEVA - LABORATORIO;ALARES CDL;Sem.Info;OUTROS;1
JUL/2026;02/07/2026;SP-ITV;ALARES LOJA;ALARES LOJA;DEVOLUCAO LOJAS ERRO ITUPEVA - GMUD;CDL ITUPEVA - LABORATORIO;ALARES CDL;Sem.Info;WIFI 5;51
JUL/2026;02/07/2026;SP-ITV;ALARES LOJA;ALARES LOJA;DEVOLUCAO LOJAS ERRO ITUPEVA - GMUD;CDL ITUPEVA - LABORATORIO;ALARES CDL;Sem.Info;WIFI 6;6
JUL/2026;02/07/2026;SP-ORN;ALARES LOJA;ALARES LOJA;DEVOLUCAO EQUIP LOJA PIRAJU;CDL OURINHOS - LABORATORIO;ALARES LABORATORIO;Sem.Info;WIFI 6;1
JUL/2026;02/07/2026;SP-SOC;CRH;TERCEIROS COLETA;EMP ITV REV CRH - PRINCIPAL;CDL ITUPEVA - LABORATORIO;ALARES CDL;voluntaria;WIFI 6;3
JUL/2026;01/07/2026;MG;ALARES LOJA;ALARES LOJA;DEVOLUCAO LOJAS ERRO PCS - GMUD;CDL POCOS DE CALDAS - LABORATORIO;ALARES LABORATORIO;Sem.Info;OUTROS;7
JUL/2026;01/07/2026;MG;ALARES LOJA;ALARES LOJA;DEVOLUCAO LOJAS ERRO PCS - GMUD;CDL POCOS DE CALDAS - LABORATORIO;ALARES LABORATORIO;Sem.Info;WIFI 5;26
JUL/2026;01/07/2026;RN;ALARES LOJA;ALARES LOJA;DEVOLUCAO EQUIP LOJA NATAL;CDL NATAL - LABORATORIO;ALARES LABORATORIO;Sem.Info;OUTROS;1
JUL/2026;01/07/2026;RN;ALARES LOJA;ALARES LOJA;DEVOLUCAO EQUIP LOJA SANTO ANTONIO;CDL NATAL - LABORATORIO;ALARES LABORATORIO;Sem.Info;WIFI 5;1
JUL/2026;01/07/2026;RN;ALARES LOJA;ALARES LOJA;DEVOLUCAO EQUIP LOJA NATAL;CDL NATAL - LABORATORIO;ALARES LABORATORIO;Sem.Info;WIFI 5;3
JUL/2026;01/07/2026;RN;ALARES LOJA;ALARES LOJA;DEVOLUCAO EQUIP LOJA GOIANINHA;CDL NATAL - LABORATORIO;ALARES LABORATORIO;involuntaria;OUTROS;1
JUL/2026;01/07/2026;RN;ALARES LOJA;ALARES LOJA;DEVOLUCAO EQUIP LOJA GOIANINHA;CDL NATAL - LABORATORIO;ALARES LABORATORIO;involuntaria;WIFI 5;2
JUL/2026;01/07/2026;RN;ALARES LOJA;ALARES LOJA;DEVOLUCAO EQUIP LOJA GOIANINHA;CDL NATAL - LABORATORIO;ALARES LABORATORIO;involuntaria;WIFI 6;1
JUL/2026;01/07/2026;RN;ALARES LOJA;ALARES LOJA;DEVOLUCAO EQUIP LOJA SANTO ANTONIO;CDL NATAL - LABORATORIO;ALARES LABORATORIO;voluntaria;OUTROS;1
JUL/2026;01/07/2026;RN;ALARES LOJA;ALARES LOJA;DEVOLUCAO EQUIP LOJA SANTO ANTONIO;CDL NATAL - LABORATORIO;ALARES LABORATORIO;voluntaria;WIFI 5;7
JUL/2026;01/07/2026;RN;ALARES LOJA;ALARES LOJA;DEVOLUCAO EQUIP LOJA NATAL;CDL NATAL - LABORATORIO;ALARES LABORATORIO;voluntaria;WIFI 5;6
JUL/2026;01/07/2026;RN;ALARES LOJA;ALARES LOJA;DEVOLUCAO EQUIP LOJA PARNAMIRIM;CDL NATAL - LABORATORIO;ALARES LABORATORIO;voluntaria;WIFI 5;1
JUL/2026;01/07/2026;RN;ALARES LOJA;ALARES LOJA;DEVOLUCAO EQUIP LOJA GOIANINHA;CDL NATAL - LABORATORIO;ALARES LABORATORIO;voluntaria;WIFI 5;5
JUL/2026;01/07/2026;RN;ALARES LOJA;ALARES LOJA;DEVOLUCAO EQUIP LOJA SANTO ANTONIO;CDL NATAL - LABORATORIO;ALARES LABORATORIO;voluntaria;WIFI 6;2
JUL/2026;01/07/2026;RN;ALARES LOJA;ALARES LOJA;DEVOLUCAO EQUIP LOJA PARNAMIRIM;CDL NATAL - LABORATORIO;ALARES LABORATORIO;voluntaria;WIFI 6;3
JUL/2026;01/07/2026;RN;ALARES LOJA;ALARES LOJA;DEVOLUCAO EQUIP LOJA NATAL;CDL NATAL - LABORATORIO;ALARES LABORATORIO;voluntaria;WIFI 6;4
JUL/2026;01/07/2026;RN;ALARES LOJA;ALARES LOJA;DEVOLUCAO EQUIP LOJA GOIANINHA;CDL NATAL - LABORATORIO;ALARES LABORATORIO;voluntaria;WIFI 6;2
JUL/2026;01/07/2026;SP-ITV;ALARES LOJA;ALARES LOJA;DEVOLUCAO EQUIP LOJA ITUPEVA;CDL ITUPEVA - LABORATORIO;ALARES CDL;voluntaria;OUTROS;1
JUL/2026;01/07/2026;SP-SOC;ALARES LOJA;ALARES LOJA;DEVOLUCAO EQUIP LOJA MONTE MOR;CDL ITUPEVA - LABORATORIO;ALARES CDL;Sem.Info;OUTROS;1
JUL/2026;01/07/2026;SP-SOC;ALARES LOJA;ALARES LOJA;DEVOLUCAO EQUIP LOJA INDAIATUBA;CDL ITUPEVA - LABORATORIO;ALARES CDL;Sem.Info;WIFI 5;1
JUL/2026;01/07/2026;SP-SOC;ALARES LOJA;ALARES LOJA;DEVOLUCAO EQUIP LOJA MONTE MOR;CDL ITUPEVA - LABORATORIO;ALARES CDL;Sem.Info;WIFI 5;8
JUL/2026;01/07/2026;SP-SOC;ALARES LOJA;ALARES LOJA;DEVOLUCAO EQUIP LOJA MONTE MOR;CDL ITUPEVA - LABORATORIO;ALARES CDL;Sem.Info;WIFI 6;5
JUL/2026;01/07/2026;SP-SOC;DEROYQUE;TERCEIROS COLETA;EMP PCS REV DEROYQUE - PRINCIPAL;CDL REGISTRO - LABORATORIO;ALARES LABORATORIO;involuntaria;WIFI 5;2
JUL/2026;01/07/2026;SP-SOC;DEROYQUE;TERCEIROS COLETA;EMP PCS REV DEROYQUE - PRINCIPAL;CDL REGISTRO - LABORATORIO;ALARES LABORATORIO;involuntaria;WIFI 6;5
JUL/2026;01/07/2026;SP-SOC;DEROYQUE;TERCEIROS COLETA;EMP PCS REV DEROYQUE - PRINCIPAL;CDL REGISTRO - LABORATORIO;ALARES LABORATORIO;voluntaria;OUTROS;1
JUL/2026;01/07/2026;SP-SOC;DEROYQUE;TERCEIROS COLETA;EMP PCS REV DEROYQUE - PRINCIPAL;CDL REGISTRO - LABORATORIO;ALARES LABORATORIO;voluntaria;WIFI 5;7
JUL/2026;01/07/2026;SP-SOC;DEROYQUE;TERCEIROS COLETA;EMP PCS REV DEROYQUE - PRINCIPAL;CDL REGISTRO - LABORATORIO;ALARES LABORATORIO;voluntaria;WIFI 6;4
JUL/2026;01/07/2026;SP-SPR;ALARES LOJA;ALARES LOJA;DEVOLUCAO EQUIP LOJA SALTO DE PIRAPORA;CDL ITUPEVA - LABORATORIO;ALARES CDL;Sem.Info;WIFI 5;1
JUN/2026;30/06/2026;-;ALARES LOJA;ALARES LOJA;ALARES - BAIXA VIRTUAL;CDL ITUPEVA - LABORATORIO;ALARES CDL;voluntaria;WIFI 6;1
JUN/2026;30/06/2026;BA;ALARES LOJA;ALARES LOJA;DEVOLUCAO EQUIP LOJA EUNAPOLIS;CDL PORTO E EUNAPOLIS - LABORATORIO;ALARES LABORATORIO;Sem.Info;WIFI 5;4
JUN/2026;30/06/2026;BA;ALARES LOJA;ALARES LOJA;DEVOLUCAO EQUIP LOJA EUNAPOLIS;CDL PORTO E EUNAPOLIS - LABORATORIO;ALARES LABORATORIO;Sem.Info;WIFI 6;1
JUN/2026;30/06/2026;BA;ALARES LOJA;ALARES LOJA;DEVOLUCAO EQUIP LOJA EUNAPOLIS;CDL PORTO E EUNAPOLIS - LABORATORIO;ALARES LABORATORIO;involuntaria;WIFI 5;1
JUN/2026;30/06/2026;BA;ALARES LOJA;ALARES LOJA;DEVOLUCAO EQUIP LOJA EUNAPOLIS;CDL PORTO E EUNAPOLIS - LABORATORIO;ALARES LABORATORIO;involuntaria;WIFI 6;1
JUN/2026;30/06/2026;BA;ALARES LOJA;ALARES LOJA;DEVOLUCAO EQUIP LOJA PORTO SEGURO;CDL PORTO E EUNAPOLIS - LABORATORIO;ALARES LABORATORIO;involuntaria;WIFI 6;4
JUN/2026;30/06/2026;BA;ALARES LOJA;ALARES LOJA;DEVOLUCAO EQUIP LOJA PORTO SEGURO;CDL PORTO E EUNAPOLIS - LABORATORIO;ALARES LABORATORIO;voluntaria;OUTROS;15
JUN/2026;30/06/2026;BA;ALARES LOJA;ALARES LOJA;DEVOLUCAO EQUIP LOJA PORTO SEGURO;CDL PORTO E EUNAPOLIS - LABORATORIO;ALARES LABORATORIO;voluntaria;WIFI 5;14
JUN/2026;30/06/2026;BA;ALARES LOJA;ALARES LOJA;DEVOLUCAO EQUIP LOJA EUNAPOLIS;CDL PORTO E EUNAPOLIS - LABORATORIO;ALARES LABORATORIO;voluntaria;WIFI 5;2
JUN/2026;30/06/2026;BA;ALARES LOJA;ALARES LOJA;DEVOLUCAO EQUIP LOJA EUNAPOLIS;CDL PORTO E EUNAPOLIS - LABORATORIO;ALARES LABORATORIO;voluntaria;WIFI 6;11
JUN/2026;30/06/2026;BA;ALARES LOJA;ALARES LOJA;DEVOLUCAO EQUIP LOJA PORTO SEGURO;CDL PORTO E EUNAPOLIS - LABORATORIO;ALARES LABORATORIO;voluntaria;WIFI 6;18
JUN/2026;30/06/2026;BA;DEROYQUE;TERCEIROS COLETA;EMP PCS REV DEROYQUE - PRINCIPAL;CDL PORTO E EUNAPOLIS - LABORATORIO;ALARES LABORATORIO;Sem.Info;WIFI 5;2
JUN/2026;30/06/2026;BA;DEROYQUE;TERCEIROS COLETA;EMP PCS REV DEROYQUE - PRINCIPAL;CDL PORTO E EUNAPOLIS - LABORATORIO;ALARES LABORATORIO;involuntaria;WIFI 5;7
JUN/2026;30/06/2026;BA;DEROYQUE;TERCEIROS COLETA;EMP PCS REV DEROYQUE - PRINCIPAL;CDL PORTO E EUNAPOLIS - LABORATORIO;ALARES LABORATORIO;involuntaria;WIFI 6;17
JUN/2026;30/06/2026;BA;DEROYQUE;TERCEIROS COLETA;EMP PCS REV DEROYQUE - PRINCIPAL;CDL PORTO E EUNAPOLIS - LABORATORIO;ALARES LABORATORIO;voluntaria;WIFI 5;8
JUN/2026;30/06/2026;BA;DEROYQUE;TERCEIROS COLETA;EMP PCS REV DEROYQUE - PRINCIPAL;CDL PORTO E EUNAPOLIS - LABORATORIO;ALARES LABORATORIO;voluntaria;WIFI 6;20
JUN/2026;30/06/2026;CE;OMEGA;TERCEIROS COLETA;EMP FLA REV OMEGA MARCOS GOMES;CDL FORTALEZA - LABORATORIO;ALARES LABORATORIO;Sem.Info;OUTROS;1
JUN/2026;30/06/2026;CE;OMEGA;TERCEIROS COLETA;EMP FLA REV OMEGA MARCOS GOMES;CDL FORTALEZA - LABORATORIO;ALARES LABORATORIO;Sem.Info;WIFI 5;5
JUN/2026;30/06/2026;CE;OMEGA;TERCEIROS COLETA;EMP FLA REV OMEGA MARCOS GOMES;CDL FORTALEZA - LABORATORIO;ALARES LABORATORIO;Sem.Info;WIFI 6;4
JUN/2026;30/06/2026;CE;OMEGA;TERCEIROS COLETA;EMP FLA REV OMEGA MARCOS GOMES;CDL FORTALEZA - LABORATORIO;ALARES LABORATORIO;involuntaria;OUTROS;5
JUN/2026;30/06/2026;CE;OMEGA;TERCEIROS COLETA;EMP FLA REV OMEGA MARCOS GOMES;CDL FORTALEZA - LABORATORIO;ALARES LABORATORIO;involuntaria;WIFI 5;9
JUN/2026;30/06/2026;CE;OMEGA;TERCEIROS COLETA;EMP FLA REV OMEGA MARCOS GOMES;CDL FORTALEZA - LABORATORIO;ALARES LABORATORIO;involuntaria;WIFI 6;7
JUN/2026;30/06/2026;CE;OMEGA;TERCEIROS COLETA;EMP FLA REV OMEGA MARCOS GOMES;CDL FORTALEZA - LABORATORIO;ALARES LABORATORIO;voluntaria;IPTV;1
JUN/2026;30/06/2026;CE;OMEGA;TERCEIROS COLETA;EMP FLA REV OMEGA MARCOS GOMES;CDL FORTALEZA - LABORATORIO;ALARES LABORATORIO;voluntaria;OUTROS;16
JUN/2026;30/06/2026;CE;OMEGA;TERCEIROS COLETA;EMP FLA REV OMEGA MARCOS GOMES;CDL FORTALEZA - LABORATORIO;ALARES LABORATORIO;voluntaria;WIFI 5;37
JUN/2026;30/06/2026;CE;OMEGA;TERCEIROS COLETA;EMP FLA REV OMEGA MARCOS GOMES;CDL FORTALEZA - LABORATORIO;ALARES LABORATORIO;voluntaria;WIFI 6;30
JUN/2026;30/06/2026;CE;REPARO ELETROS;TERCEIROS COLETA;EMP FLA REV REPARO ELETROS JOSE ALVES;CDL FORTALEZA - LABORATORIO;ALARES LABORATORIO;Sem.Info;WIFI 6;9
JUN/2026;30/06/2026;CE;REPARO ELETROS;TERCEIROS COLETA;EMP FLA REV REPARO ELETROS JADSON ITALO;CDL FORTALEZA - LABORATORIO;ALARES LABORATORIO;involuntaria;IPTV;3
JUN/2026;30/06/2026;CE;REPARO ELETROS;TERCEIROS COLETA;EMP FLA REV REPARO ELETROS JOSE ALVES;CDL FORTALEZA - LABORATORIO;ALARES LABORATORIO;involuntaria;OUTROS;3
JUN/2026;30/06/2026;CE;REPARO ELETROS;TERCEIROS COLETA;EMP FLA REV REPARO ELETROS JOSE ALVES;CDL FORTALEZA - LABORATORIO;ALARES LABORATORIO;involuntaria;WIFI 5;6
JUN/2026;30/06/2026;CE;REPARO ELETROS;TERCEIROS COLETA;EMP FLA REV REPARO ELETROS JADSON ITALO;CDL FORTALEZA - LABORATORIO;ALARES LABORATORIO;involuntaria;WIFI 5;1
JUN/2026;30/06/2026;CE;REPARO ELETROS;TERCEIROS COLETA;EMP FLA REV REPARO ELETROS JOSE ALVES;CDL FORTALEZA - LABORATORIO;ALARES LABORATORIO;involuntaria;WIFI 6;46
JUN/2026;30/06/2026;CE;REPARO ELETROS;TERCEIROS COLETA;EMP FLA REV REPARO ELETROS JADSON ITALO;CDL FORTALEZA - LABORATORIO;ALARES LABORATORIO;involuntaria;WIFI 6;1
JUN/2026;30/06/2026;CE;REPARO ELETROS;TERCEIROS COLETA;EMP FLA REV REPARO ELETROS JADSON ITALO;CDL FORTALEZA - LABORATORIO;ALARES LABORATORIO;voluntaria;IPTV;13
JUN/2026;30/06/2026;CE;REPARO ELETROS;TERCEIROS COLETA;EMP FLA REV REPARO ELETROS JOSE ALVES;CDL FORTALEZA - LABORATORIO;ALARES LABORATORIO;voluntaria;IPTV;1
JUN/2026;30/06/2026;CE;REPARO ELETROS;TERCEIROS COLETA;EMP FLA REV REPARO ELETROS JADSON ITALO;CDL FORTALEZA - LABORATORIO;ALARES LABORATORIO;voluntaria;OUTROS;3
JUN/2026;30/06/2026;CE;REPARO ELETROS;TERCEIROS COLETA;EMP FLA REV REPARO ELETROS JADSON ITALO;CDL FORTALEZA - LABORATORIO;ALARES LABORATORIO;voluntaria;WIFI 5;30
JUN/2026;30/06/2026;CE;REPARO ELETROS;TERCEIROS COLETA;EMP FLA REV REPARO ELETROS JOSE ALVES;CDL FORTALEZA - LABORATORIO;ALARES LABORATORIO;voluntaria;WIFI 5;2
JUN/2026;30/06/2026;CE;REPARO ELETROS;TERCEIROS COLETA;EMP FLA REV REPARO ELETROS JADSON ITALO;CDL FORTALEZA - LABORATORIO;ALARES LABORATORIO;voluntaria;WIFI 6;25
JUN/2026;30/06/2026;CE;REPARO ELETROS;TERCEIROS COLETA;EMP FLA REV REPARO ELETROS JOSE ALVES;CDL FORTALEZA - LABORATORIO;ALARES LABORATORIO;voluntaria;WIFI 6;1
JUN/2026;30/06/2026;MG;ALARES LOJA;ALARES LOJA;DEVOLUCAO LOJAS ERRO PCS - GMUD;CDL POCOS DE CALDAS - LABORATORIO;ALARES LABORATORIO;Sem.Info;OUTROS;83
JUN/2026;30/06/2026;MG;ALARES LOJA;ALARES LOJA;DEVOLUCAO EQUIP LOJA VARGINHA;CDL POCOS DE CALDAS - LABORATORIO;ALARES LABORATORIO;Sem.Info;WIFI 5;1
JUN/2026;30/06/2026;MG;ALARES LOJA;ALARES LOJA;DEVOLUCAO EQUIP LOJA ELOI MENDES;CDL POCOS DE CALDAS - LABORATORIO;ALARES LABORATORIO;Sem.Info;WIFI 5;1
JUN/2026;30/06/2026;MG;ALARES LOJA;ALARES LOJA;DEVOLUCAO LOJAS ERRO PCS - GMUD;CDL POCOS DE CALDAS - LABORATORIO;ALARES LABORATORIO;Sem.Info;WIFI 5;12
JUN/2026;30/06/2026;MG;ALARES LOJA;ALARES LOJA;DEVOLUCAO EQUIP LOJA PARAGUACU;CDL POCOS DE CALDAS - LABORATORIO;ALARES LABORATORIO;involuntaria;WIFI 5;1
JUN/2026;30/06/2026;MG;ALARES LOJA;ALARES LOJA;DEVOLUCAO EQUIP LOJA VARGINHA;CDL POCOS DE CALDAS - LABORATORIO;ALARES LABORATORIO;involuntaria;WIFI 5;2
JUN/2026;30/06/2026;MG;ALARES LOJA;ALARES LOJA;DEVOLUCAO EQUIP LOJA PARAGUACU;CDL POCOS DE CALDAS - LABORATORIO;ALARES LABORATORIO;involuntaria;WIFI 6;1
JUN/2026;30/06/2026;MG;ALARES LOJA;ALARES LOJA;DEVOLUCAO EQUIP LOJA VARGINHA;CDL POCOS DE CALDAS - LABORATORIO;ALARES LABORATORIO;voluntaria;OUTROS;5
JUN/2026;30/06/2026;MG;ALARES LOJA;ALARES LOJA;DEVOLUCAO EQUIP LOJA ELOI MENDES;CDL POCOS DE CALDAS - LABORATORIO;ALARES LABORATORIO;voluntaria;OUTROS;1
JUN/2026;30/06/2026;MG;ALARES LOJA;ALARES LOJA;DEVOLUCAO EQUIP LOJA PARAGUACU;CDL POCOS DE CALDAS - LABORATORIO;ALARES LABORATORIO;voluntaria;WIFI 5;5
JUN/2026;30/06/2026;MG;ALARES LOJA;ALARES LOJA;DEVOLUCAO EQUIP LOJA ELOI MENDES;CDL POCOS DE CALDAS - LABORATORIO;ALARES LABORATORIO;voluntaria;WIFI 5;3
JUN/2026;30/06/2026;MG;ALARES LOJA;ALARES LOJA;DEVOLUCAO EQUIP LOJA ALFENAS;CDL POCOS DE CALDAS - LABORATORIO;ALARES LABORATORIO;voluntaria;WIFI 5;1
JUN/2026;30/06/2026;MG;ALARES LOJA;ALARES LOJA;DEVOLUCAO EQUIP LOJA TRES PONTAS;CDL POCOS DE CALDAS - LABORATORIO;ALARES LABORATORIO;voluntaria;WIFI 5;3
JUN/2026;30/06/2026;MG;ALARES LOJA;ALARES LOJA;DEVOLUCAO EQUIP LOJA VARGINHA;CDL POCOS DE CALDAS - LABORATORIO;ALARES LABORATORIO;voluntaria;WIFI 5;15
JUN/2026;30/06/2026;MG;ALARES LOJA;ALARES LOJA;DEVOLUCAO EQUIP LOJA TRES PONTAS;CDL POCOS DE CALDAS - LABORATORIO;ALARES LABORATORIO;voluntaria;WIFI 6;4
JUN/2026;30/06/2026;MG;ALARES LOJA;ALARES LOJA;DEVOLUCAO EQUIP LOJA PARAGUACU;CDL POCOS DE CALDAS - LABORATORIO;ALARES LABORATORIO;voluntaria;WIFI 6;2
JUN/2026;30/06/2026;MG;ALARES LOJA;ALARES LOJA;DEVOLUCAO EQUIP LOJA ELOI MENDES;CDL POCOS DE CALDAS - LABORATORIO;ALARES LABORATORIO;voluntaria;WIFI 6;9
JUN/2026;30/06/2026;MG;ALARES LOJA;ALARES LOJA;DEVOLUCAO EQUIP LOJA VARGINHA;CDL POCOS DE CALDAS - LABORATORIO;ALARES LABORATORIO;voluntaria;WIFI 6;17
JUN/2026;30/06/2026;MG;DEROYQUE;TERCEIROS COLETA;EMP PCS REV DEROYQUE - PRINCIPAL;CDL POCOS DE CALDAS - LABORATORIO;ALARES LABORATORIO;Sem.Info;OUTROS;3
JUN/2026;30/06/2026;MG;DEROYQUE;TERCEIROS COLETA;EMP PCS REV DEROYQUE - PRINCIPAL;CDL POCOS DE CALDAS - LABORATORIO;ALARES LABORATORIO;Sem.Info;WIFI 5;3
JUN/2026;30/06/2026;MG;DEROYQUE;TERCEIROS COLETA;EMP PCS REV DEROYQUE - PRINCIPAL;CDL POCOS DE CALDAS - LABORATORIO;ALARES LABORATORIO;involuntaria;OUTROS;10
JUN/2026;30/06/2026;MG;DEROYQUE;TERCEIROS COLETA;EMP PCS REV DEROYQUE - PRINCIPAL;CDL POCOS DE CALDAS - LABORATORIO;ALARES LABORATORIO;involuntaria;WIFI 5;10
JUN/2026;30/06/2026;MG;DEROYQUE;TERCEIROS COLETA;EMP PCS REV DEROYQUE - PRINCIPAL;CDL POCOS DE CALDAS - LABORATORIO;ALARES LABORATORIO;involuntaria;WIFI 6;16
JUN/2026;30/06/2026;MG;DEROYQUE;TERCEIROS COLETA;EMP PCS REV DEROYQUE - PRINCIPAL;CDL POCOS DE CALDAS - LABORATORIO;ALARES LABORATORIO;voluntaria;OUTROS;42
JUN/2026;30/06/2026;MG;DEROYQUE;TERCEIROS COLETA;EMP PCS REV DEROYQUE - PRINCIPAL;CDL POCOS DE CALDAS - LABORATORIO;ALARES LABORATORIO;voluntaria;WIFI 5;66
JUN/2026;30/06/2026;MG;DEROYQUE;TERCEIROS COLETA;EMP PCS REV DEROYQUE - PRINCIPAL;CDL POCOS DE CALDAS - LABORATORIO;ALARES LABORATORIO;voluntaria;WIFI 6;42
JUN/2026;30/06/2026;MG;JL - MG;TERCEIROS COLETA;EMP PCS REV JL - ROSELANE FRANCISCA;CDL POCOS DE CALDAS - LABORATORIO;ALARES LABORATORIO;Sem.Info;OUTROS;5
JUN/2026;30/06/2026;MG;JL - MG;TERCEIROS COLETA;EMP PCS REV JL - ROSELANE FRANCISCA;CDL POCOS DE CALDAS - LABORATORIO;ALARES LABORATORIO;Sem.Info;WIFI 5;20
JUN/2026;30/06/2026;MG;JL - MG;TERCEIROS COLETA;EMP PCS REV JL - ROSELANE FRANCISCA;CDL POCOS DE CALDAS - LABORATORIO;ALARES LABORATORIO;Sem.Info;WIFI 6;3
JUN/2026;30/06/2026;MG;JL - MG;TERCEIROS COLETA;EMP PCS REV JL - ROSELANE FRANCISCA;CDL POCOS DE CALDAS - LABORATORIO;ALARES LABORATORIO;involuntaria;OUTROS;48
JUN/2026;30/06/2026;MG;JL - MG;TERCEIROS COLETA;EMP PCS REV JL - ROSELANE FRANCISCA;CDL POCOS DE CALDAS - LABORATORIO;ALARES LABORATORIO;involuntaria;WIFI 5;74
JUN/2026;30/06/2026;MG;JL - MG;TERCEIROS COLETA;EMP PCS REV JL - ROSELANE FRANCISCA;CDL POCOS DE CALDAS - LABORATORIO;ALARES LABORATORIO;involuntaria;WIFI 6;97
JUN/2026;30/06/2026;MG;JL - MG;TERCEIROS COLETA;EMP PCS REV JL - ROSELANE FRANCISCA;CDL POCOS DE CALDAS - LABORATORIO;ALARES LABORATORIO;voluntaria;OUTROS;108
JUN/2026;30/06/2026;MG;JL - MG;TERCEIROS COLETA;EMP PCS REV JL - ROSELANE FRANCISCA;CDL POCOS DE CALDAS - LABORATORIO;ALARES LABORATORIO;voluntaria;WIFI 5;254
JUN/2026;30/06/2026;MG;JL - MG;TERCEIROS COLETA;EMP PCS REV JL - ROSELANE FRANCISCA;CDL POCOS DE CALDAS - LABORATORIO;ALARES LABORATORIO;voluntaria;WIFI 6;152
JUN/2026;30/06/2026;MG;LVMOTOBOY;TERCEIROS COLETA;EMP PCS REV LV MOTOBOY - VANESSA LIMA;CDL POCOS DE CALDAS - LABORATORIO;ALARES LABORATORIO;Sem.Info;OUTROS;8
JUN/2026;30/06/2026;MG;LVMOTOBOY;TERCEIROS COLETA;EMP PCS REV LV MOTOBOY - VANESSA LIMA;CDL POCOS DE CALDAS - LABORATORIO;ALARES LABORATORIO;Sem.Info;WIFI 5;5
JUN/2026;30/06/2026;MG;LVMOTOBOY;TERCEIROS COLETA;EMP PCS REV LV MOTOBOY - VANESSA LIMA;CDL POCOS DE CALDAS - LABORATORIO;ALARES LABORATORIO;involuntaria;IPTV;1
JUN/2026;30/06/2026;MG;LVMOTOBOY;TERCEIROS COLETA;EMP PCS REV LV MOTOBOY - VANESSA LIMA;CDL POCOS DE CALDAS - LABORATORIO;ALARES LABORATORIO;involuntaria;OUTROS;28
JUN/2026;30/06/2026;MG;LVMOTOBOY;TERCEIROS COLETA;EMP PCS REV LV MOTOBOY - VANESSA LIMA;CDL POCOS DE CALDAS - LABORATORIO;ALARES LABORATORIO;involuntaria;WIFI 5;54
JUN/2026;30/06/2026;MG;LVMOTOBOY;TERCEIROS COLETA;EMP PCS REV LV MOTOBOY - VANESSA LIMA;CDL POCOS DE CALDAS - LABORATORIO;ALARES LABORATORIO;involuntaria;WIFI 6;43
JUN/2026;30/06/2026;MG;LVMOTOBOY;TERCEIROS COLETA;EMP PCS REV LV MOTOBOY - VANESSA LIMA;CDL POCOS DE CALDAS - LABORATORIO;ALARES LABORATORIO;voluntaria;IPTV;17
JUN/2026;30/06/2026;MG;LVMOTOBOY;TERCEIROS COLETA;EMP PCS REV LV MOTOBOY - VANESSA LIMA;CDL POCOS DE CALDAS - LABORATORIO;ALARES LABORATORIO;voluntaria;OUTROS;89
JUN/2026;30/06/2026;MG;LVMOTOBOY;TERCEIROS COLETA;EMP PCS REV LV MOTOBOY - VANESSA LIMA;CDL POCOS DE CALDAS - LABORATORIO;ALARES LABORATORIO;voluntaria;WIFI 5;250
JUN/2026;30/06/2026;MG;LVMOTOBOY;TERCEIROS COLETA;EMP PCS REV LV MOTOBOY - VANESSA LIMA;CDL POCOS DE CALDAS - LABORATORIO;ALARES LABORATORIO;voluntaria;WIFI 6;105
JUN/2026;30/06/2026;PB;DEBORAH BRUNA;TERCEIROS COLETA;EMP JPA REV DB - DEBORAH BRUNA;CDL JOAO PESSOA - LABORATORIO;ALARES LABORATORIO;Sem.Info;WIFI 5;1
JUN/2026;30/06/2026;PB;DEBORAH BRUNA;TERCEIROS COLETA;EMP JPA REV DB - DEBORAH BRUNA;CDL JOAO PESSOA - LABORATORIO;ALARES LABORATORIO;involuntaria;WIFI 5;1
JUN/2026;30/06/2026;PB;DEBORAH BRUNA;TERCEIROS COLETA;EMP JPA REV DB - DEBORAH BRUNA;CDL JOAO PESSOA - LABORATORIO;ALARES LABORATORIO;involuntaria;WIFI 6;4
JUN/2026;30/06/2026;PB;DEBORAH BRUNA;TERCEIROS COLETA;EMP JPA REV DB - DEBORAH BRUNA;CDL JOAO PESSOA - LABORATORIO;ALARES LABORATORIO;voluntaria;WIFI 5;15
JUN/2026;30/06/2026;PB;DEBORAH BRUNA;TERCEIROS COLETA;EMP JPA REV DB - DEBORAH BRUNA;CDL JOAO PESSOA - LABORATORIO;ALARES LABORATORIO;voluntaria;WIFI 6;34
JUN/2026;30/06/2026;RN;ALARES LOJA;ALARES LOJA;DEVOLUCAO EQUIP LOJA NATAL;CDL NATAL - LABORATORIO;ALARES LABORATORIO;Sem.Info;OUTROS;12
JUN/2026;30/06/2026;RN;ALARES LOJA;ALARES LOJA;DEVOLUCAO EQUIP LOJA NATAL;CDL NATAL - LABORATORIO;ALARES LABORATORIO;Sem.Info;WIFI 5;8
JUN/2026;30/06/2026;RN;ALARES LOJA;ALARES LOJA;DEVOLUCAO EQUIP LOJA PARNAMIRIM;CDL NATAL - LABORATORIO;ALARES LABORATORIO;Sem.Info;WIFI 5;1
JUN/2026;30/06/2026;RN;ALARES LOJA;ALARES LOJA;DEVOLUCAO EQUIP LOJA NATAL;CDL NATAL - LABORATORIO;ALARES LABORATORIO;Sem.Info;WIFI 6;1
JUN/2026;30/06/2026;RN;ALARES LOJA;ALARES LOJA;DEVOLUCAO EQUIP LOJA NATAL;CDL NATAL - LABORATORIO;ALARES LABORATORIO;voluntaria;IPTV;2
JUN/2026;30/06/2026;RN;ALARES LOJA;ALARES LOJA;DEVOLUCAO EQUIP LOJA PARNAMIRIM;CDL NATAL - LABORATORIO;ALARES LABORATORIO;voluntaria;IPTV;1
JUN/2026;30/06/2026;RN;ALARES LOJA;ALARES LOJA;DEVOLUCAO EQUIP LOJA TIBAU DO SUL;CDL NATAL - LABORATORIO;ALARES LABORATORIO;voluntaria;WIFI 5;1
JUN/2026;30/06/2026;RN;ALARES LOJA;ALARES LOJA;DEVOLUCAO EQUIP LOJA NATAL;CDL NATAL - LABORATORIO;ALARES LABORATORIO;voluntaria;WIFI 5;7
JUN/2026;30/06/2026;RN;ALARES LOJA;ALARES LOJA;DEVOLUCAO EQUIP LOJA PARNAMIRIM;CDL NATAL - LABORATORIO;ALARES LABORATORIO;voluntaria;WIFI 5;1
JUN/2026;30/06/2026;RN;ALARES LOJA;ALARES LOJA;DEVOLUCAO EQUIP LOJA NATAL;CDL NATAL - LABORATORIO;ALARES LABORATORIO;voluntaria;WIFI 6;7
JUN/2026;30/06/2026;RN;ALARES LOJA;ALARES LOJA;DEVOLUCAO EQUIP LOJA TIBAU DO SUL;CDL NATAL - LABORATORIO;ALARES LABORATORIO;voluntaria;WIFI 6;1
JUN/2026;30/06/2026;RN;NDR;TERCEIROS COLETA;EMP NTL REV NDR - PRINCIPAL;CDL NATAL - LABORATORIO;ALARES LABORATORIO;Sem.Info;WIFI 5;5
JUN/2026;30/06/2026;RN;NDR;TERCEIROS COLETA;EMP NTL REV NDR - PRINCIPAL;CDL NATAL - LABORATORIO;ALARES LABORATORIO;Sem.Info;WIFI 6;1
JUN/2026;30/06/2026;RN;NDR;TERCEIROS COLETA;EMP NTL REV NDR - PRINCIPAL;CDL NATAL - LABORATORIO;ALARES LABORATORIO;involuntaria;IPTV;2
JUN/2026;30/06/2026;RN;NDR;TERCEIROS COLETA;EMP NTL REV NDR - PRINCIPAL;CDL NATAL - LABORATORIO;ALARES LABORATORIO;involuntaria;WIFI 5;27
JUN/2026;30/06/2026;RN;NDR;TERCEIROS COLETA;EMP NTL REV NDR - PRINCIPAL;CDL NATAL - LABORATORIO;ALARES LABORATORIO;involuntaria;WIFI 6;48
JUN/2026;30/06/2026;RN;NDR;TERCEIROS COLETA;EMP NTL REV NDR - PRINCIPAL;CDL NATAL - LABORATORIO;ALARES LABORATORIO;voluntaria;IPTV;29
JUN/2026;30/06/2026;RN;NDR;TERCEIROS COLETA;EMP NTL REV NDR - PRINCIPAL;CDL NATAL - LABORATORIO;ALARES LABORATORIO;voluntaria;OUTROS;12
JUN/2026;30/06/2026;RN;NDR;TERCEIROS COLETA;EMP NTL REV NDR - PRINCIPAL;CDL NATAL - LABORATORIO;ALARES LABORATORIO;voluntaria;WIFI 5;96
JUN/2026;30/06/2026;RN;NDR;TERCEIROS COLETA;EMP NTL REV NDR - PRINCIPAL;CDL NATAL - LABORATORIO;ALARES LABORATORIO;voluntaria;WIFI 6;111
JUN/2026;30/06/2026;SP-ITV;ALARES LOJA;ALARES LOJA;DEVOLUCAO EQUIP LOJA TABOAO DA SERRA;CDL ITUPEVA - LABORATORIO;ALARES CDL;Sem.Info;WIFI 5;6
JUN/2026;30/06/2026;SP-ITV;ALARES LOJA;ALARES LOJA;DEVOLUCAO EQUIP LOJA TABOAO DA SERRA;CDL ITUPEVA - LABORATORIO;ALARES CDL;involuntaria;WIFI 5;2
JUN/2026;30/06/2026;SP-ITV;ALARES LOJA;ALARES LOJA;DEVOLUCAO EQUIP LOJA TABOAO DA SERRA;CDL ITUPEVA - LABORATORIO;ALARES CDL;involuntaria;WIFI 6;2
JUN/2026;30/06/2026;SP-ITV;ALARES LOJA;ALARES LOJA;DEVOLUCAO EQUIP LOJA TABOAO DA SERRA;CDL ITUPEVA - LABORATORIO;ALARES CDL;voluntaria;WIFI 5;7
JUN/2026;30/06/2026;SP-ITV;ALARES LOJA;ALARES LOJA;DEVOLUCAO EQUIP LOJA TABOAO DA SERRA;CDL ITUPEVA - LABORATORIO;ALARES CDL;voluntaria;WIFI 6;13
JUN/2026;30/06/2026;SP-MOC;ALARES LOJA;ALARES LOJA;DEVOLUCAO EQUIP LOJA MOGI MIRIM;CDL ITUPEVA - LABORATORIO;ALARES CDL;Sem.Info;WIFI 5;1
JUN/2026;30/06/2026;SP-MOC;ALARES LOJA;ALARES LOJA;DEVOLUCAO EQUIP LOJA MOGI GUACU;CDL ITUPEVA - LABORATORIO;ALARES CDL;Sem.Info;WIFI 6;1
JUN/2026;30/06/2026;SP-MOC;ALARES LOJA;ALARES LOJA;DEVOLUCAO EQUIP LOJA ATIBAIA;CDL ITUPEVA - LABORATORIO;ALARES CDL;Sem.Info;WIFI 6;4
JUN/2026;30/06/2026;SP-MOC;ALARES LOJA;ALARES LOJA;DEVOLUCAO EQUIP LOJA MOGI MIRIM;CDL ITUPEVA - LABORATORIO;ALARES CDL;involuntaria;WIFI 6;1
JUN/2026;30/06/2026;SP-MOC;ALARES LOJA;ALARES LOJA;DEVOLUCAO EQUIP LOJA MOGI MIRIM;CDL ITUPEVA - LABORATORIO;ALARES CDL;voluntaria;IPTV;1
JUN/2026;30/06/2026;SP-MOC;ALARES LOJA;ALARES LOJA;DEVOLUCAO EQUIP LOJA ATIBAIA;CDL ITUPEVA - LABORATORIO;ALARES CDL;voluntaria;OUTROS;1
JUN/2026;30/06/2026;SP-MOC;ALARES LOJA;ALARES LOJA;DEVOLUCAO EQUIP LOJA ATIBAIA;CDL ITUPEVA - LABORATORIO;ALARES CDL;voluntaria;WIFI 5;2
JUN/2026;30/06/2026;SP-MOC;ALARES LOJA;ALARES LOJA;DEVOLUCAO EQUIP LOJA ATIBAIA;CDL ITUPEVA - LABORATORIO;ALARES CDL;voluntaria;WIFI 6;30
JUN/2026;30/06/2026;SP-MOC;ALARES LOJA;ALARES LOJA;DEVOLUCAO EQUIP LOJA MOGI GUACU;CDL ITUPEVA - LABORATORIO;ALARES CDL;voluntaria;WIFI 6;1
JUN/2026;30/06/2026;SP-ORN;ALARES LOJA;ALARES LOJA;DEVOLUCAO EQUIP LOJA BERNARDINO DE CAMPOS;CDL ITUPEVA - LABORATORIO;ALARES CDL;voluntaria;OUTROS;1
JUN/2026;30/06/2026;SP-ORN;ALARES LOJA;ALARES LOJA;DEVOLUCAO EQUIP LOJA OURINHOS;CDL OURINHOS - LABORATORIO;ALARES LABORATORIO;voluntaria;OUTROS;1
JUN/2026;30/06/2026;SP-ORN;ALARES LOJA;ALARES LOJA;DEVOLUCAO EQUIP LOJA OURINHOS;CDL OURINHOS - LABORATORIO;ALARES LABORATORIO;voluntaria;WIFI 5;3
JUN/2026;30/06/2026;SP-ORN;JOAO MANTOAN;TERCEIROS COLETA;EMP ORN REV JM - JOAO MANTOAN;CDL OURINHOS - LABORATORIO;ALARES LABORATORIO;involuntaria;OUTROS;8
JUN/2026;30/06/2026;SP-ORN;JOAO MANTOAN;TERCEIROS COLETA;EMP ORN REV JM - JOAO MANTOAN;CDL OURINHOS - LABORATORIO;ALARES LABORATORIO;involuntaria;WIFI 5;38
JUN/2026;30/06/2026;SP-ORN;JOAO MANTOAN;TERCEIROS COLETA;EMP ORN REV JM - JOAO MANTOAN;CDL OURINHOS - LABORATORIO;ALARES LABORATORIO;involuntaria;WIFI 6;14
JUN/2026;30/06/2026;SP-ORN;JOAO MANTOAN;TERCEIROS COLETA;EMP ORN REV JM - JOAO MANTOAN;CDL OURINHOS - LABORATORIO;ALARES LABORATORIO;voluntaria;OUTROS;19
JUN/2026;30/06/2026;SP-ORN;JOAO MANTOAN;TERCEIROS COLETA;EMP ORN REV JM - JOAO MANTOAN;CDL OURINHOS - LABORATORIO;ALARES LABORATORIO;voluntaria;WIFI 5;53
JUN/2026;30/06/2026;SP-ORN;JOAO MANTOAN;TERCEIROS COLETA;EMP ORN REV JM - JOAO MANTOAN;CDL OURINHOS - LABORATORIO;ALARES LABORATORIO;voluntaria;WIFI 6;19
JUN/2026;30/06/2026;SP-SOC;ALARES LOJA;ALARES LOJA;DEVOLUCAO EQUIP LOJA JUQUITIBA;CDL ITUPEVA - LABORATORIO;ALARES CDL;Sem.Info;OUTROS;1
JUN/2026;30/06/2026;SP-SOC;ALARES LOJA;ALARES LOJA;DEVOLUCAO EQUIP LOJA SOROCABA;CDL ITUPEVA - LABORATORIO;ALARES CDL;Sem.Info;WIFI 5;1
JUN/2026;30/06/2026;SP-SOC;ALARES LOJA;ALARES LOJA;DEVOLUCAO EQUIP LOJA EMBU DAS ARTES;CDL ITUPEVA - LABORATORIO;ALARES CDL;Sem.Info;WIFI 5;3
JUN/2026;30/06/2026;SP-SOC;ALARES LOJA;ALARES LOJA;DEVOLUCAO EQUIP LOJA JUQUITIBA;CDL ITUPEVA - LABORATORIO;ALARES CDL;voluntaria;OUTROS;1
JUN/2026;30/06/2026;SP-SOC;ALARES LOJA;ALARES LOJA;DEVOLUCAO EQUIP LOJA JUQUITIBA;CDL ITUPEVA - LABORATORIO;ALARES CDL;voluntaria;WIFI 5;1
JUN/2026;30/06/2026;SP-SOC;ALARES LOJA;ALARES LOJA;DEVOLUCAO EQUIP LOJA SOROCABA;CDL ITUPEVA - LABORATORIO;ALARES CDL;voluntaria;WIFI 6;1
JUN/2026;30/06/2026;SP-SOC;CRH;TERCEIROS COLETA;EMP ITV REV CRH - PRINCIPAL;CDL ITUPEVA - LABORATORIO;ALARES CDL;Sem.Info;OUTROS;4
JUN/2026;30/06/2026;SP-SOC;CRH;TERCEIROS COLETA;EMP ITV REV CRH - PRINCIPAL;CDL ITUPEVA - LABORATORIO;ALARES CDL;Sem.Info;WIFI 5;9
JUN/2026;30/06/2026;SP-SOC;CRH;TERCEIROS COLETA;EMP ITV REV CRH - PRINCIPAL;CDL ITUPEVA - LABORATORIO;ALARES CDL;Sem.Info;WIFI 6;2
JUN/2026;30/06/2026;SP-SOC;CRH;TERCEIROS COLETA;EMP ITV REV CRH - PRINCIPAL;CDL ITUPEVA - LABORATORIO;ALARES CDL;involuntaria;OUTROS;2
JUN/2026;30/06/2026;SP-SOC;CRH;TERCEIROS COLETA;EMP ITV REV CRH - PRINCIPAL;CDL ITUPEVA - LABORATORIO;ALARES CDL;involuntaria;WIFI 5;49
JUN/2026;30/06/2026;SP-SOC;CRH;TERCEIROS COLETA;EMP ITV REV CRH - PRINCIPAL;CDL ITUPEVA - LABORATORIO;ALARES CDL;involuntaria;WIFI 6;50
JUN/2026;30/06/2026;SP-SOC;CRH;TERCEIROS COLETA;EMP ITV REV CRH - PRINCIPAL;CDL ITUPEVA - LABORATORIO;ALARES CDL;voluntaria;OUTROS;34
JUN/2026;30/06/2026;SP-SOC;CRH;TERCEIROS COLETA;EMP ITV REV CRH - PRINCIPAL;CDL ITUPEVA - LABORATORIO;ALARES CDL;voluntaria;WIFI 5;290
JUN/2026;30/06/2026;SP-SOC;CRH;TERCEIROS COLETA;EMP ITV REV CRH - PRINCIPAL;CDL ITUPEVA - LABORATORIO;ALARES CDL;voluntaria;WIFI 6;288
JUN/2026;30/06/2026;SP-SOC;DEROYQUE;TERCEIROS COLETA;EMP PCS REV DEROYQUE - PRINCIPAL;CDL ITUPEVA - LABORATORIO;ALARES CDL;Sem.Info;WIFI 5;3
JUN/2026;30/06/2026;SP-SOC;DEROYQUE;TERCEIROS COLETA;EMP PCS REV DEROYQUE - PRINCIPAL;CDL ITUPEVA - LABORATORIO;ALARES CDL;Sem.Info;WIFI 6;1
JUN/2026;30/06/2026;SP-SOC;DEROYQUE;TERCEIROS COLETA;EMP PCS REV DEROYQUE - PRINCIPAL;CDL ITUPEVA - LABORATORIO;ALARES CDL;involuntaria;WIFI 5;13
JUN/2026;30/06/2026;SP-SOC;DEROYQUE;TERCEIROS COLETA;EMP PCS REV DEROYQUE - PRINCIPAL;CDL ITUPEVA - LABORATORIO;ALARES CDL;involuntaria;WIFI 6;5
JUN/2026;30/06/2026;SP-SOC;DEROYQUE;TERCEIROS COLETA;EMP PCS REV DEROYQUE - PRINCIPAL;CDL ITUPEVA - LABORATORIO;ALARES CDL;voluntaria;OUTROS;1
JUN/2026;30/06/2026;SP-SOC;DEROYQUE;TERCEIROS COLETA;EMP PCS REV DEROYQUE - PRINCIPAL;CDL ITUPEVA - LABORATORIO;ALARES CDL;voluntaria;WIFI 5;32
JUN/2026;30/06/2026;SP-SOC;DEROYQUE;TERCEIROS COLETA;EMP PCS REV DEROYQUE - PRINCIPAL;CDL ITUPEVA - LABORATORIO;ALARES CDL;voluntaria;WIFI 6;19
JUN/2026;30/06/2026;SP-SOC;MASTER SERVICE_ORN;TERCEIROS COLETA;EMP ITV REV MASTER SERVICE - PRINCIPAL;CDL ITUPEVA - LABORATORIO;ALARES CDL;Sem.Info;OUTROS;2
JUN/2026;30/06/2026;SP-SOC;MASTER SERVICE_ORN;TERCEIROS COLETA;EMP ITV REV MASTER SERVICE - PRINCIPAL;CDL ITUPEVA - LABORATORIO;ALARES CDL;Sem.Info;WIFI 5;4
JUN/2026;30/06/2026;SP-SOC;MASTER SERVICE_ORN;TERCEIROS COLETA;EMP ITV REV MASTER SERVICE - PRINCIPAL;CDL ITUPEVA - LABORATORIO;ALARES CDL;Sem.Info;WIFI 6;6
JUN/2026;30/06/2026;SP-SOC;MASTER SERVICE_ORN;TERCEIROS COLETA;EMP ITV REV MASTER SERVICE - PRINCIPAL;CDL ITUPEVA - LABORATORIO;ALARES CDL;involuntaria;OUTROS;2
JUN/2026;30/06/2026;SP-SOC;MASTER SERVICE_ORN;TERCEIROS COLETA;EMP ITV REV MASTER SERVICE - PRINCIPAL;CDL ITUPEVA - LABORATORIO;ALARES CDL;involuntaria;WIFI 5;18
JUN/2026;30/06/2026;SP-SOC;MASTER SERVICE_ORN;TERCEIROS COLETA;EMP ITV REV MASTER SERVICE - PRINCIPAL;CDL ITUPEVA - LABORATORIO;ALARES CDL;involuntaria;WIFI 6;26
JUN/2026;30/06/2026;SP-SOC;MASTER SERVICE_ORN;TERCEIROS COLETA;EMP ITV REV MASTER SERVICE - PRINCIPAL;CDL ITUPEVA - LABORATORIO;ALARES CDL;voluntaria;OUTROS;7
JUN/2026;30/06/2026;SP-SOC;MASTER SERVICE_ORN;TERCEIROS COLETA;EMP ITV REV MASTER SERVICE - PRINCIPAL;CDL ITUPEVA - LABORATORIO;ALARES CDL;voluntaria;WIFI 5;61
JUN/2026;30/06/2026;SP-SOC;MASTER SERVICE_ORN;TERCEIROS COLETA;EMP ITV REV MASTER SERVICE - PRINCIPAL;CDL ITUPEVA - LABORATORIO;ALARES CDL;voluntaria;WIFI 6;78
JUN/2026;30/06/2026;SP-SOC;MAXPLAY;TERCEIROS COLETA;EMP MGU MAXPLAY HYRAN MARTINS;CDL ITUPEVA - LABORATORIO;ALARES CDL;Sem.Info;WIFI 5;1
JUN/2026;30/06/2026;SP-SOC;MAXPLAY;TERCEIROS COLETA;EMP MGU MAXPLAY HYRAN MARTINS;CDL ITUPEVA - LABORATORIO;ALARES CDL;Sem.Info;WIFI 6;1
JUN/2026;30/06/2026;SP-SOC;MAXPLAY;TERCEIROS COLETA;EMP MGU MAXPLAY HYRAN MARTINS;CDL ITUPEVA - LABORATORIO;ALARES CDL;involuntaria;WIFI 5;2
JUN/2026;30/06/2026;SP-SOC;MAXPLAY;TERCEIROS COLETA;EMP MGU MAXPLAY HYRAN MARTINS;CDL ITUPEVA - LABORATORIO;ALARES CDL;involuntaria;WIFI 6;8
JUN/2026;30/06/2026;SP-SOC;MAXPLAY;TERCEIROS COLETA;EMP MGU MAXPLAY HYRAN MARTINS;CDL ITUPEVA - LABORATORIO;ALARES CDL;voluntaria;WIFI 5;11
JUN/2026;30/06/2026;SP-SOC;MAXPLAY;TERCEIROS COLETA;EMP MGU MAXPLAY HYRAN MARTINS;CDL ITUPEVA - LABORATORIO;ALARES CDL;voluntaria;WIFI 6;22
JUN/2026;30/06/2026;SP-SPR;ALARES LOJA;ALARES LOJA;DEVOLUCAO EQUIP LOJA SALTO DE PIRAPORA;CDL ITUPEVA - LABORATORIO;ALARES CDL;Sem.Info;WIFI 5;17
JUN/2026;30/06/2026;SP-SPR;ALARES LOJA;ALARES LOJA;DEVOLUCAO EQUIP LOJA VOTORANTIM;CDL ITUPEVA - LABORATORIO;ALARES CDL;Sem.Info;WIFI 5;2
JUN/2026;30/06/2026;SP-SPR;ALARES LOJA;ALARES LOJA;DEVOLUCAO EQUIP LOJA ARACOIABA DA SERRA;CDL ITUPEVA - LABORATORIO;ALARES CDL;Sem.Info;WIFI 5;1
JUN/2026;30/06/2026;SP-SPR;ALARES LOJA;ALARES LOJA;DEVOLUCAO EQUIP LOJA ARACOIABA DA SERRA;CDL ITUPEVA - LABORATORIO;ALARES CDL;Sem.Info;WIFI 6;1
JUN/2026;30/06/2026;SP-SPR;ALARES LOJA;ALARES LOJA;DEVOLUCAO EQUIP LOJA SALTO DE PIRAPORA;CDL ITUPEVA - LABORATORIO;ALARES CDL;Sem.Info;WIFI 6;2
JUN/2026;30/06/2026;SP-SPR;ALARES LOJA;ALARES LOJA;DEVOLUCAO EQUIP LOJA ARACOIABA DA SERRA;CDL ITUPEVA - LABORATORIO;ALARES CDL;involuntaria;WIFI 6;1
JUN/2026;30/06/2026;SP-SPR;ALARES LOJA;ALARES LOJA;DEVOLUCAO EQUIP LOJA SARAPUI;CDL ITUPEVA - LABORATORIO;ALARES CDL;voluntaria;WIFI 5;1
JUN/2026;30/06/2026;SP-SPR;ALARES LOJA;ALARES LOJA;DEVOLUCAO EQUIP LOJA SALTO DE PIRAPORA;CDL ITUPEVA - LABORATORIO;ALARES CDL;voluntaria;WIFI 5;6
JUN/2026;30/06/2026;SP-SPR;ALARES LOJA;ALARES LOJA;DEVOLUCAO EQUIP LOJA VOTORANTIM;CDL ITUPEVA - LABORATORIO;ALARES CDL;voluntaria;WIFI 6;3
JUN/2026;30/06/2026;SP-SPR;ALARES LOJA;ALARES LOJA;DEVOLUCAO EQUIP LOJA ARACOIABA DA SERRA;CDL ITUPEVA - LABORATORIO;ALARES CDL;voluntaria;WIFI 6;1
JUN/2026;30/06/2026;SP-SPR;ALARES LOJA;ALARES LOJA;DEVOLUCAO EQUIP LOJA SALTO DE PIRAPORA;CDL ITUPEVA - LABORATORIO;ALARES CDL;voluntaria;WIFI 6;15
JUN/2026;29/06/2026;BA;DEROYQUE;TERCEIROS COLETA;EMP PCS REV DEROYQUE - PRINCIPAL;CDL PORTO E EUNAPOLIS - LABORATORIO;ALARES LABORATORIO;Sem.Info;OUTROS;2
JUN/2026;29/06/2026;BA;DEROYQUE;TERCEIROS COLETA;EMP PCS REV DEROYQUE - PRINCIPAL;CDL PORTO E EUNAPOLIS - LABORATORIO;ALARES LABORATORIO;Sem.Info;WIFI 5;4
JUN/2026;29/06/2026;BA;DEROYQUE;TERCEIROS COLETA;EMP PCS REV DEROYQUE - PRINCIPAL;CDL PORTO E EUNAPOLIS - LABORATORIO;ALARES LABORATORIO;Sem.Info;WIFI 6;3
JUN/2026;29/06/2026;BA;DEROYQUE;TERCEIROS COLETA;EMP PCS REV DEROYQUE - PRINCIPAL;CDL PORTO E EUNAPOLIS - LABORATORIO;ALARES LABORATORIO;involuntaria;OUTROS;15
JUN/2026;29/06/2026;BA;DEROYQUE;TERCEIROS COLETA;EMP PCS REV DEROYQUE - PRINCIPAL;CDL PORTO E EUNAPOLIS - LABORATORIO;ALARES LABORATORIO;involuntaria;WIFI 5;20
JUN/2026;29/06/2026;BA;DEROYQUE;TERCEIROS COLETA;EMP PCS REV DEROYQUE - PRINCIPAL;CDL PORTO E EUNAPOLIS - LABORATORIO;ALARES LABORATORIO;involuntaria;WIFI 6;39
JUN/2026;29/06/2026;BA;DEROYQUE;TERCEIROS COLETA;EMP PCS REV DEROYQUE - PRINCIPAL;CDL PORTO E EUNAPOLIS - LABORATORIO;ALARES LABORATORIO;voluntaria;OUTROS;28
JUN/2026;29/06/2026;BA;DEROYQUE;TERCEIROS COLETA;EMP PCS REV DEROYQUE - PRINCIPAL;CDL PORTO E EUNAPOLIS - LABORATORIO;ALARES LABORATORIO;voluntaria;WIFI 5;47
JUN/2026;29/06/2026;BA;DEROYQUE;TERCEIROS COLETA;EMP PCS REV DEROYQUE - PRINCIPAL;CDL PORTO E EUNAPOLIS - LABORATORIO;ALARES LABORATORIO;voluntaria;WIFI 6;36
JUN/2026;29/06/2026;CE;ABL;TERCEIROS COLETA;EMP FLA REV ABL JOAO SERGINO;CDL FORTALEZA - LABORATORIO;ALARES LABORATORIO;Sem.Info;WIFI 5;9
JUN/2026;29/06/2026;CE;ABL;TERCEIROS COLETA;EMP FLA REV ABL JOAO SERGINO;CDL FORTALEZA - LABORATORIO;ALARES LABORATORIO;Sem.Info;WIFI 6;2
JUN/2026;29/06/2026;CE;ABL;TERCEIROS COLETA;EMP FLA REV ABL JOAO SERGINO;CDL FORTALEZA - LABORATORIO;ALARES LABORATORIO;involuntaria;OUTROS;1
JUN/2026;29/06/2026;CE;ABL;TERCEIROS COLETA;EMP FLA REV ABL JOAO SERGINO;CDL FORTALEZA - LABORATORIO;ALARES LABORATORIO;involuntaria;WIFI 5;15
JUN/2026;29/06/2026;CE;ABL;TERCEIROS COLETA;EMP FLA REV ABL JOAO SERGINO;CDL FORTALEZA - LABORATORIO;ALARES LABORATORIO;involuntaria;WIFI 6;19
JUN/2026;29/06/2026;CE;ABL;TERCEIROS COLETA;EMP FLA REV ABL JOAO SERGINO;CDL FORTALEZA - LABORATORIO;ALARES LABORATORIO;voluntaria;IPTV;4
JUN/2026;29/06/2026;CE;ABL;TERCEIROS COLETA;EMP FLA REV ABL JOAO SERGINO;CDL FORTALEZA - LABORATORIO;ALARES LABORATORIO;voluntaria;OUTROS;2
JUN/2026;29/06/2026;CE;ABL;TERCEIROS COLETA;EMP FLA REV ABL JOAO SERGINO;CDL FORTALEZA - LABORATORIO;ALARES LABORATORIO;voluntaria;WIFI 5;12
JUN/2026;29/06/2026;CE;ABL;TERCEIROS COLETA;EMP FLA REV ABL JOAO SERGINO;CDL FORTALEZA - LABORATORIO;ALARES LABORATORIO;voluntaria;WIFI 6;11
JUN/2026;29/06/2026;MG;ALARES LOJA;ALARES LOJA;DEVOLUCAO LOJAS ERRO PCS - GMUD;CDL POCOS DE CALDAS - LABORATORIO;ALARES LABORATORIO;Sem.Info;WIFI 5;2
JUN/2026;29/06/2026;MG;ALARES LOJA;ALARES LOJA;DEVOLUCAO EQUIP LOJA SAO SEBASTIAO DA GRAMA;CDL POCOS DE CALDAS - LABORATORIO;ALARES LABORATORIO;voluntaria;OUTROS;2
JUN/2026;29/06/2026;MG;ALARES LOJA;ALARES LOJA;DEVOLUCAO EQUIP LOJA SAO SEBASTIAO DA GRAMA;CDL POCOS DE CALDAS - LABORATORIO;ALARES LABORATORIO;voluntaria;WIFI 5;1
JUN/2026;29/06/2026;MG;ALARES LOJA;ALARES LOJA;DEVOLUCAO EQUIP LOJA SAO SEBASTIAO DA GRAMA;CDL POCOS DE CALDAS - LABORATORIO;ALARES LABORATORIO;voluntaria;WIFI 6;1
JUN/2026;29/06/2026;MG;CLOVIS LUCIANO;TERCEIROS COLETA;EMP PCS REV CLOVIS - CLOVIS LUCIANO;CDL POCOS DE CALDAS - LABORATORIO;ALARES LABORATORIO;Sem.Info;OUTROS;4
JUN/2026;29/06/2026;MG;CLOVIS LUCIANO;TERCEIROS COLETA;EMP PCS REV CLOVIS - CLOVIS LUCIANO;CDL POCOS DE CALDAS - LABORATORIO;ALARES LABORATORIO;Sem.Info;WIFI 5;2
JUN/2026;29/06/2026;MG;CLOVIS LUCIANO;TERCEIROS COLETA;EMP PCS REV CLOVIS - CLOVIS LUCIANO;CDL POCOS DE CALDAS - LABORATORIO;ALARES LABORATORIO;involuntaria;OUTROS;17
JUN/2026;29/06/2026;MG;CLOVIS LUCIANO;TERCEIROS COLETA;EMP PCS REV CLOVIS - CLOVIS LUCIANO;CDL POCOS DE CALDAS - LABORATORIO;ALARES LABORATORIO;involuntaria;WIFI 5;30
JUN/2026;29/06/2026;MG;CLOVIS LUCIANO;TERCEIROS COLETA;EMP PCS REV CLOVIS - CLOVIS LUCIANO;CDL POCOS DE CALDAS - LABORATORIO;ALARES LABORATORIO;involuntaria;WIFI 6;15
JUN/2026;29/06/2026;MG;CLOVIS LUCIANO;TERCEIROS COLETA;EMP PCS REV CLOVIS - CLOVIS LUCIANO;CDL POCOS DE CALDAS - LABORATORIO;ALARES LABORATORIO;voluntaria;OUTROS;106
JUN/2026;29/06/2026;MG;CLOVIS LUCIANO;TERCEIROS COLETA;EMP PCS REV CLOVIS - CLOVIS LUCIANO;CDL POCOS DE CALDAS - LABORATORIO;ALARES LABORATORIO;voluntaria;WIFI 5;178
JUN/2026;29/06/2026;MG;CLOVIS LUCIANO;TERCEIROS COLETA;EMP PCS REV CLOVIS - CLOVIS LUCIANO;CDL POCOS DE CALDAS - LABORATORIO;ALARES LABORATORIO;voluntaria;WIFI 6;54
JUN/2026;29/06/2026;SP-ITV;ALARES LOJA;ALARES LOJA;DEVOLUCAO EQUIP LOJA TABOAO DA SERRA;CDL ITUPEVA - LABORATORIO;ALARES CDL;Sem.Info;WIFI 5;1
JUN/2026;29/06/2026;SP-ITV;ALARES LOJA;ALARES LOJA;DEVOLUCAO EQUIP LOJA TABOAO DA SERRA;CDL ITUPEVA - LABORATORIO;ALARES CDL;voluntaria;WIFI 5;1
JUN/2026;29/06/2026;SP-ITV;ALARES LOJA;ALARES LOJA;DEVOLUCAO LOJAS ERRO ITUPEVA - GMUD;CDL ITUPEVA - PRINCIPAL;ALARES CDL;Sem.Info;WIFI 5;2
JUN/2026;29/06/2026;SP-MOC;ALARES LOJA;ALARES LOJA;DEVOLUCAO EQUIP LOJA SAO JOAO DA BOA VISTA;CDL POCOS DE CALDAS - LABORATORIO;ALARES LABORATORIO;Sem.Info;IPTV;1
JUN/2026;29/06/2026;SP-MOC;ALARES LOJA;ALARES LOJA;DEVOLUCAO EQUIP LOJA SÃO JOSÉ DO RIO PARDO;CDL POCOS DE CALDAS - LABORATORIO;ALARES LABORATORIO;Sem.Info;OUTROS;1
JUN/2026;29/06/2026;SP-MOC;ALARES LOJA;ALARES LOJA;DEVOLUCAO EQUIP LOJA ESPIRITO SANTO DO PINHAL;CDL POCOS DE CALDAS - LABORATORIO;ALARES LABORATORIO;Sem.Info;WIFI 5;1
JUN/2026;29/06/2026;SP-MOC;ALARES LOJA;ALARES LOJA;DEVOLUCAO EQUIP LOJA SÃO JOSÉ DO RIO PARDO;CDL POCOS DE CALDAS - LABORATORIO;ALARES LABORATORIO;voluntaria;OUTROS;5
JUN/2026;29/06/2026;SP-MOC;ALARES LOJA;ALARES LOJA;DEVOLUCAO EQUIP LOJA VARGEM GRANDE DO SUL;CDL POCOS DE CALDAS - LABORATORIO;ALARES LABORATORIO;voluntaria;OUTROS;2
JUN/2026;29/06/2026;SP-MOC;ALARES LOJA;ALARES LOJA;DEVOLUCAO EQUIP LOJA SÃO JOSÉ DO RIO PARDO;CDL POCOS DE CALDAS - LABORATORIO;ALARES LABORATORIO;voluntaria;WIFI 5;14
JUN/2026;29/06/2026;SP-MOC;ALARES LOJA;ALARES LOJA;DEVOLUCAO EQUIP LOJA SÃO JOSÉ DO RIO PARDO;CDL POCOS DE CALDAS - LABORATORIO;ALARES LABORATORIO;voluntaria;WIFI 6;2
JUN/2026;29/06/2026;SP-ORN;ALARES LOJA;ALARES LOJA;DEVOLUCAO EQUIP LOJA SANTO A D PLATINA;CDL OURINHOS - LABORATORIO;ALARES LABORATORIO;voluntaria;OUTROS;1
JUN/2026;29/06/2026;SP-ORN;ALARES LOJA;ALARES LOJA;DEVOLUCAO EQUIP LOJA SANTO A D PLATINA;CDL OURINHOS - LABORATORIO;ALARES LABORATORIO;voluntaria;WIFI 5;11
JUN/2026;29/06/2026;SP-ORN;ALARES LOJA;ALARES LOJA;DEVOLUCAO EQUIP LOJA SANTO A D PLATINA;CDL OURINHOS - LABORATORIO;ALARES LABORATORIO;voluntaria;WIFI 6;6
JUN/2026;29/06/2026;SP-ORN;TELECOM;TERCEIROS COLETA;EMP ORN REV TELECOM - FERNANDA SOARES;CDL OURINHOS - LABORATORIO;ALARES LABORATORIO;Sem.Info;OUTROS;10
JUN/2026;29/06/2026;SP-ORN;TELECOM;TERCEIROS COLETA;EMP ORN REV TELECOM - FERNANDA SOARES;CDL OURINHOS - LABORATORIO;ALARES LABORATORIO;Sem.Info;WIFI 5;42
JUN/2026;29/06/2026;SP-ORN;TELECOM;TERCEIROS COLETA;EMP ORN REV TELECOM - FERNANDA SOARES;CDL OURINHOS - LABORATORIO;ALARES LABORATORIO;Sem.Info;WIFI 6;16
JUN/2026;29/06/2026;SP-ORN;TELECOM;TERCEIROS COLETA;EMP ORN REV TELECOM - FERNANDA SOARES;CDL OURINHOS - LABORATORIO;ALARES LABORATORIO;Sem.Info;X;1
JUN/2026;29/06/2026;SP-ORN;TELECOM;TERCEIROS COLETA;EMP ORN REV TELECOM - FERNANDA SOARES;CDL OURINHOS - LABORATORIO;ALARES LABORATORIO;involuntaria;OUTROS;64
JUN/2026;29/06/2026;SP-ORN;TELECOM;TERCEIROS COLETA;EMP ORN REV TELECOM - FERNANDA SOARES;CDL OURINHOS - LABORATORIO;ALARES LABORATORIO;involuntaria;WIFI 5;702
JUN/2026;29/06/2026;SP-ORN;TELECOM;TERCEIROS COLETA;EMP ORN REV TELECOM - FERNANDA SOARES;CDL OURINHOS - LABORATORIO;ALARES LABORATORIO;involuntaria;WIFI 6;396
JUN/2026;29/06/2026;SP-ORN;TELECOM;TERCEIROS COLETA;EMP ORN REV TELECOM - FERNANDA SOARES;CDL OURINHOS - LABORATORIO;ALARES LABORATORIO;voluntaria;OUTROS;56
JUN/2026;29/06/2026;SP-ORN;TELECOM;TERCEIROS COLETA;EMP ORN REV TELECOM - FERNANDA SOARES;CDL OURINHOS - LABORATORIO;ALARES LABORATORIO;voluntaria;WIFI 5;502
JUN/2026;29/06/2026;SP-ORN;TELECOM;TERCEIROS COLETA;EMP ORN REV TELECOM - FERNANDA SOARES;CDL OURINHOS - LABORATORIO;ALARES LABORATORIO;voluntaria;WIFI 6;217
JUN/2026;29/06/2026;SP-SOC;DEROYQUE;TERCEIROS COLETA;EMP PCS REV DEROYQUE - PRINCIPAL;CDL REGISTRO - LABORATORIO;ALARES LABORATORIO;involuntaria;WIFI 6;4
JUN/2026;29/06/2026;SP-SOC;DEROYQUE;TERCEIROS COLETA;EMP PCS REV DEROYQUE - PRINCIPAL;CDL REGISTRO - LABORATORIO;ALARES LABORATORIO;voluntaria;WIFI 5;2
JUN/2026;29/06/2026;SP-SOC;DEROYQUE;TERCEIROS COLETA;EMP PCS REV DEROYQUE - PRINCIPAL;CDL REGISTRO - LABORATORIO;ALARES LABORATORIO;voluntaria;WIFI 6;4
JUN/2026;26/06/2026;-;ALARES LOJA;ALARES LOJA;ALARES - BAIXA VIRTUAL;CDL ITUPEVA - LABORATORIO;ALARES CDL;voluntaria;WIFI 6;1
JUN/2026;26/06/2026;-;ALARES LOJA;ALARES LOJA;ALARES - BAIXA VIRTUAL;CDL POCOS DE CALDAS - LABORATORIO;ALARES LABORATORIO;Sem.Info;OUTROS;4
JUN/2026;26/06/2026;-;ALARES LOJA;ALARES LOJA;ALARES - BAIXA VIRTUAL;CDL POCOS DE CALDAS - LABORATORIO;ALARES LABORATORIO;Sem.Info;WIFI 5;3
JUN/2026;26/06/2026;-;ALARES LOJA;ALARES LOJA;ALARES - BAIXA VIRTUAL;CDL POCOS DE CALDAS - LABORATORIO;ALARES LABORATORIO;Sem.Info;WIFI 6;2
JUN/2026;26/06/2026;CE;ALARES LOJA;ALARES LOJA;DEVOLUCAO EQUIP LOJA SAO GONCALO DO AMARANTE;CDL NATAL - LABORATORIO;ALARES LABORATORIO;voluntaria;WIFI 5;1
JUN/2026;26/06/2026;CE;ALARES LOJA;ALARES LOJA;DEVOLUCAO EQUIP LOJA SAO GONCALO DO AMARANTE;CDL NATAL - LABORATORIO;ALARES LABORATORIO;voluntaria;WIFI 6;4
JUN/2026;26/06/2026;MG;ALARES LOJA;ALARES LOJA;DEVOLUCAO EQUIP LOJA BOTELHOS;CDL POCOS DE CALDAS - LABORATORIO;ALARES LABORATORIO;Sem.Info;OUTROS;1
JUN/2026;26/06/2026;MG;ALARES LOJA;ALARES LOJA;DEVOLUCAO LOJAS ERRO PCS - GMUD;CDL POCOS DE CALDAS - LABORATORIO;ALARES LABORATORIO;Sem.Info;OUTROS;34
JUN/2026;26/06/2026;MG;ALARES LOJA;ALARES LOJA;DEVOLUCAO EQUIP LOJA SAO LOURENCO;CDL POCOS DE CALDAS - LABORATORIO;ALARES LABORATORIO;Sem.Info;WIFI 5;1
JUN/2026;26/06/2026;MG;ALARES LOJA;ALARES LOJA;DEVOLUCAO EQUIP LOJA ALFENAS;CDL POCOS DE CALDAS - LABORATORIO;ALARES LABORATORIO;Sem.Info;WIFI 5;5
JUN/2026;26/06/2026;MG;ALARES LOJA;ALARES LOJA;DEVOLUCAO LOJAS ERRO PCS - GMUD;CDL POCOS DE CALDAS - LABORATORIO;ALARES LABORATORIO;Sem.Info;WIFI 5;55
JUN/2026;26/06/2026;MG;ALARES LOJA;ALARES LOJA;DEVOLUCAO EQUIP LOJA BOTELHOS;CDL POCOS DE CALDAS - LABORATORIO;ALARES LABORATORIO;Sem.Info;WIFI 5;1
JUN/2026;26/06/2026;MG;ALARES LOJA;ALARES LOJA;DEVOLUCAO EQUIP LOJA NOVA RESENDE;CDL POCOS DE CALDAS - LABORATORIO;ALARES LABORATORIO;involuntaria;WIFI 5;1
JUN/2026;26/06/2026;MG;ALARES LOJA;ALARES LOJA;DEVOLUCAO EQUIP LOJA NOVA RESENDE;CDL POCOS DE CALDAS - LABORATORIO;ALARES LABORATORIO;involuntaria;WIFI 6;1
JUN/2026;26/06/2026;MG;ALARES LOJA;ALARES LOJA;DEVOLUCAO EQUIP LOJA MONTE BELO;CDL POCOS DE CALDAS - LABORATORIO;ALARES LABORATORIO;voluntaria;OUTROS;1
JUN/2026;26/06/2026;MG;ALARES LOJA;ALARES LOJA;DEVOLUCAO EQUIP LOJA CABO VERDE;CDL POCOS DE CALDAS - LABORATORIO;ALARES LABORATORIO;voluntaria;OUTROS;1
JUN/2026;26/06/2026;MG;ALARES LOJA;ALARES LOJA;DEVOLUCAO EQUIP LOJA BOTELHOS;CDL POCOS DE CALDAS - LABORATORIO;ALARES LABORATORIO;voluntaria;OUTROS;7
JUN/2026;26/06/2026;MG;ALARES LOJA;ALARES LOJA;DEVOLUCAO EQUIP LOJA CAMPESTRE;CDL POCOS DE CALDAS - LABORATORIO;ALARES LABORATORIO;voluntaria;OUTROS;1
JUN/2026;26/06/2026;MG;ALARES LOJA;ALARES LOJA;DEVOLUCAO EQUIP LOJA NOVA RESENDE;CDL POCOS DE CALDAS - LABORATORIO;ALARES LABORATORIO;voluntaria;OUTROS;6
JUN/2026;26/06/2026;MG;ALARES LOJA;ALARES LOJA;DEVOLUCAO EQUIP LOJA CAMPESTRE;CDL POCOS DE CALDAS - LABORATORIO;ALARES LABORATORIO;voluntaria;WIFI 5;1
JUN/2026;26/06/2026;MG;ALARES LOJA;ALARES LOJA;DEVOLUCAO EQUIP LOJA NOVA RESENDE;CDL POCOS DE CALDAS - LABORATORIO;ALARES LABORATORIO;voluntaria;WIFI 5;8
JUN/2026;26/06/2026;MG;ALARES LOJA;ALARES LOJA;DEVOLUCAO EQUIP LOJA CABO VERDE;CDL POCOS DE CALDAS - LABORATORIO;ALARES LABORATORIO;voluntaria;WIFI 5;1
JUN/2026;26/06/2026;MG;ALARES LOJA;ALARES LOJA;DEVOLUCAO EQUIP LOJA BOTELHOS;CDL POCOS DE CALDAS - LABORATORIO;ALARES LABORATORIO;voluntaria;WIFI 5;5
JUN/2026;26/06/2026;MG;ALARES LOJA;ALARES LOJA;DEVOLUCAO EQUIP LOJA POCOS DE CALDAS;CDL POCOS DE CALDAS - LABORATORIO;ALARES LABORATORIO;voluntaria;WIFI 5;1
JUN/2026;26/06/2026;MG;ALARES LOJA;ALARES LOJA;DEVOLUCAO EQUIP LOJA NOVA RESENDE;CDL POCOS DE CALDAS - LABORATORIO;ALARES LABORATORIO;voluntaria;WIFI 6;5
JUN/2026;26/06/2026;MG;ALARES LOJA;ALARES LOJA;DEVOLUCAO EQUIP LOJA MONTE BELO;CDL POCOS DE CALDAS - LABORATORIO;ALARES LABORATORIO;voluntaria;WIFI 6;3
JUN/2026;26/06/2026;MG;ALARES LOJA;ALARES LOJA;DEVOLUCAO EQUIP LOJA BOTELHOS;CDL POCOS DE CALDAS - LABORATORIO;ALARES LABORATORIO;voluntaria;WIFI 6;2
JUN/2026;26/06/2026;MG;ALARES LOJA;ALARES LOJA;DEVOLUCAO EQUIP LOJA POCOS DE CALDAS;CDL POCOS DE CALDAS - LABORATORIO;ALARES LABORATORIO;voluntaria;WIFI 6;2
JUN/2026;26/06/2026;RN;ALARES LOJA;ALARES LOJA;DEVOLUCAO EQUIP LOJA NATAL;CDL NATAL - LABORATORIO;ALARES LABORATORIO;Sem.Info;WIFI 5;1
JUN/2026;26/06/2026;RN;ALARES LOJA;ALARES LOJA;DEVOLUCAO EQUIP LOJA NATAL;CDL NATAL - LABORATORIO;ALARES LABORATORIO;involuntaria;WIFI 6;1
JUN/2026;26/06/2026;RN;ALARES LOJA;ALARES LOJA;DEVOLUCAO EQUIP LOJA NATAL;CDL NATAL - LABORATORIO;ALARES LABORATORIO;voluntaria;WIFI 5;2
JUN/2026;26/06/2026;RN;ALARES LOJA;ALARES LOJA;DEVOLUCAO EQUIP LOJA NATAL;CDL NATAL - LABORATORIO;ALARES LABORATORIO;voluntaria;WIFI 6;4
JUN/2026;26/06/2026;RN;ALARES LOJA;ALARES LOJA;DEVOLUCAO EQUIP LOJA PARNAMIRIM;CDL NATAL - LABORATORIO;ALARES LABORATORIO;voluntaria;WIFI 6;1
JUN/2026;26/06/2026;RN;NDR;TERCEIROS COLETA;EMP NTL REV NDR - PRINCIPAL;CDL NATAL - LABORATORIO;ALARES LABORATORIO;Sem.Info;IPTV;5
JUN/2026;26/06/2026;RN;NDR;TERCEIROS COLETA;EMP NTL REV NDR - PRINCIPAL;CDL NATAL - LABORATORIO;ALARES LABORATORIO;Sem.Info;OUTROS;5
JUN/2026;26/06/2026;RN;NDR;TERCEIROS COLETA;EMP NTL REV NDR - PRINCIPAL;CDL NATAL - LABORATORIO;ALARES LABORATORIO;Sem.Info;WIFI 5;10
JUN/2026;26/06/2026;RN;NDR;TERCEIROS COLETA;EMP NTL REV NDR - PRINCIPAL;CDL NATAL - LABORATORIO;ALARES LABORATORIO;Sem.Info;WIFI 6;4
JUN/2026;26/06/2026;RN;NDR;TERCEIROS COLETA;EMP NTL REV NDR - PRINCIPAL;CDL NATAL - LABORATORIO;ALARES LABORATORIO;involuntaria;IPTV;2
JUN/2026;26/06/2026;RN;NDR;TERCEIROS COLETA;EMP NTL REV NDR - PRINCIPAL;CDL NATAL - LABORATORIO;ALARES LABORATORIO;involuntaria;OUTROS;6
JUN/2026;26/06/2026;RN;NDR;TERCEIROS COLETA;EMP NTL REV NDR - PRINCIPAL;CDL NATAL - LABORATORIO;ALARES LABORATORIO;involuntaria;WIFI 5;55
JUN/2026;26/06/2026;RN;NDR;TERCEIROS COLETA;EMP NTL REV NDR - PRINCIPAL;CDL NATAL - LABORATORIO;ALARES LABORATORIO;involuntaria;WIFI 6;53
JUN/2026;26/06/2026;RN;NDR;TERCEIROS COLETA;EMP NTL REV NDR - PRINCIPAL;CDL NATAL - LABORATORIO;ALARES LABORATORIO;voluntaria;IPTV;27
JUN/2026;26/06/2026;RN;NDR;TERCEIROS COLETA;EMP NTL REV NDR - PRINCIPAL;CDL NATAL - LABORATORIO;ALARES LABORATORIO;voluntaria;OUTROS;7
JUN/2026;26/06/2026;RN;NDR;TERCEIROS COLETA;EMP NTL REV NDR - PRINCIPAL;CDL NATAL - LABORATORIO;ALARES LABORATORIO;voluntaria;WIFI 5;93
JUN/2026;26/06/2026;RN;NDR;TERCEIROS COLETA;EMP NTL REV NDR - MATHEUS SANTOS;CDL NATAL - LABORATORIO;ALARES LABORATORIO;voluntaria;WIFI 6;1
JUN/2026;26/06/2026;RN;NDR;TERCEIROS COLETA;EMP NTL REV NDR - PRINCIPAL;CDL NATAL - LABORATORIO;ALARES LABORATORIO;voluntaria;WIFI 6;99
JUN/2026;26/06/2026;SP-MOC;ALARES LOJA;ALARES LOJA;DEVOLUCAO EQUIP LOJA DIVINOLANDIA;CDL POCOS DE CALDAS - LABORATORIO;ALARES LABORATORIO;Sem.Info;WIFI 5;1
JUN/2026;26/06/2026;SP-MOC;ALARES LOJA;ALARES LOJA;DEVOLUCAO EQUIP LOJA DIVINOLANDIA;CDL POCOS DE CALDAS - LABORATORIO;ALARES LABORATORIO;voluntaria;WIFI 5;1
JUN/2026;26/06/2026;SP-MOC;ALARES LOJA;ALARES LOJA;DEVOLUCAO EQUIP LOJA TAPIRATIBA;CDL POCOS DE CALDAS - LABORATORIO;ALARES LABORATORIO;voluntaria;WIFI 5;2
JUN/2026;26/06/2026;SP-ORN;ALARES LOJA;ALARES LOJA;DEVOLUCAO EQUIP LOJA ITAPEVA;CDL OURINHOS - LABORATORIO;ALARES LABORATORIO;Sem.Info;WIFI 5;1
JUN/2026;26/06/2026;SP-ORN;ALARES LOJA;ALARES LOJA;DEVOLUCAO EQUIP LOJA PIRAJU;CDL OURINHOS - LABORATORIO;ALARES LABORATORIO;involuntaria;WIFI 5;2
JUN/2026;26/06/2026;SP-ORN;ALARES LOJA;ALARES LOJA;DEVOLUCAO EQUIP LOJA PIRAJU;CDL OURINHOS - LABORATORIO;ALARES LABORATORIO;voluntaria;OUTROS;1
JUN/2026;26/06/2026;SP-ORN;ALARES LOJA;ALARES LOJA;DEVOLUCAO EQUIP LOJA RIBEIRAO CLARO;CDL OURINHOS - LABORATORIO;ALARES LABORATORIO;voluntaria;OUTROS;1
JUN/2026;26/06/2026;SP-ORN;ALARES LOJA;ALARES LOJA;DEVOLUCAO EQUIP LOJA CHAVANTES;CDL OURINHOS - LABORATORIO;ALARES LABORATORIO;voluntaria;WIFI 5;1
JUN/2026;26/06/2026;SP-ORN;ALARES LOJA;ALARES LOJA;DEVOLUCAO EQUIP LOJA ITARARE;CDL OURINHOS - LABORATORIO;ALARES LABORATORIO;voluntaria;WIFI 5;6
JUN/2026;26/06/2026;SP-ORN;ALARES LOJA;ALARES LOJA;DEVOLUCAO EQUIP LOJA PIRAJU;CDL OURINHOS - LABORATORIO;ALARES LABORATORIO;voluntaria;WIFI 5;8
JUN/2026;26/06/2026;SP-ORN;ALARES LOJA;ALARES LOJA;DEVOLUCAO EQUIP LOJA ITAPEVA;CDL OURINHOS - LABORATORIO;ALARES LABORATORIO;voluntaria;WIFI 5;7
JUN/2026;26/06/2026;SP-ORN;ALARES LOJA;ALARES LOJA;DEVOLUCAO EQUIP LOJA PIRAJU;CDL OURINHOS - LABORATORIO;ALARES LABORATORIO;voluntaria;WIFI 6;2
JUN/2026;26/06/2026;SP-ORN;ALARES LOJA;ALARES LOJA;DEVOLUCAO EQUIP LOJA ITARARE;CDL OURINHOS - LABORATORIO;ALARES LABORATORIO;voluntaria;WIFI 6;2
JUN/2026;26/06/2026;SP-ORN;ALARES LOJA;ALARES LOJA;DEVOLUCAO EQUIP LOJA ITAPEVA;CDL OURINHOS - LABORATORIO;ALARES LABORATORIO;voluntaria;WIFI 6;3
JUN/2026;26/06/2026;SP-ORN;ALARES LOJA;ALARES LOJA;DEVOLUCAO EQUIP LOJA CACONDE;CDL POCOS DE CALDAS - LABORATORIO;ALARES LABORATORIO;Sem.Info;WIFI 5;1
JUN/2026;26/06/2026;SP-ORN;ALARES LOJA;ALARES LOJA;DEVOLUCAO EQUIP LOJA CACONDE;CDL POCOS DE CALDAS - LABORATORIO;ALARES LABORATORIO;involuntaria;WIFI 5;1
JUN/2026;26/06/2026;SP-ORN;ALARES LOJA;ALARES LOJA;DEVOLUCAO EQUIP LOJA CACONDE;CDL POCOS DE CALDAS - LABORATORIO;ALARES LABORATORIO;voluntaria;OUTROS;9
JUN/2026;26/06/2026;SP-ORN;ALARES LOJA;ALARES LOJA;DEVOLUCAO EQUIP LOJA CACONDE;CDL POCOS DE CALDAS - LABORATORIO;ALARES LABORATORIO;voluntaria;WIFI 5;9
JUN/2026;26/06/2026;SP-ORN;ALARES LOJA;ALARES LOJA;DEVOLUCAO EQUIP LOJA CACONDE;CDL POCOS DE CALDAS - LABORATORIO;ALARES LABORATORIO;voluntaria;WIFI 6;5
JUN/2026;26/06/2026;SP-ORN;JOAO MANTOAN;TERCEIROS COLETA;EMP ORN REV JM - JOAO MANTOAN;CDL OURINHOS - LABORATORIO;ALARES LABORATORIO;Sem.Info;WIFI 5;6
JUN/2026;26/06/2026;SP-ORN;JOAO MANTOAN;TERCEIROS COLETA;EMP ORN REV JM - JOAO MANTOAN;CDL OURINHOS - LABORATORIO;ALARES LABORATORIO;Sem.Info;WIFI 6;1
JUN/2026;26/06/2026;SP-ORN;JOAO MANTOAN;TERCEIROS COLETA;EMP ORN REV JM - JOAO MANTOAN;CDL OURINHOS - LABORATORIO;ALARES LABORATORIO;involuntaria;OUTROS;37
JUN/2026;26/06/2026;SP-ORN;JOAO MANTOAN;TERCEIROS COLETA;EMP ORN REV JM - JOAO MANTOAN;CDL OURINHOS - LABORATORIO;ALARES LABORATORIO;involuntaria;WIFI 5;113
JUN/2026;26/06/2026;SP-ORN;JOAO MANTOAN;TERCEIROS COLETA;EMP ORN REV JM - JOAO MANTOAN;CDL OURINHOS - LABORATORIO;ALARES LABORATORIO;involuntaria;WIFI 6;61
JUN/2026;26/06/2026;SP-ORN;JOAO MANTOAN;TERCEIROS COLETA;EMP ORN REV JM - JOAO MANTOAN;CDL OURINHOS - LABORATORIO;ALARES LABORATORIO;voluntaria;OUTROS;49
JUN/2026;26/06/2026;SP-ORN;JOAO MANTOAN;TERCEIROS COLETA;EMP ORN REV JM - JOAO MANTOAN;CDL OURINHOS - LABORATORIO;ALARES LABORATORIO;voluntaria;WIFI 5;152
JUN/2026;26/06/2026;SP-ORN;JOAO MANTOAN;TERCEIROS COLETA;EMP ORN REV JM - JOAO MANTOAN;CDL OURINHOS - LABORATORIO;ALARES LABORATORIO;voluntaria;WIFI 6;56
JUN/2026;26/06/2026;SP-SOC;ALARES LOJA;ALARES LOJA;DEVOLUCAO EQUIP LOJA JUQUITIBA;CDL ITUPEVA - LABORATORIO;ALARES CDL;Sem.Info;WIFI 5;3
JUN/2026;26/06/2026;SP-SOC;ALARES LOJA;ALARES LOJA;DEVOLUCAO EQUIP LOJA EMBU DAS ARTES;CDL ITUPEVA - LABORATORIO;ALARES CDL;Sem.Info;WIFI 5;1
JUN/2026;26/06/2026;SP-SOC;ALARES LOJA;ALARES LOJA;DEVOLUCAO EQUIP LOJA ITAPECERICA DA SERRA;CDL ITUPEVA - LABORATORIO;ALARES CDL;Sem.Info;WIFI 5;1
JUN/2026;26/06/2026;SP-SOC;ALARES LOJA;ALARES LOJA;DEVOLUCAO EQUIP LOJA COTIA;CDL ITUPEVA - LABORATORIO;ALARES CDL;Sem.Info;WIFI 5;1
JUN/2026;26/06/2026;SP-SOC;ALARES LOJA;ALARES LOJA;DEVOLUCAO EQUIP LOJA SAO LOURENCO DA SERRA;CDL ITUPEVA - LABORATORIO;ALARES CDL;Sem.Info;WIFI 6;1
JUN/2026;26/06/2026;SP-SOC;ALARES LOJA;ALARES LOJA;DEVOLUCAO EQUIP LOJA SETE BARRAS;CDL ITUPEVA - LABORATORIO;ALARES CDL;Sem.Info;WIFI 6;1
JUN/2026;26/06/2026;SP-SOC;ALARES LOJA;ALARES LOJA;DEVOLUCAO EQUIP LOJA JUQUITIBA;CDL ITUPEVA - LABORATORIO;ALARES CDL;involuntaria;OUTROS;1
JUN/2026;26/06/2026;SP-SOC;ALARES LOJA;ALARES LOJA;DEVOLUCAO EQUIP LOJA JUQUITIBA;CDL ITUPEVA - LABORATORIO;ALARES CDL;involuntaria;WIFI 5;1
JUN/2026;26/06/2026;SP-SOC;ALARES LOJA;ALARES LOJA;DEVOLUCAO EQUIP LOJA SAO LOURENCO DA SERRA;CDL ITUPEVA - LABORATORIO;ALARES CDL;involuntaria;WIFI 6;1
JUN/2026;26/06/2026;SP-SOC;ALARES LOJA;ALARES LOJA;DEVOLUCAO EQUIP LOJA SAO LOURENCO DA SERRA;CDL ITUPEVA - LABORATORIO;ALARES CDL;voluntaria;OUTROS;2
JUN/2026;26/06/2026;SP-SOC;ALARES LOJA;ALARES LOJA;DEVOLUCAO EQUIP LOJA JUQUITIBA;CDL ITUPEVA - LABORATORIO;ALARES CDL;voluntaria;OUTROS;4
JUN/2026;26/06/2026;SP-SOC;ALARES LOJA;ALARES LOJA;DEVOLUCAO EQUIP LOJA ITAPECERICA DA SERRA;CDL ITUPEVA - LABORATORIO;ALARES CDL;voluntaria;OUTROS;1
JUN/2026;26/06/2026;SP-SOC;ALARES LOJA;ALARES LOJA;DEVOLUCAO EQUIP LOJA SAO LOURENCO DA SERRA;CDL ITUPEVA - LABORATORIO;ALARES CDL;voluntaria;WIFI 5;2
JUN/2026;26/06/2026;SP-SOC;ALARES LOJA;ALARES LOJA;DEVOLUCAO EQUIP LOJA JUQUITIBA;CDL ITUPEVA - LABORATORIO;ALARES CDL;voluntaria;WIFI 5;30
JUN/2026;26/06/2026;SP-SOC;ALARES LOJA;ALARES LOJA;DEVOLUCAO EQUIP LOJA ITAPECERICA DA SERRA;CDL ITUPEVA - LABORATORIO;ALARES CDL;voluntaria;WIFI 5;4
JUN/2026;26/06/2026;SP-SOC;ALARES LOJA;ALARES LOJA;DEVOLUCAO EQUIP LOJA EMBU DAS ARTES;CDL ITUPEVA - LABORATORIO;ALARES CDL;voluntaria;WIFI 5;1
JUN/2026;26/06/2026;SP-SOC;ALARES LOJA;ALARES LOJA;DEVOLUCAO EQUIP LOJA JUQUITIBA;CDL ITUPEVA - LABORATORIO;ALARES CDL;voluntaria;WIFI 6;11
JUN/2026;26/06/2026;SP-SOC;ALARES LOJA;ALARES LOJA;DEVOLUCAO EQUIP LOJA ITAPECERICA DA SERRA;CDL ITUPEVA - LABORATORIO;ALARES CDL;voluntaria;WIFI 6;6
JUN/2026;26/06/2026;SP-SOC;ALARES LOJA;ALARES LOJA;DEVOLUCAO EQUIP LOJA SAO LOURENCO DA SERRA;CDL ITUPEVA - LABORATORIO;ALARES CDL;voluntaria;WIFI 6;1
JUN/2026;26/06/2026;SP-SOC;DEROYQUE;TERCEIROS COLETA;EMP PCS REV DEROYQUE - PRINCIPAL;CDL REGISTRO - LABORATORIO;ALARES LABORATORIO;Sem.Info;WIFI 5;1
JUN/2026;26/06/2026;SP-SOC;DEROYQUE;TERCEIROS COLETA;EMP PCS REV DEROYQUE - PRINCIPAL;CDL REGISTRO - LABORATORIO;ALARES LABORATORIO;involuntaria;WIFI 5;3
JUN/2026;26/06/2026;SP-SOC;DEROYQUE;TERCEIROS COLETA;EMP PCS REV DEROYQUE - PRINCIPAL;CDL REGISTRO - LABORATORIO;ALARES LABORATORIO;involuntaria;WIFI 6;3
JUN/2026;26/06/2026;SP-SOC;DEROYQUE;TERCEIROS COLETA;EMP PCS REV DEROYQUE - PRINCIPAL;CDL REGISTRO - LABORATORIO;ALARES LABORATORIO;voluntaria;WIFI 5;12
JUN/2026;26/06/2026;SP-SOC;DEROYQUE;TERCEIROS COLETA;EMP PCS REV DEROYQUE - PRINCIPAL;CDL REGISTRO - LABORATORIO;ALARES LABORATORIO;voluntaria;WIFI 6;5
JUN/2026;26/06/2026;SP-SPR;ALARES LOJA;ALARES LOJA;DEVOLUCAO EQUIP LOJA SALTO DE PIRAPORA;CDL ITUPEVA - LABORATORIO;ALARES CDL;voluntaria;WIFI 5;6
JUN/2026;26/06/2026;SP-SPR;ALARES LOJA;ALARES LOJA;DEVOLUCAO EQUIP LOJA SALTO DE PIRAPORA;CDL ITUPEVA - LABORATORIO;ALARES CDL;voluntaria;WIFI 6;9
JUN/2026;25/06/2026;-;ALARES LOJA;ALARES LOJA;DEVOLUCAO EQUIP. LOJA - INATIVO;CDL NATAL - LABORATORIO;ALARES LABORATORIO;Sem.Info;WIFI 5;1
JUN/2026;25/06/2026;-;ALARES LOJA;ALARES LOJA;ALARES - BAIXA VIRTUAL;CDL NATAL - LABORATORIO;ALARES LABORATORIO;Sem.Info;WIFI 5;1
JUN/2026;25/06/2026;BA;ALARES LOJA;ALARES LOJA;DEVOLUCAO EQUIP LOJA EUNAPOLIS;CDL FORTALEZA - LABORATORIO;ALARES LABORATORIO;voluntaria;IPTV;3
JUN/2026;25/06/2026;BA;ALARES LOJA;ALARES LOJA;DEVOLUCAO EQUIP LOJA EUNAPOLIS;CDL FORTALEZA - LABORATORIO;ALARES LABORATORIO;voluntaria;WIFI 5;2
JUN/2026;25/06/2026;BA;ALARES LOJA;ALARES LOJA;DEVOLUCAO EQUIP LOJA EUNAPOLIS;CDL FORTALEZA - LABORATORIO;ALARES LABORATORIO;voluntaria;WIFI 6;1
JUN/2026;25/06/2026;CE;ALARES LOJA;ALARES LOJA;DEVOLUCAO EQUIP LOJA FORTALEZA;CDL FORTALEZA - LABORATORIO;ALARES LABORATORIO;Sem.Info;OUTROS;6
JUN/2026;25/06/2026;CE;ALARES LOJA;ALARES LOJA;DEVOLUCAO EQUIP LOJA FORTALEZA;CDL FORTALEZA - LABORATORIO;ALARES LABORATORIO;Sem.Info;WIFI 5;9
JUN/2026;25/06/2026;CE;ALARES LOJA;ALARES LOJA;DEVOLUCAO EQUIP LOJA FORTALEZA;CDL FORTALEZA - LABORATORIO;ALARES LABORATORIO;involuntaria;IPTV;1
JUN/2026;25/06/2026;CE;ALARES LOJA;ALARES LOJA;DEVOLUCAO EQUIP LOJA FORTALEZA;CDL FORTALEZA - LABORATORIO;ALARES LABORATORIO;voluntaria;IPTV;6
JUN/2026;25/06/2026;CE;ALARES LOJA;ALARES LOJA;DEVOLUCAO EQUIP LOJA FORTALEZA;CDL FORTALEZA - LABORATORIO;ALARES LABORATORIO;voluntaria;OUTROS;1
JUN/2026;25/06/2026;CE;ALARES LOJA;ALARES LOJA;DEVOLUCAO EQUIP LOJA FORTALEZA;CDL FORTALEZA - LABORATORIO;ALARES LABORATORIO;voluntaria;WIFI 5;8
JUN/2026;25/06/2026;CE;ALARES LOJA;ALARES LOJA;DEVOLUCAO EQUIP LOJA FORTALEZA;CDL FORTALEZA - LABORATORIO;ALARES LABORATORIO;voluntaria;WIFI 6;9
JUN/2026;25/06/2026;CE;OMEGA;TERCEIROS COLETA;EMP FLA REV OMEGA MARCOS GOMES;CDL FORTALEZA - LABORATORIO;ALARES LABORATORIO;involuntaria;OUTROS;13
JUN/2026;25/06/2026;CE;OMEGA;TERCEIROS COLETA;EMP FLA REV OMEGA MARCOS GOMES;CDL FORTALEZA - LABORATORIO;ALARES LABORATORIO;involuntaria;WIFI 5;9
JUN/2026;25/06/2026;CE;OMEGA;TERCEIROS COLETA;EMP FLA REV OMEGA MARCOS GOMES;CDL FORTALEZA - LABORATORIO;ALARES LABORATORIO;involuntaria;WIFI 6;29
JUN/2026;25/06/2026;CE;OMEGA;TERCEIROS COLETA;EMP FLA REV OMEGA MARCOS GOMES;CDL FORTALEZA - LABORATORIO;ALARES LABORATORIO;voluntaria;OUTROS;22
JUN/2026;25/06/2026;CE;OMEGA;TERCEIROS COLETA;EMP FLA REV OMEGA MARCOS GOMES;CDL FORTALEZA - LABORATORIO;ALARES LABORATORIO;voluntaria;WIFI 5;51
JUN/2026;25/06/2026;CE;OMEGA;TERCEIROS COLETA;EMP FLA REV OMEGA MARCOS GOMES;CDL FORTALEZA - LABORATORIO;ALARES LABORATORIO;voluntaria;WIFI 6;64
JUN/2026;25/06/2026;MG;ALARES LOJA;ALARES LOJA;DEVOLUCAO EQUIP LOJA SAO LOURENCO;CDL POCOS DE CALDAS - LABORATORIO;ALARES LABORATORIO;Sem.Info;OUTROS;1
JUN/2026;25/06/2026;MG;ALARES LOJA;ALARES LOJA;WEB - RETIRADA EQUIP. LOJA - INATIVO;CDL POCOS DE CALDAS - LABORATORIO;ALARES LABORATORIO;Sem.Info;OUTROS;1
JUN/2026;25/06/2026;MG;ALARES LOJA;ALARES LOJA;DEVOLUCAO EQUIP LOJA POCOS DE CALDAS;CDL POCOS DE CALDAS - LABORATORIO;ALARES LABORATORIO;Sem.Info;OUTROS;1
JUN/2026;25/06/2026;MG;ALARES LOJA;ALARES LOJA;DEVOLUCAO EQUIP LOJA ALFENAS;CDL POCOS DE CALDAS - LABORATORIO;ALARES LABORATORIO;Sem.Info;OUTROS;8
JUN/2026;25/06/2026;MG;ALARES LOJA;ALARES LOJA;DEVOLUCAO EQUIP LOJA DIVISA NOVA;CDL POCOS DE CALDAS - LABORATORIO;ALARES LABORATORIO;Sem.Info;WIFI 5;2
JUN/2026;25/06/2026;MG;ALARES LOJA;ALARES LOJA;WEB - RETIRADA EQUIP. LOJA - INATIVO;CDL POCOS DE CALDAS - LABORATORIO;ALARES LABORATORIO;Sem.Info;WIFI 5;6
JUN/2026;25/06/2026;MG;ALARES LOJA;ALARES LOJA;DEVOLUCAO EQUIP LOJA SAO LOURENCO;CDL POCOS DE CALDAS - LABORATORIO;ALARES LABORATORIO;Sem.Info;WIFI 5;1
JUN/2026;25/06/2026;MG;ALARES LOJA;ALARES LOJA;DEVOLUCAO EQUIP LOJA ALFENAS;CDL POCOS DE CALDAS - LABORATORIO;ALARES LABORATORIO;Sem.Info;WIFI 5;10
JUN/2026;25/06/2026;MG;ALARES LOJA;ALARES LOJA;DEVOLUCAO EQUIP LOJA POCOS DE CALDAS;CDL POCOS DE CALDAS - LABORATORIO;ALARES LABORATORIO;Sem.Info;WIFI 5;1
JUN/2026;25/06/2026;MG;ALARES LOJA;ALARES LOJA;DEVOLUCAO EQUIP LOJA ALFENAS;CDL POCOS DE CALDAS - LABORATORIO;ALARES LABORATORIO;Sem.Info;WIFI 6;5
JUN/2026;25/06/2026;MG;ALARES LOJA;ALARES LOJA;DEVOLUCAO EQUIP LOJA POCOS DE CALDAS;CDL POCOS DE CALDAS - LABORATORIO;ALARES LABORATORIO;Sem.Info;WIFI 6;1
JUN/2026;25/06/2026;MG;ALARES LOJA;ALARES LOJA;DEVOLUCAO EQUIP LOJA ALFENAS;CDL POCOS DE CALDAS - LABORATORIO;ALARES LABORATORIO;involuntaria;WIFI 5;1
JUN/2026;25/06/2026;MG;ALARES LOJA;ALARES LOJA;DEVOLUCAO EQUIP LOJA SERRANIA;CDL POCOS DE CALDAS - LABORATORIO;ALARES LABORATORIO;involuntaria;WIFI 6;1
JUN/2026;25/06/2026;MG;ALARES LOJA;ALARES LOJA;DEVOLUCAO EQUIP LOJA POCOS DE CALDAS;CDL POCOS DE CALDAS - LABORATORIO;ALARES LABORATORIO;voluntaria;OUTROS;1
JUN/2026;25/06/2026;MG;ALARES LOJA;ALARES LOJA;DEVOLUCAO EQUIP LOJA ALFENAS;CDL POCOS DE CALDAS - LABORATORIO;ALARES LABORATORIO;voluntaria;OUTROS;4
JUN/2026;25/06/2026;MG;ALARES LOJA;ALARES LOJA;DEVOLUCAO EQUIP LOJA MACHADO;CDL POCOS DE CALDAS - LABORATORIO;ALARES LABORATORIO;voluntaria;WIFI 5;1
JUN/2026;25/06/2026;MG;ALARES LOJA;ALARES LOJA;DEVOLUCAO EQUIP LOJA SERRANIA;CDL POCOS DE CALDAS - LABORATORIO;ALARES LABORATORIO;voluntaria;WIFI 5;5
JUN/2026;25/06/2026;MG;ALARES LOJA;ALARES LOJA;DEVOLUCAO EQUIP LOJA ALFENAS;CDL POCOS DE CALDAS - LABORATORIO;ALARES LABORATORIO;voluntaria;WIFI 5;39
JUN/2026;25/06/2026;MG;ALARES LOJA;ALARES LOJA;DEVOLUCAO EQUIP LOJA POCOS DE CALDAS;CDL POCOS DE CALDAS - LABORATORIO;ALARES LABORATORIO;voluntaria;WIFI 5;1
JUN/2026;25/06/2026;MG;ALARES LOJA;ALARES LOJA;DEVOLUCAO EQUIP LOJA SERRANIA;CDL POCOS DE CALDAS - LABORATORIO;ALARES LABORATORIO;voluntaria;WIFI 6;4
JUN/2026;25/06/2026;MG;ALARES LOJA;ALARES LOJA;DEVOLUCAO EQUIP LOJA VARGINHA;CDL POCOS DE CALDAS - LABORATORIO;ALARES LABORATORIO;voluntaria;WIFI 6;1
JUN/2026;25/06/2026;MG;ALARES LOJA;ALARES LOJA;DEVOLUCAO EQUIP LOJA ALFENAS;CDL POCOS DE CALDAS - LABORATORIO;ALARES LABORATORIO;voluntaria;WIFI 6;11
JUN/2026;25/06/2026;MG;ALARES LOJA;ALARES LOJA;DEVOLUCAO EQUIP LOJA MACHADO;CDL POCOS DE CALDAS - LABORATORIO;ALARES LABORATORIO;voluntaria;WIFI 6;2
JUN/2026;25/06/2026;MG;DEROYQUE;TERCEIROS COLETA;EMP PCS REV DEROYQUE - PRINCIPAL;CDL POCOS DE CALDAS - LABORATORIO;ALARES LABORATORIO;Sem.Info;OUTROS;2
JUN/2026;25/06/2026;MG;DEROYQUE;TERCEIROS COLETA;EMP PCS REV DEROYQUE - PRINCIPAL;CDL POCOS DE CALDAS - LABORATORIO;ALARES LABORATORIO;Sem.Info;WIFI 5;3
JUN/2026;25/06/2026;MG;DEROYQUE;TERCEIROS COLETA;EMP PCS REV DEROYQUE - PRINCIPAL;CDL POCOS DE CALDAS - LABORATORIO;ALARES LABORATORIO;Sem.Info;WIFI 6;1
JUN/2026;25/06/2026;PB;ALARES LOJA;ALARES LOJA;DEVOLUCAO EQUIP LOJA JOAO PESSOA;CDL JOAO PESSOA - LABORATORIO;ALARES LABORATORIO;voluntaria;WIFI 6;1
JUN/2026;25/06/2026;RN;ALARES LOJA;ALARES LOJA;DEVOLUCAO EQUIP LOJA NATAL;CDL NATAL - LABORATORIO;ALARES LABORATORIO;Sem.Info;WIFI 5;2
JUN/2026;25/06/2026;RN;ALARES LOJA;ALARES LOJA;DEVOLUCAO EQUIP LOJA NATAL;CDL NATAL - LABORATORIO;ALARES LABORATORIO;voluntaria;IPTV;4
JUN/2026;25/06/2026;RN;ALARES LOJA;ALARES LOJA;DEVOLUCAO EQUIP LOJA NATAL;CDL NATAL - LABORATORIO;ALARES LABORATORIO;voluntaria;OUTROS;2
JUN/2026;25/06/2026;RN;ALARES LOJA;ALARES LOJA;DEVOLUCAO EQUIP LOJA PARNAMIRIM;CDL NATAL - LABORATORIO;ALARES LABORATORIO;voluntaria;WIFI 5;2
JUN/2026;25/06/2026;RN;ALARES LOJA;ALARES LOJA;DEVOLUCAO EQUIP LOJA NATAL;CDL NATAL - LABORATORIO;ALARES LABORATORIO;voluntaria;WIFI 5;8
JUN/2026;25/06/2026;RN;ALARES LOJA;ALARES LOJA;DEVOLUCAO EQUIP LOJA NATAL;CDL NATAL - LABORATORIO;ALARES LABORATORIO;voluntaria;WIFI 6;4
JUN/2026;25/06/2026;SP-ITV;ALARES LOJA;ALARES LOJA;DEVOLUCAO LOJAS ERRO ITUPEVA - GMUD;CDL ITUPEVA - LABORATORIO;ALARES CDL;Sem.Info;WIFI 5;38
JUN/2026;25/06/2026;SP-ITV;ALARES LOJA;ALARES LOJA;DEVOLUCAO LOJAS ERRO ITUPEVA - GMUD;CDL ITUPEVA - LABORATORIO;ALARES CDL;Sem.Info;WIFI 6;14
JUN/2026;25/06/2026;SP-MOC;ALARES LOJA;ALARES LOJA;DEVOLUCAO EQUIP LOJA MOGI MIRIM;CDL ITUPEVA - LABORATORIO;ALARES CDL;Sem.Info;IPTV;1
JUN/2026;25/06/2026;SP-MOC;ALARES LOJA;ALARES LOJA;ALARES - EQUIPE SAC;CDL ITUPEVA - LABORATORIO;ALARES CDL;Sem.Info;IPTV;2
JUN/2026;25/06/2026;SP-MOC;ALARES LOJA;ALARES LOJA;DEVOLUCAO EQUIP LOJA MOGI GUACU;CDL ITUPEVA - LABORATORIO;ALARES CDL;Sem.Info;OUTROS;1
JUN/2026;25/06/2026;SP-MOC;ALARES LOJA;ALARES LOJA;DEVOLUCAO EQUIP LOJA MOGI GUACU;CDL ITUPEVA - LABORATORIO;ALARES CDL;Sem.Info;WIFI 5;26
JUN/2026;25/06/2026;SP-MOC;ALARES LOJA;ALARES LOJA;ALARES - EQUIPE SAC;CDL ITUPEVA - LABORATORIO;ALARES CDL;Sem.Info;WIFI 5;3
JUN/2026;25/06/2026;SP-MOC;ALARES LOJA;ALARES LOJA;DEVOLUCAO EQUIP LOJA MOGI MIRIM;CDL ITUPEVA - LABORATORIO;ALARES CDL;Sem.Info;WIFI 5;5
JUN/2026;25/06/2026;SP-MOC;ALARES LOJA;ALARES LOJA;DEVOLUCAO EQUIP LOJA SAO JOAO DA BOA VISTA;CDL ITUPEVA - LABORATORIO;ALARES CDL;Sem.Info;WIFI 5;1
JUN/2026;25/06/2026;SP-MOC;ALARES LOJA;ALARES LOJA;DEVOLUCAO EQUIP LOJA MOGI GUACU;CDL ITUPEVA - LABORATORIO;ALARES CDL;Sem.Info;WIFI 6;4
JUN/2026;25/06/2026;SP-MOC;ALARES LOJA;ALARES LOJA;DEVOLUCAO EQUIP LOJA MOGI MIRIM;CDL ITUPEVA - LABORATORIO;ALARES CDL;Sem.Info;WIFI 6;1
JUN/2026;25/06/2026;SP-MOC;ALARES LOJA;ALARES LOJA;CNX - RETIRADA EQUIP. LOJA - INATIVO;CDL ITUPEVA - LABORATORIO;ALARES CDL;voluntaria;IPTV;5
JUN/2026;25/06/2026;SP-MOC;ALARES LOJA;ALARES LOJA;DEVOLUCAO EQUIP LOJA MOGI GUACU;CDL ITUPEVA - LABORATORIO;ALARES CDL;voluntaria;WIFI 5;19
JUN/2026;25/06/2026;SP-MOC;ALARES LOJA;ALARES LOJA;DEVOLUCAO EQUIP LOJA MOGI MIRIM;CDL ITUPEVA - LABORATORIO;ALARES CDL;voluntaria;WIFI 5;8
JUN/2026;25/06/2026;SP-MOC;ALARES LOJA;ALARES LOJA;CNX - RETIRADA EQUIP. LOJA - INATIVO;CDL ITUPEVA - LABORATORIO;ALARES CDL;voluntaria;WIFI 5;2
JUN/2026;25/06/2026;SP-MOC;ALARES LOJA;ALARES LOJA;DEVOLUCAO EQUIP LOJA MOGI MIRIM;CDL ITUPEVA - LABORATORIO;ALARES CDL;voluntaria;WIFI 6;12
JUN/2026;25/06/2026;SP-MOC;ALARES LOJA;ALARES LOJA;DEVOLUCAO EQUIP LOJA MOGI GUACU;CDL ITUPEVA - LABORATORIO;ALARES CDL;voluntaria;WIFI 6;15
JUN/2026;25/06/2026;SP-MOC;ALARES LOJA;ALARES LOJA;DEVOLUCAO EQUIP LOJA SAO JOAO DA BOA VISTA;CDL POCOS DE CALDAS - LABORATORIO;ALARES LABORATORIO;Sem.Info;OUTROS;1
JUN/2026;25/06/2026;SP-MOC;BUENO TELECOM;TERCEIROS COLETA;EMP MGU BUENO DAVID BARBOSA;CDL ITUPEVA - LABORATORIO;ALARES CDL;Sem.Info;IPTV;1
JUN/2026;25/06/2026;SP-MOC;BUENO TELECOM;TERCEIROS COLETA;EMP MGU BUENO SAMUEL BATISTA;CDL ITUPEVA - LABORATORIO;ALARES CDL;Sem.Info;WIFI 5;1
JUN/2026;25/06/2026;SP-MOC;BUENO TELECOM;TERCEIROS COLETA;BUENO TELECOM - SP - INATIVO;CDL POCOS DE CALDAS - LABORATORIO;ALARES LABORATORIO;Sem.Info;OUTROS;2
JUN/2026;25/06/2026;SP-ORN;ALARES LOJA;ALARES LOJA;DEVOLUCAO EQUIP LOJA WENCESLAU BRAZ;CDL OURINHOS - LABORATORIO;ALARES LABORATORIO;Sem.Info;OUTROS;1
JUN/2026;25/06/2026;SP-ORN;ALARES LOJA;ALARES LOJA;DEVOLUCAO EQUIP LOJA WENCESLAU BRAZ;CDL OURINHOS - LABORATORIO;ALARES LABORATORIO;Sem.Info;WIFI 5;4
JUN/2026;25/06/2026;SP-ORN;ALARES LOJA;ALARES LOJA;DEVOLUCAO EQUIP LOJA OURINHOS;CDL OURINHOS - LABORATORIO;ALARES LABORATORIO;Sem.Info;WIFI 5;1
JUN/2026;25/06/2026;SP-ORN;ALARES LOJA;ALARES LOJA;DEVOLUCAO EQUIP LOJA TUPA;CDL OURINHOS - LABORATORIO;ALARES LABORATORIO;Sem.Info;WIFI 5;1
JUN/2026;25/06/2026;SP-ORN;ALARES LOJA;ALARES LOJA;DEVOLUCAO EQUIP LOJA ITAPEVA;CDL OURINHOS - LABORATORIO;ALARES LABORATORIO;Sem.Info;WIFI 5;1
JUN/2026;25/06/2026;SP-ORN;ALARES LOJA;ALARES LOJA;DEVOLUCAO EQUIP LOJA SANTO A D PLATINA;CDL OURINHOS - LABORATORIO;ALARES LABORATORIO;Sem.Info;WIFI 5;1
JUN/2026;25/06/2026;SP-ORN;ALARES LOJA;ALARES LOJA;DEVOLUCAO EQUIP LOJA TUPA;CDL OURINHOS - LABORATORIO;ALARES LABORATORIO;voluntaria;WIFI 5;1
JUN/2026;25/06/2026;SP-SOC;ALARES LOJA;ALARES LOJA;DEVOLUCAO EQUIP LOJA MIRACATU;CDL ITUPEVA - LABORATORIO;ALARES CDL;Sem.Info;WIFI 6;1
JUN/2026;25/06/2026;SP-SPR;ALARES LOJA;ALARES LOJA;DEVOLUCAO EQUIP LOJA VOTORANTIM;CDL ITUPEVA - LABORATORIO;ALARES CDL;voluntaria;WIFI 5;29
JUN/2026;25/06/2026;SP-SPR;ALARES LOJA;ALARES LOJA;DEVOLUCAO EQUIP LOJA VOTORANTIM;CDL ITUPEVA - LABORATORIO;ALARES CDL;voluntaria;WIFI 6;32
JUN/2026;24/06/2026;-;ALARES LOJA;ALARES LOJA;ALARES - BAIXA VIRTUAL;CDL ITUPEVA - LABORATORIO;ALARES CDL;voluntaria;WIFI 5;1
JUN/2026;24/06/2026;-;ALARES LOJA;ALARES LOJA;ALARES - BAIXA VIRTUAL;CDL NATAL - LABORATORIO;ALARES LABORATORIO;Sem.Info;OUTROS;1
JUN/2026;24/06/2026;-;ALARES LOJA;ALARES LOJA;ALARES - BAIXA VIRTUAL;CDL NATAL - LABORATORIO;ALARES LABORATORIO;Sem.Info;WIFI 5;2
JUN/2026;24/06/2026;-;ALARES LOJA;ALARES LOJA;DEVOLUCAO EQUIP. LOJA - INATIVO;CDL NATAL - LABORATORIO;ALARES LABORATORIO;Sem.Info;WIFI 5;2
JUN/2026;24/06/2026;-;ALARES LOJA;ALARES LOJA;ALARES - BAIXA VIRTUAL;CDL POCOS DE CALDAS - LABORATORIO;ALARES LABORATORIO;involuntaria;WIFI 5;1
JUN/2026;24/06/2026;-;ALARES LOJA;ALARES LOJA;ALARES - BAIXA VIRTUAL;CDL POCOS DE CALDAS - LABORATORIO;ALARES LABORATORIO;voluntaria;OUTROS;1
JUN/2026;24/06/2026;-;ALARES LOJA;ALARES LOJA;ALARES - BAIXA VIRTUAL;CDL POCOS DE CALDAS - LABORATORIO;ALARES LABORATORIO;voluntaria;WIFI 5;1
JUN/2026;24/06/2026;-;ALARES LOJA;ALARES LOJA;ALARES - BAIXA VIRTUAL;CDL POCOS DE CALDAS - LABORATORIO;ALARES LABORATORIO;voluntaria;WIFI 6;1
JUN/2026;24/06/2026;MG;ALARES LOJA;ALARES LOJA;DEVOLUCAO EQUIP LOJA SAO LOURENCO;CDL POCOS DE CALDAS - LABORATORIO;ALARES LABORATORIO;Sem.Info;OUTROS;3
JUN/2026;24/06/2026;MG;ALARES LOJA;ALARES LOJA;DEVOLUCAO EQUIP LOJA SANTA RITA DO SAPUCAI;CDL POCOS DE CALDAS - LABORATORIO;ALARES LABORATORIO;Sem.Info;OUTROS;1
JUN/2026;24/06/2026;MG;ALARES LOJA;ALARES LOJA;DEVOLUCAO LOJAS ERRO PCS - GMUD;CDL POCOS DE CALDAS - LABORATORIO;ALARES LABORATORIO;Sem.Info;OUTROS;20
JUN/2026;24/06/2026;MG;ALARES LOJA;ALARES LOJA;DEVOLUCAO EQUIP LOJA POUSO ALEGRE;CDL POCOS DE CALDAS - LABORATORIO;ALARES LABORATORIO;Sem.Info;OUTROS;2
JUN/2026;24/06/2026;MG;ALARES LOJA;ALARES LOJA;DEVOLUCAO EQUIP LOJA POCOS DE CALDAS;CDL POCOS DE CALDAS - LABORATORIO;ALARES LABORATORIO;Sem.Info;WIFI 5;1
JUN/2026;24/06/2026;MG;ALARES LOJA;ALARES LOJA;DEVOLUCAO LOJAS ERRO PCS - GMUD;CDL POCOS DE CALDAS - LABORATORIO;ALARES LABORATORIO;Sem.Info;WIFI 5;61
JUN/2026;24/06/2026;MG;ALARES LOJA;ALARES LOJA;DEVOLUCAO EQUIP LOJA SANTA RITA DO SAPUCAI;CDL POCOS DE CALDAS - LABORATORIO;ALARES LABORATORIO;Sem.Info;WIFI 5;1
JUN/2026;24/06/2026;MG;ALARES LOJA;ALARES LOJA;DEVOLUCAO EQUIP LOJA ALFENAS;CDL POCOS DE CALDAS - LABORATORIO;ALARES LABORATORIO;Sem.Info;WIFI 5;7
JUN/2026;24/06/2026;MG;ALARES LOJA;ALARES LOJA;DEVOLUCAO EQUIP LOJA SAO LOURENCO;CDL POCOS DE CALDAS - LABORATORIO;ALARES LABORATORIO;Sem.Info;WIFI 5;2
JUN/2026;24/06/2026;MG;ALARES LOJA;ALARES LOJA;DEVOLUCAO EQUIP LOJA POUSO ALEGRE;CDL POCOS DE CALDAS - LABORATORIO;ALARES LABORATORIO;Sem.Info;WIFI 5;2
JUN/2026;24/06/2026;MG;ALARES LOJA;ALARES LOJA;DEVOLUCAO EQUIP LOJA SANTA RITA DO SAPUCAI;CDL POCOS DE CALDAS - LABORATORIO;ALARES LABORATORIO;Sem.Info;WIFI 6;1
JUN/2026;24/06/2026;MG;ALARES LOJA;ALARES LOJA;DEVOLUCAO EQUIP LOJA SAO LOURENCO;CDL POCOS DE CALDAS - LABORATORIO;ALARES LABORATORIO;Sem.Info;WIFI 6;1
JUN/2026;24/06/2026;MG;ALARES LOJA;ALARES LOJA;DEVOLUCAO EQUIP LOJA ITAJUBA;CDL POCOS DE CALDAS - LABORATORIO;ALARES LABORATORIO;involuntaria;OUTROS;1
JUN/2026;24/06/2026;MG;ALARES LOJA;ALARES LOJA;DEVOLUCAO EQUIP LOJA ITAJUBA;CDL POCOS DE CALDAS - LABORATORIO;ALARES LABORATORIO;involuntaria;WIFI 5;1
JUN/2026;24/06/2026;MG;ALARES LOJA;ALARES LOJA;DEVOLUCAO EQUIP LOJA POUSO ALEGRE;CDL POCOS DE CALDAS - LABORATORIO;ALARES LABORATORIO;involuntaria;WIFI 6;1
JUN/2026;24/06/2026;MG;ALARES LOJA;ALARES LOJA;DEVOLUCAO EQUIP LOJA SANTA RITA DO SAPUCAI;CDL POCOS DE CALDAS - LABORATORIO;ALARES LABORATORIO;voluntaria;OUTROS;5
JUN/2026;24/06/2026;MG;ALARES LOJA;ALARES LOJA;DEVOLUCAO EQUIP LOJA ITAJUBA;CDL POCOS DE CALDAS - LABORATORIO;ALARES LABORATORIO;voluntaria;OUTROS;2
JUN/2026;24/06/2026;MG;ALARES LOJA;ALARES LOJA;DEVOLUCAO EQUIP LOJA POUSO ALEGRE;CDL POCOS DE CALDAS - LABORATORIO;ALARES LABORATORIO;voluntaria;OUTROS;2
JUN/2026;24/06/2026;MG;ALARES LOJA;ALARES LOJA;DEVOLUCAO EQUIP LOJA SAO LOURENCO;CDL POCOS DE CALDAS - LABORATORIO;ALARES LABORATORIO;voluntaria;OUTROS;3
JUN/2026;24/06/2026;MG;ALARES LOJA;ALARES LOJA;DEVOLUCAO EQUIP LOJA SAO LOURENCO;CDL POCOS DE CALDAS - LABORATORIO;ALARES LABORATORIO;voluntaria;WIFI 5;6
JUN/2026;24/06/2026;MG;ALARES LOJA;ALARES LOJA;DEVOLUCAO EQUIP LOJA ITAJUBA;CDL POCOS DE CALDAS - LABORATORIO;ALARES LABORATORIO;voluntaria;WIFI 5;3
JUN/2026;24/06/2026;MG;ALARES LOJA;ALARES LOJA;DEVOLUCAO EQUIP LOJA SANTA RITA DO SAPUCAI;CDL POCOS DE CALDAS - LABORATORIO;ALARES LABORATORIO;voluntaria;WIFI 5;4
JUN/2026;24/06/2026;MG;ALARES LOJA;ALARES LOJA;DEVOLUCAO EQUIP LOJA POUSO ALEGRE;CDL POCOS DE CALDAS - LABORATORIO;ALARES LABORATORIO;voluntaria;WIFI 5;5
JUN/2026;24/06/2026;MG;ALARES LOJA;ALARES LOJA;DEVOLUCAO EQUIP LOJA ITAJUBA;CDL POCOS DE CALDAS - LABORATORIO;ALARES LABORATORIO;voluntaria;WIFI 6;4
JUN/2026;24/06/2026;MG;ALARES LOJA;ALARES LOJA;DEVOLUCAO EQUIP LOJA SANTA RITA DO SAPUCAI;CDL POCOS DE CALDAS - LABORATORIO;ALARES LABORATORIO;voluntaria;WIFI 6;6
JUN/2026;24/06/2026;MG;ALARES LOJA;ALARES LOJA;DEVOLUCAO EQUIP LOJA POUSO ALEGRE;CDL POCOS DE CALDAS - LABORATORIO;ALARES LABORATORIO;voluntaria;WIFI 6;15
JUN/2026;24/06/2026;MG;ALARES LOJA;ALARES LOJA;DEVOLUCAO EQUIP LOJA SAO LOURENCO;CDL POCOS DE CALDAS - LABORATORIO;ALARES LABORATORIO;voluntaria;WIFI 6;4
JUN/2026;24/06/2026;RN;ALARES LOJA;ALARES LOJA;DEVOLUCAO EQUIP LOJA PARNAMIRIM;CDL NATAL - LABORATORIO;ALARES LABORATORIO;Sem.Info;OUTROS;1
JUN/2026;24/06/2026;RN;ALARES LOJA;ALARES LOJA;DEVOLUCAO EQUIP LOJA NATAL;CDL NATAL - LABORATORIO;ALARES LABORATORIO;Sem.Info;WIFI 5;5
JUN/2026;24/06/2026;RN;ALARES LOJA;ALARES LOJA;DEVOLUCAO EQUIP LOJA NATAL;CDL NATAL - LABORATORIO;ALARES LABORATORIO;voluntaria;IPTV;1
JUN/2026;24/06/2026;RN;ALARES LOJA;ALARES LOJA;DEVOLUCAO EQUIP LOJA PARNAMIRIM;CDL NATAL - LABORATORIO;ALARES LABORATORIO;voluntaria;WIFI 5;2
JUN/2026;24/06/2026;RN;ALARES LOJA;ALARES LOJA;DEVOLUCAO EQUIP LOJA NATAL;CDL NATAL - LABORATORIO;ALARES LABORATORIO;voluntaria;WIFI 5;11
JUN/2026;24/06/2026;RN;ALARES LOJA;ALARES LOJA;DEVOLUCAO EQUIP LOJA PARNAMIRIM;CDL NATAL - LABORATORIO;ALARES LABORATORIO;voluntaria;WIFI 6;1
JUN/2026;24/06/2026;RN;ALARES LOJA;ALARES LOJA;DEVOLUCAO EQUIP LOJA NATAL;CDL NATAL - LABORATORIO;ALARES LABORATORIO;voluntaria;WIFI 6;13
JUN/2026;24/06/2026;RN;CONSTRUCABLE;TERCEIROS COLETA;EMP NTL CC ELIZEU ALVES;CDL NATAL - LABORATORIO;ALARES LABORATORIO;Sem.Info;WIFI 5;1
JUN/2026;24/06/2026;SP-ORN;ALARES LOJA;ALARES LOJA;DEVOLUCAO EQUIP LOJA MARILIA;CDL OURINHOS - LABORATORIO;ALARES LABORATORIO;Sem.Info;WIFI 5;1
JUN/2026;24/06/2026;SP-ORN;ALARES LOJA;ALARES LOJA;DEVOLUCAO EQUIP LOJA CAMPOS N PAULISTA;CDL OURINHOS - LABORATORIO;ALARES LABORATORIO;Sem.Info;WIFI 5;1
JUN/2026;24/06/2026;SP-ORN;ALARES LOJA;ALARES LOJA;DEVOLUCAO EQUIP LOJA BASTOS;CDL OURINHOS - LABORATORIO;ALARES LABORATORIO;involuntaria;WIFI 6;1
JUN/2026;24/06/2026;SP-ORN;ALARES LOJA;ALARES LOJA;DEVOLUCAO EQUIP LOJA SALTO GRANDE;CDL OURINHOS - LABORATORIO;ALARES LABORATORIO;voluntaria;OUTROS;2
JUN/2026;24/06/2026;SP-ORN;ALARES LOJA;ALARES LOJA;DEVOLUCAO EQUIP LOJA ITAPEVA;CDL OURINHOS - LABORATORIO;ALARES LABORATORIO;voluntaria;WIFI 5;1
JUN/2026;24/06/2026;SP-ORN;ALARES LOJA;ALARES LOJA;DEVOLUCAO EQUIP LOJA SALTO GRANDE;CDL OURINHOS - LABORATORIO;ALARES LABORATORIO;voluntaria;WIFI 5;3
JUN/2026;24/06/2026;SP-ORN;ALARES LOJA;ALARES LOJA;DEVOLUCAO EQUIP LOJA SALTO GRANDE;CDL OURINHOS - LABORATORIO;ALARES LABORATORIO;voluntaria;WIFI 6;1
JUN/2026;24/06/2026;SP-SOC;ALARES LOJA;ALARES LOJA;DEVOLUCAO EQUIP LOJA SOROCABA;CDL ITUPEVA - LABORATORIO;ALARES CDL;Sem.Info;WIFI 6;1
JUN/2026;24/06/2026;SP-SOC;ALARES LOJA;ALARES LOJA;DEVOLUCAO EQUIP LOJA SOROCABA;CDL ITUPEVA - LABORATORIO;ALARES CDL;voluntaria;WIFI 5;1
JUN/2026;24/06/2026;SP-SOC;ALARES LOJA;ALARES LOJA;DEVOLUCAO EQUIP LOJA SOROCABA;CDL ITUPEVA - LABORATORIO;ALARES CDL;voluntaria;WIFI 6;1
JUN/2026;24/06/2026;SP-SOC;ALARES LOJA;ALARES LOJA;DEVOLUCAO EQUIP LOJA BARRA DO TURVO;CDL REGISTRO - LABORATORIO;ALARES LABORATORIO;Sem.Info;WIFI 5;9
JUN/2026;24/06/2026;SP-SOC;ALARES LOJA;ALARES LOJA;DEVOLUCAO EQUIP LOJA CAJATI;CDL REGISTRO - LABORATORIO;ALARES LABORATORIO;Sem.Info;WIFI 5;4
JUN/2026;24/06/2026;SP-SOC;ALARES LOJA;ALARES LOJA;DEVOLUCAO EQUIP LOJA BARRA DO TURVO;CDL REGISTRO - LABORATORIO;ALARES LABORATORIO;Sem.Info;WIFI 6;1
JUN/2026;24/06/2026;SP-SOC;ALARES LOJA;ALARES LOJA;DEVOLUCAO EQUIP LOJA BARRA DO TURVO;CDL REGISTRO - LABORATORIO;ALARES LABORATORIO;involuntaria;WIFI 5;2
JUN/2026;24/06/2026;SP-SOC;ALARES LOJA;ALARES LOJA;DEVOLUCAO EQUIP LOJA IGUAPE;CDL REGISTRO - LABORATORIO;ALARES LABORATORIO;voluntaria;OUTROS;1
JUN/2026;24/06/2026;SP-SOC;ALARES LOJA;ALARES LOJA;DEVOLUCAO EQUIP LOJA CAJATI;CDL REGISTRO - LABORATORIO;ALARES LABORATORIO;voluntaria;WIFI 5;4
JUN/2026;24/06/2026;SP-SOC;ALARES LOJA;ALARES LOJA;DEVOLUCAO EQUIP LOJA BARRA DO TURVO;CDL REGISTRO - LABORATORIO;ALARES LABORATORIO;voluntaria;WIFI 5;2
JUN/2026;24/06/2026;SP-SOC;ALARES LOJA;ALARES LOJA;DEVOLUCAO EQUIP LOJA BARRA DO TURVO;CDL REGISTRO - LABORATORIO;ALARES LABORATORIO;voluntaria;WIFI 6;1
JUN/2026;24/06/2026;SP-SOC;ALARES LOJA;ALARES LOJA;DEVOLUCAO EQUIP LOJA CAJATI;CDL REGISTRO - LABORATORIO;ALARES LABORATORIO;voluntaria;WIFI 6;4
JUN/2026;24/06/2026;SP-SPR;ALARES LOJA;ALARES LOJA;DEVOLUCAO EQUIP LOJA ARACOIABA DA SERRA;CDL ITUPEVA - LABORATORIO;ALARES CDL;Sem.Info;WIFI 5;1
JUN/2026;24/06/2026;SP-SPR;ALARES LOJA;ALARES LOJA;DEVOLUCAO EQUIP LOJA SALTO DE PIRAPORA;CDL ITUPEVA - LABORATORIO;ALARES CDL;Sem.Info;WIFI 6;3
JUN/2026;24/06/2026;SP-SPR;ALARES LOJA;ALARES LOJA;DEVOLUCAO EQUIP LOJA SALTO DE PIRAPORA;CDL ITUPEVA - LABORATORIO;ALARES CDL;voluntaria;WIFI 5;79
JUN/2026;24/06/2026;SP-SPR;ALARES LOJA;ALARES LOJA;DEVOLUCAO EQUIP LOJA SALTO DE PIRAPORA;CDL ITUPEVA - LABORATORIO;ALARES CDL;voluntaria;WIFI 6;92
JUN/2026;24/06/2026;SP-SPR;ALARES LOJA;ALARES LOJA;DEVOLUCAO EQUIP LOJA ARACOIABA DA SERRA;CDL ITUPEVA - LABORATORIO;ALARES CDL;voluntaria;WIFI 6;1
JUN/2026;23/06/2026;-;ALARES LOJA;ALARES LOJA;ALARES - BAIXA VIRTUAL;CDL ITUPEVA - LABORATORIO;ALARES CDL;Sem.Info;WIFI 5;1
JUN/2026;23/06/2026;-;ALARES LOJA;ALARES LOJA;ALARES - BAIXA VIRTUAL;CDL ITUPEVA - LABORATORIO;ALARES CDL;voluntaria;WIFI 5;1
JUN/2026;23/06/2026;CE;ALARES LOJA;ALARES LOJA;DEVOLUCAO EQUIP LOJA FORTALEZA;CDL FORTALEZA - LABORATORIO;ALARES LABORATORIO;voluntaria;WIFI 6;1
JUN/2026;23/06/2026;CE;REPARO ELETROS;TERCEIROS COLETA;EMP FLA REV REPARO ELETROS JADSON ITALO;CDL FORTALEZA - LABORATORIO;ALARES LABORATORIO;involuntaria;WIFI 5;4
JUN/2026;23/06/2026;CE;REPARO ELETROS;TERCEIROS COLETA;EMP FLA REV REPARO ELETROS JADSON ITALO;CDL FORTALEZA - LABORATORIO;ALARES LABORATORIO;involuntaria;WIFI 6;7
JUN/2026;23/06/2026;CE;REPARO ELETROS;TERCEIROS COLETA;EMP FLA REV REPARO ELETROS JADSON ITALO;CDL FORTALEZA - LABORATORIO;ALARES LABORATORIO;voluntaria;IPTV;16
JUN/2026;23/06/2026;CE;REPARO ELETROS;TERCEIROS COLETA;EMP FLA REV REPARO ELETROS JADSON ITALO;CDL FORTALEZA - LABORATORIO;ALARES LABORATORIO;voluntaria;OUTROS;1
JUN/2026;23/06/2026;CE;REPARO ELETROS;TERCEIROS COLETA;EMP FLA REV REPARO ELETROS JADSON ITALO;CDL FORTALEZA - LABORATORIO;ALARES LABORATORIO;voluntaria;WIFI 5;68
JUN/2026;23/06/2026;CE;REPARO ELETROS;TERCEIROS COLETA;EMP FLA REV REPARO ELETROS JADSON ITALO;CDL FORTALEZA - LABORATORIO;ALARES LABORATORIO;voluntaria;WIFI 6;56
JUN/2026;23/06/2026;MG;ALARES LOJA;ALARES LOJA;DEVOLUCAO EQUIP LOJA ALFENAS;CDL POCOS DE CALDAS - LABORATORIO;ALARES LABORATORIO;Sem.Info;OUTROS;1
JUN/2026;23/06/2026;MG;ALARES LOJA;ALARES LOJA;DEVOLUCAO EQUIP LOJA SAO LOURENCO;CDL POCOS DE CALDAS - LABORATORIO;ALARES LABORATORIO;Sem.Info;OUTROS;1
JUN/2026;23/06/2026;MG;ALARES LOJA;ALARES LOJA;DEVOLUCAO LOJAS ERRO PCS - GMUD;CDL POCOS DE CALDAS - LABORATORIO;ALARES LABORATORIO;Sem.Info;OUTROS;41
JUN/2026;23/06/2026;MG;ALARES LOJA;ALARES LOJA;DEVOLUCAO LOJAS ERRO PCS - GMUD;CDL POCOS DE CALDAS - LABORATORIO;ALARES LABORATORIO;Sem.Info;WIFI 5;34
JUN/2026;23/06/2026;MG;ALARES LOJA;ALARES LOJA;DEVOLUCAO EQUIP LOJA POUSO ALEGRE;CDL POCOS DE CALDAS - LABORATORIO;ALARES LABORATORIO;involuntaria;WIFI 5;1
JUN/2026;23/06/2026;RN;ALARES LOJA;ALARES LOJA;DEVOLUCAO EQUIP LOJA NATAL;CDL ITUPEVA - LABORATORIO;ALARES CDL;Sem.Info;WIFI 5;1
JUN/2026;23/06/2026;RN;NDR;TERCEIROS COLETA;EMP NTL REV NDR - PRINCIPAL;CDL NATAL - LABORATORIO;ALARES LABORATORIO;Sem.Info;OUTROS;1
JUN/2026;23/06/2026;RN;NDR;TERCEIROS COLETA;EMP NTL REV NDR - PRINCIPAL;CDL NATAL - LABORATORIO;ALARES LABORATORIO;Sem.Info;WIFI 5;1
JUN/2026;23/06/2026;RN;NDR;TERCEIROS COLETA;EMP NTL REV NDR - PRINCIPAL;CDL NATAL - LABORATORIO;ALARES LABORATORIO;Sem.Info;WIFI 6;2
JUN/2026;23/06/2026;RN;NDR;TERCEIROS COLETA;EMP NTL REV NDR - PRINCIPAL;CDL NATAL - LABORATORIO;ALARES LABORATORIO;involuntaria;IPTV;1
JUN/2026;23/06/2026;RN;NDR;TERCEIROS COLETA;EMP NTL REV NDR - PRINCIPAL;CDL NATAL - LABORATORIO;ALARES LABORATORIO;involuntaria;OUTROS;5
JUN/2026;23/06/2026;RN;NDR;TERCEIROS COLETA;EMP NTL REV NDR - PRINCIPAL;CDL NATAL - LABORATORIO;ALARES LABORATORIO;involuntaria;WIFI 5;47
JUN/2026;23/06/2026;RN;NDR;TERCEIROS COLETA;EMP NTL REV NDR - PRINCIPAL;CDL NATAL - LABORATORIO;ALARES LABORATORIO;involuntaria;WIFI 6;57
JUN/2026;23/06/2026;RN;NDR;TERCEIROS COLETA;EMP NTL REV NDR - PRINCIPAL;CDL NATAL - LABORATORIO;ALARES LABORATORIO;voluntaria;IPTV;13
JUN/2026;23/06/2026;RN;NDR;TERCEIROS COLETA;EMP NTL REV NDR - PRINCIPAL;CDL NATAL - LABORATORIO;ALARES LABORATORIO;voluntaria;OUTROS;9
JUN/2026;23/06/2026;RN;NDR;TERCEIROS COLETA;EMP NTL REV NDR - PRINCIPAL;CDL NATAL - LABORATORIO;ALARES LABORATORIO;voluntaria;WIFI 5;54
JUN/2026;23/06/2026;RN;NDR;TERCEIROS COLETA;EMP NTL REV NDR - PRINCIPAL;CDL NATAL - LABORATORIO;ALARES LABORATORIO;voluntaria;WIFI 6;56
JUN/2026;23/06/2026;SP-ITV;ALARES LOJA;ALARES LOJA;DEVOLUCAO LOJAS ERRO ITUPEVA - GMUD;CDL ITUPEVA - LABORATORIO;ALARES CDL;Sem.Info;WIFI 5;2
JUN/2026;23/06/2026;SP-MOC;ALARES LOJA;ALARES LOJA;ALARES - EQUIPE SAC;CDL OURINHOS - LABORATORIO;ALARES LABORATORIO;Sem.Info;WIFI 5;5
JUN/2026;23/06/2026;SP-MOC;ALARES LOJA;ALARES LOJA;ALARES - EQUIPE SAC;CDL POCOS DE CALDAS - LABORATORIO;ALARES LABORATORIO;Sem.Info;OUTROS;4
JUN/2026;23/06/2026;SP-MOC;ALARES LOJA;ALARES LOJA;DEVOLUCAO EQUIP LOJA ESPIRITO SANTO DO PINHAL;CDL POCOS DE CALDAS - LABORATORIO;ALARES LABORATORIO;Sem.Info;OUTROS;1
JUN/2026;23/06/2026;SP-MOC;ALARES LOJA;ALARES LOJA;ALARES - EQUIPE SAC;CDL POCOS DE CALDAS - LABORATORIO;ALARES LABORATORIO;Sem.Info;WIFI 5;13
JUN/2026;23/06/2026;SP-MOC;ALARES LOJA;ALARES LOJA;DEVOLUCAO EQUIP LOJA ESPIRITO SANTO DO PINHAL;CDL POCOS DE CALDAS - LABORATORIO;ALARES LABORATORIO;Sem.Info;WIFI 5;4
JUN/2026;23/06/2026;SP-MOC;ALARES LOJA;ALARES LOJA;ALARES - EQUIPE SAC;CDL POCOS DE CALDAS - LABORATORIO;ALARES LABORATORIO;Sem.Info;WIFI 6;7
JUN/2026;23/06/2026;SP-MOC;ALARES LOJA;ALARES LOJA;DEVOLUCAO EQUIP LOJA ESPIRITO SANTO DO PINHAL;CDL POCOS DE CALDAS - LABORATORIO;ALARES LABORATORIO;Sem.Info;WIFI 6;1
JUN/2026;23/06/2026;SP-MOC;ALARES LOJA;ALARES LOJA;DEVOLUCAO EQUIP LOJA CASA BRANCA;CDL POCOS DE CALDAS - LABORATORIO;ALARES LABORATORIO;involuntaria;WIFI 5;1
JUN/2026;23/06/2026;SP-MOC;ALARES LOJA;ALARES LOJA;ALARES - EQUIPE SAC;CDL POCOS DE CALDAS - LABORATORIO;ALARES LABORATORIO;involuntaria;WIFI 6;1
JUN/2026;23/06/2026;SP-MOC;ALARES LOJA;ALARES LOJA;ALARES - EQUIPE SAC;CDL POCOS DE CALDAS - LABORATORIO;ALARES LABORATORIO;voluntaria;OUTROS;1
JUN/2026;23/06/2026;SP-MOC;ALARES LOJA;ALARES LOJA;DEVOLUCAO EQUIP LOJA CASA BRANCA;CDL POCOS DE CALDAS - LABORATORIO;ALARES LABORATORIO;voluntaria;OUTROS;2
JUN/2026;23/06/2026;SP-MOC;ALARES LOJA;ALARES LOJA;DEVOLUCAO EQUIP LOJA ESPIRITO SANTO DO PINHAL;CDL POCOS DE CALDAS - LABORATORIO;ALARES LABORATORIO;voluntaria;OUTROS;6
JUN/2026;23/06/2026;SP-MOC;ALARES LOJA;ALARES LOJA;ALARES - EQUIPE SAC;CDL POCOS DE CALDAS - LABORATORIO;ALARES LABORATORIO;voluntaria;WIFI 5;11
JUN/2026;23/06/2026;SP-MOC;ALARES LOJA;ALARES LOJA;DEVOLUCAO EQUIP LOJA ESPIRITO SANTO DO PINHAL;CDL POCOS DE CALDAS - LABORATORIO;ALARES LABORATORIO;voluntaria;WIFI 5;17
JUN/2026;23/06/2026;SP-MOC;ALARES LOJA;ALARES LOJA;DEVOLUCAO EQUIP LOJA SAO JOAO DA BOA VISTA;CDL POCOS DE CALDAS - LABORATORIO;ALARES LABORATORIO;voluntaria;WIFI 5;1
JUN/2026;23/06/2026;SP-MOC;ALARES LOJA;ALARES LOJA;DEVOLUCAO EQUIP LOJA CASA BRANCA;CDL POCOS DE CALDAS - LABORATORIO;ALARES LABORATORIO;voluntaria;WIFI 5;2
JUN/2026;23/06/2026;SP-MOC;ALARES LOJA;ALARES LOJA;DEVOLUCAO EQUIP LOJA AGUAI;CDL POCOS DE CALDAS - LABORATORIO;ALARES LABORATORIO;voluntaria;WIFI 5;2
JUN/2026;23/06/2026;SP-MOC;ALARES LOJA;ALARES LOJA;DEVOLUCAO EQUIP LOJA CASA BRANCA;CDL POCOS DE CALDAS - LABORATORIO;ALARES LABORATORIO;voluntaria;WIFI 6;1
JUN/2026;23/06/2026;SP-MOC;ALARES LOJA;ALARES LOJA;ALARES - EQUIPE SAC;CDL POCOS DE CALDAS - LABORATORIO;ALARES LABORATORIO;voluntaria;WIFI 6;12
JUN/2026;23/06/2026;SP-MOC;ALARES LOJA;ALARES LOJA;DEVOLUCAO EQUIP LOJA AGUAI;CDL POCOS DE CALDAS - LABORATORIO;ALARES LABORATORIO;voluntaria;WIFI 6;1
JUN/2026;23/06/2026;SP-MOC;ALARES LOJA;ALARES LOJA;DEVOLUCAO EQUIP LOJA ESPIRITO SANTO DO PINHAL;CDL POCOS DE CALDAS - LABORATORIO;ALARES LABORATORIO;voluntaria;WIFI 6;3
JUN/2026;23/06/2026;SP-ORN;ALARES LOJA;ALARES LOJA;DEVOLUCAO EQUIP LOJA OURINHOS;CDL OURINHOS - LABORATORIO;ALARES LABORATORIO;Sem.Info;OUTROS;6
JUN/2026;23/06/2026;SP-ORN;ALARES LOJA;ALARES LOJA;DEVOLUCAO EQUIP LOJA WENCESLAU BRAZ;CDL OURINHOS - LABORATORIO;ALARES LABORATORIO;Sem.Info;OUTROS;3
JUN/2026;23/06/2026;SP-ORN;ALARES LOJA;ALARES LOJA;DEVOLUCAO EQUIP LOJA OURINHOS;CDL OURINHOS - LABORATORIO;ALARES LABORATORIO;Sem.Info;WIFI 5;25
JUN/2026;23/06/2026;SP-ORN;ALARES LOJA;ALARES LOJA;DEVOLUCAO EQUIP LOJA WENCESLAU BRAZ;CDL OURINHOS - LABORATORIO;ALARES LABORATORIO;Sem.Info;WIFI 5;6
JUN/2026;23/06/2026;SP-ORN;ALARES LOJA;ALARES LOJA;DEVOLUCAO EQUIP LOJA PIRAJU;CDL OURINHOS - LABORATORIO;ALARES LABORATORIO;Sem.Info;WIFI 5;1
JUN/2026;23/06/2026;SP-ORN;ALARES LOJA;ALARES LOJA;DEVOLUCAO EQUIP LOJA BANDEIRANTES;CDL OURINHOS - LABORATORIO;ALARES LABORATORIO;Sem.Info;WIFI 5;1
JUN/2026;23/06/2026;SP-ORN;ALARES LOJA;ALARES LOJA;DEVOLUCAO EQUIP LOJA SANTO A D PLATINA;CDL OURINHOS - LABORATORIO;ALARES LABORATORIO;Sem.Info;WIFI 6;1
JUN/2026;23/06/2026;SP-ORN;ALARES LOJA;ALARES LOJA;DEVOLUCAO EQUIP LOJA WENCESLAU BRAZ;CDL OURINHOS - LABORATORIO;ALARES LABORATORIO;Sem.Info;WIFI 6;1
JUN/2026;23/06/2026;SP-ORN;ALARES LOJA;ALARES LOJA;DEVOLUCAO EQUIP LOJA OURINHOS;CDL OURINHOS - LABORATORIO;ALARES LABORATORIO;Sem.Info;WIFI 6;5
JUN/2026;23/06/2026;SP-ORN;ALARES LOJA;ALARES LOJA;DEVOLUCAO EQUIP LOJA RINOPOLIS;CDL OURINHOS - LABORATORIO;ALARES LABORATORIO;voluntaria;OUTROS;2
JUN/2026;23/06/2026;SP-ORN;ALARES LOJA;ALARES LOJA;DEVOLUCAO EQUIP LOJA TUPA;CDL OURINHOS - LABORATORIO;ALARES LABORATORIO;voluntaria;WIFI 5;14
JUN/2026;23/06/2026;SP-ORN;ALARES LOJA;ALARES LOJA;DEVOLUCAO EQUIP LOJA RINOPOLIS;CDL OURINHOS - LABORATORIO;ALARES LABORATORIO;voluntaria;WIFI 6;2
JUN/2026;23/06/2026;SP-SOC;ALARES LOJA;ALARES LOJA;DEVOLUCAO EQUIP LOJA COTIA;CDL ITUPEVA - LABORATORIO;ALARES CDL;Sem.Info;OUTROS;1
JUN/2026;23/06/2026;SP-SOC;ALARES LOJA;ALARES LOJA;DEVOLUCAO EQUIP LOJA COTIA;CDL ITUPEVA - LABORATORIO;ALARES CDL;Sem.Info;WIFI 5;1
JUN/2026;23/06/2026;SP-SOC;ALARES LOJA;ALARES LOJA;DEVOLUCAO EQUIP LOJA SOROCABA;CDL ITUPEVA - LABORATORIO;ALARES CDL;Sem.Info;WIFI 5;2
JUN/2026;23/06/2026;SP-SOC;ALARES LOJA;ALARES LOJA;DEVOLUCAO EQUIP LOJA IBIUNA;CDL ITUPEVA - LABORATORIO;ALARES CDL;Sem.Info;WIFI 5;2
JUN/2026;23/06/2026;SP-SOC;ALARES LOJA;ALARES LOJA;DEVOLUCAO EQUIP LOJA SOROCABA;CDL ITUPEVA - LABORATORIO;ALARES CDL;Sem.Info;WIFI 6;1
JUN/2026;23/06/2026;SP-SOC;ALARES LOJA;ALARES LOJA;DEVOLUCAO EQUIP LOJA EMBU DAS ARTES;CDL ITUPEVA - LABORATORIO;ALARES CDL;voluntaria;WIFI 5;1
JUN/2026;23/06/2026;SP-SOC;ALARES LOJA;ALARES LOJA;DEVOLUCAO EQUIP LOJA EMBU DAS ARTES;CDL ITUPEVA - LABORATORIO;ALARES CDL;voluntaria;WIFI 6;2
JUN/2026;23/06/2026;SP-SOC;ALARES LOJA;ALARES LOJA;DEVOLUCAO EQUIP LOJA JUQUITIBA;CDL ITUPEVA - LABORATORIO;ALARES CDL;voluntaria;WIFI 6;1
JUN/2026;23/06/2026;SP-SOC;ALARES LOJA;ALARES LOJA;DEVOLUCAO EQUIP LOJA IGUAPE;CDL REGISTRO - LABORATORIO;ALARES LABORATORIO;involuntaria;WIFI 5;1
JUN/2026;23/06/2026;SP-SOC;ALARES LOJA;ALARES LOJA;DEVOLUCAO EQUIP LOJA IGUAPE;CDL REGISTRO - LABORATORIO;ALARES LABORATORIO;involuntaria;WIFI 6;1
JUN/2026;23/06/2026;SP-SOC;ALARES LOJA;ALARES LOJA;DEVOLUCAO EQUIP LOJA IGUAPE;CDL REGISTRO - LABORATORIO;ALARES LABORATORIO;voluntaria;WIFI 5;7
JUN/2026;23/06/2026;SP-SOC;ALARES LOJA;ALARES LOJA;DEVOLUCAO EQUIP LOJA IGUAPE;CDL REGISTRO - LABORATORIO;ALARES LABORATORIO;voluntaria;WIFI 6;5
JUN/2026;23/06/2026;SP-SOC;DEROYQUE;TERCEIROS COLETA;EMP PCS REV DEROYQUE - PRINCIPAL;CDL ITUPEVA - LABORATORIO;ALARES CDL;Sem.Info;WIFI 5;1
JUN/2026;23/06/2026;SP-SOC;DEROYQUE;TERCEIROS COLETA;EMP PCS REV DEROYQUE - PRINCIPAL;CDL ITUPEVA - LABORATORIO;ALARES CDL;voluntaria;WIFI 5;1
JUN/2026;23/06/2026;SP-SOC;DEROYQUE;TERCEIROS COLETA;EMP PCS REV DEROYQUE - PRINCIPAL;CDL ITUPEVA - LABORATORIO;ALARES CDL;voluntaria;WIFI 6;1
JUN/2026;23/06/2026;SP-SPR;ALARES LOJA;ALARES LOJA;DEVOLUCAO EQUIP LOJA SALTO DE PIRAPORA;CDL ITUPEVA - LABORATORIO;ALARES CDL;Sem.Info;WIFI 5;1
JUN/2026;23/06/2026;SP-SPR;ALARES LOJA;ALARES LOJA;DEVOLUCAO EQUIP LOJA VOTORANTIM;CDL ITUPEVA - LABORATORIO;ALARES CDL;Sem.Info;WIFI 5;3
JUN/2026;23/06/2026;SP-SPR;ALARES LOJA;ALARES LOJA;DEVOLUCAO EQUIP LOJA ARACOIABA DA SERRA;CDL ITUPEVA - LABORATORIO;ALARES CDL;Sem.Info;WIFI 5;3
JUN/2026;23/06/2026;SP-SPR;ALARES LOJA;ALARES LOJA;DEVOLUCAO EQUIP LOJA ARACOIABA DA SERRA;CDL ITUPEVA - LABORATORIO;ALARES CDL;Sem.Info;WIFI 6;3
JUN/2026;23/06/2026;SP-SPR;ALARES LOJA;ALARES LOJA;DEVOLUCAO EQUIP LOJA VOTORANTIM;CDL ITUPEVA - LABORATORIO;ALARES CDL;Sem.Info;WIFI 6;2
JUN/2026;23/06/2026;SP-SPR;ALARES LOJA;ALARES LOJA;DEVOLUCAO EQUIP LOJA SALTO DE PIRAPORA;CDL ITUPEVA - LABORATORIO;ALARES CDL;Sem.Info;WIFI 6;1
JUN/2026;23/06/2026;SP-SPR;ALARES LOJA;ALARES LOJA;DEVOLUCAO EQUIP LOJA SARAPUI;CDL ITUPEVA - LABORATORIO;ALARES CDL;involuntaria;WIFI 6;1
JUN/2026;23/06/2026;SP-SPR;ALARES LOJA;ALARES LOJA;DEVOLUCAO EQUIP LOJA SALTO DE PIRAPORA;CDL ITUPEVA - LABORATORIO;ALARES CDL;voluntaria;WIFI 5;14
JUN/2026;23/06/2026;SP-SPR;ALARES LOJA;ALARES LOJA;DEVOLUCAO EQUIP LOJA ARACOIABA DA SERRA;CDL ITUPEVA - LABORATORIO;ALARES CDL;voluntaria;WIFI 5;8
JUN/2026;23/06/2026;SP-SPR;ALARES LOJA;ALARES LOJA;DEVOLUCAO EQUIP LOJA ARACOIABA DA SERRA;CDL ITUPEVA - LABORATORIO;ALARES CDL;voluntaria;WIFI 6;16
JUN/2026;23/06/2026;SP-SPR;ALARES LOJA;ALARES LOJA;DEVOLUCAO EQUIP LOJA SALTO DE PIRAPORA;CDL ITUPEVA - LABORATORIO;ALARES CDL;voluntaria;WIFI 6;17
JUN/2026;22/06/2026;-;ALARES LOJA;ALARES LOJA;ALARES - BAIXA VIRTUAL;CDL POCOS DE CALDAS - LABORATORIO;ALARES LABORATORIO;voluntaria;OUTROS;2
JUN/2026;22/06/2026;-;ALARES LOJA;ALARES LOJA;ALARES - BAIXA VIRTUAL;CDL POCOS DE CALDAS - LABORATORIO;ALARES LABORATORIO;voluntaria;WIFI 5;1
JUN/2026;22/06/2026;-;ALARES LOJA;ALARES LOJA;ALARES - BAIXA VIRTUAL;CDL POCOS DE CALDAS - LABORATORIO;ALARES LABORATORIO;voluntaria;WIFI 6;4
JUN/2026;22/06/2026;MG;ALARES LOJA;ALARES LOJA;DEVOLUCAO LOJAS ERRO PCS - GMUD;CDL POCOS DE CALDAS - LABORATORIO;ALARES LABORATORIO;Sem.Info;OUTROS;14
JUN/2026;22/06/2026;MG;ALARES LOJA;ALARES LOJA;DEVOLUCAO EQUIP LOJA POCOS DE CALDAS;CDL POCOS DE CALDAS - LABORATORIO;ALARES LABORATORIO;Sem.Info;OUTROS;1
JUN/2026;22/06/2026;MG;ALARES LOJA;ALARES LOJA;DEVOLUCAO LOJAS ERRO PCS - GMUD;CDL POCOS DE CALDAS - LABORATORIO;ALARES LABORATORIO;Sem.Info;WIFI 5;47
JUN/2026;22/06/2026;MG;ALARES LOJA;ALARES LOJA;DEVOLUCAO EQUIP LOJA IPUIUNA;CDL POCOS DE CALDAS - LABORATORIO;ALARES LABORATORIO;Sem.Info;WIFI 5;1
JUN/2026;22/06/2026;MG;ALARES LOJA;ALARES LOJA;DEVOLUCAO EQUIP LOJA POCOS DE CALDAS;CDL POCOS DE CALDAS - LABORATORIO;ALARES LABORATORIO;Sem.Info;WIFI 5;3
JUN/2026;22/06/2026;MG;ALARES LOJA;ALARES LOJA;DEVOLUCAO EQUIP LOJA POCOS DE CALDAS;CDL POCOS DE CALDAS - LABORATORIO;ALARES LABORATORIO;involuntaria;OUTROS;2
JUN/2026;22/06/2026;MG;ALARES LOJA;ALARES LOJA;DEVOLUCAO EQUIP LOJA IPUIUNA;CDL POCOS DE CALDAS - LABORATORIO;ALARES LABORATORIO;involuntaria;OUTROS;1
JUN/2026;22/06/2026;MG;ALARES LOJA;ALARES LOJA;DEVOLUCAO EQUIP LOJA IPUIUNA;CDL POCOS DE CALDAS - LABORATORIO;ALARES LABORATORIO;involuntaria;WIFI 5;1
JUN/2026;22/06/2026;MG;ALARES LOJA;ALARES LOJA;DEVOLUCAO EQUIP LOJA POCOS DE CALDAS;CDL POCOS DE CALDAS - LABORATORIO;ALARES LABORATORIO;involuntaria;WIFI 5;3
JUN/2026;22/06/2026;MG;ALARES LOJA;ALARES LOJA;DEVOLUCAO EQUIP LOJA IPUIUNA;CDL POCOS DE CALDAS - LABORATORIO;ALARES LABORATORIO;involuntaria;WIFI 6;1
JUN/2026;22/06/2026;MG;ALARES LOJA;ALARES LOJA;DEVOLUCAO EQUIP LOJA POCOS DE CALDAS;CDL POCOS DE CALDAS - LABORATORIO;ALARES LABORATORIO;involuntaria;WIFI 6;2
JUN/2026;22/06/2026;MG;ALARES LOJA;ALARES LOJA;DEVOLUCAO EQUIP LOJA IPUIUNA;CDL POCOS DE CALDAS - LABORATORIO;ALARES LABORATORIO;voluntaria;OUTROS;1
JUN/2026;22/06/2026;MG;ALARES LOJA;ALARES LOJA;DEVOLUCAO EQUIP LOJA CALDAS;CDL POCOS DE CALDAS - LABORATORIO;ALARES LABORATORIO;voluntaria;OUTROS;2
JUN/2026;22/06/2026;MG;ALARES LOJA;ALARES LOJA;DEVOLUCAO EQUIP LOJA POCOS DE CALDAS;CDL POCOS DE CALDAS - LABORATORIO;ALARES LABORATORIO;voluntaria;OUTROS;13
JUN/2026;22/06/2026;MG;ALARES LOJA;ALARES LOJA;DEVOLUCAO EQUIP LOJA IPUIUNA;CDL POCOS DE CALDAS - LABORATORIO;ALARES LABORATORIO;voluntaria;WIFI 5;7
JUN/2026;22/06/2026;MG;ALARES LOJA;ALARES LOJA;DEVOLUCAO EQUIP LOJA CAMPESTRE;CDL POCOS DE CALDAS - LABORATORIO;ALARES LABORATORIO;voluntaria;WIFI 5;1
JUN/2026;22/06/2026;MG;ALARES LOJA;ALARES LOJA;DEVOLUCAO EQUIP LOJA POCOS DE CALDAS;CDL POCOS DE CALDAS - LABORATORIO;ALARES LABORATORIO;voluntaria;WIFI 5;30
JUN/2026;22/06/2026;MG;ALARES LOJA;ALARES LOJA;DEVOLUCAO EQUIP LOJA CALDAS;CDL POCOS DE CALDAS - LABORATORIO;ALARES LABORATORIO;voluntaria;WIFI 5;3
JUN/2026;22/06/2026;MG;ALARES LOJA;ALARES LOJA;DEVOLUCAO EQUIP LOJA SANTA RITA DE CALDAS;CDL POCOS DE CALDAS - LABORATORIO;ALARES LABORATORIO;voluntaria;WIFI 5;1
JUN/2026;22/06/2026;MG;ALARES LOJA;ALARES LOJA;DEVOLUCAO EQUIP LOJA POCOS DE CALDAS;CDL POCOS DE CALDAS - LABORATORIO;ALARES LABORATORIO;voluntaria;WIFI 6;5
JUN/2026;22/06/2026;MG;DEROYQUE;TERCEIROS COLETA;EMP PCS REV DEROYQUE - PRINCIPAL;CDL POCOS DE CALDAS - LABORATORIO;ALARES LABORATORIO;voluntaria;OUTROS;1
JUN/2026;22/06/2026;RN;ALARES LOJA;ALARES LOJA;DEVOLUCAO EQUIP LOJA PARNAMIRIM;CDL NATAL - LABORATORIO;ALARES LABORATORIO;Sem.Info;OUTROS;1
JUN/2026;22/06/2026;RN;ALARES LOJA;ALARES LOJA;DEVOLUCAO EQUIP LOJA SAO JOSE DE MIPIBU;CDL NATAL - LABORATORIO;ALARES LABORATORIO;Sem.Info;OUTROS;2
JUN/2026;22/06/2026;RN;ALARES LOJA;ALARES LOJA;DEVOLUCAO EQUIP LOJA NISIA FLORESTA;CDL NATAL - LABORATORIO;ALARES LABORATORIO;Sem.Info;OUTROS;1
JUN/2026;22/06/2026;SP-ITV;ALARES LOJA;ALARES LOJA;DEVOLUCAO EQUIP LOJA TABOAO DA SERRA;CDL ITUPEVA - LABORATORIO;ALARES CDL;Sem.Info;OUTROS;2
JUN/2026;22/06/2026;SP-ITV;ALARES LOJA;ALARES LOJA;DEVOLUCAO EQUIP LOJA TABOAO DA SERRA;CDL ITUPEVA - LABORATORIO;ALARES CDL;Sem.Info;WIFI 5;32
JUN/2026;22/06/2026;SP-ITV;ALARES LOJA;ALARES LOJA;DEVOLUCAO EQUIP LOJA TABOAO DA SERRA;CDL ITUPEVA - LABORATORIO;ALARES CDL;voluntaria;OUTROS;8
JUN/2026;22/06/2026;SP-ITV;ALARES LOJA;ALARES LOJA;DEVOLUCAO EQUIP LOJA TABOAO DA SERRA;CDL ITUPEVA - LABORATORIO;ALARES CDL;voluntaria;WIFI 5;5
JUN/2026;22/06/2026;SP-ITV;ALARES LOJA;ALARES LOJA;DEVOLUCAO EQUIP LOJA TABOAO DA SERRA;CDL ITUPEVA - LABORATORIO;ALARES CDL;voluntaria;WIFI 6;6
JUN/2026;22/06/2026;SP-MOC;ALARES LOJA;ALARES LOJA;ALARES - EQUIPE SAC;CDL POCOS DE CALDAS - LABORATORIO;ALARES LABORATORIO;Sem.Info;OUTROS;1
JUN/2026;22/06/2026;SP-ORN;ALARES LOJA;ALARES LOJA;DEVOLUCAO EQUIP LOJA SANTO A D PLATINA;CDL OURINHOS - LABORATORIO;ALARES LABORATORIO;Sem.Info;WIFI 5;1
JUN/2026;22/06/2026;SP-ORN;ALARES LOJA;ALARES LOJA;DEVOLUCAO EQUIP LOJA BANDEIRANTES;CDL OURINHOS - LABORATORIO;ALARES LABORATORIO;Sem.Info;WIFI 5;5
JUN/2026;22/06/2026;SP-ORN;ALARES LOJA;ALARES LOJA;DEVOLUCAO EQUIP LOJA WENCESLAU BRAZ;CDL OURINHOS - LABORATORIO;ALARES LABORATORIO;Sem.Info;WIFI 5;2
JUN/2026;22/06/2026;SP-ORN;ALARES LOJA;ALARES LOJA;DEVOLUCAO EQUIP LOJA SANTA AMELIA;CDL OURINHOS - LABORATORIO;ALARES LABORATORIO;Sem.Info;WIFI 5;4
JUN/2026;22/06/2026;SP-ORN;ALARES LOJA;ALARES LOJA;DEVOLUCAO EQUIP LOJA IPAUSSU;CDL OURINHOS - LABORATORIO;ALARES LABORATORIO;Sem.Info;WIFI 5;1
JUN/2026;22/06/2026;SP-ORN;ALARES LOJA;ALARES LOJA;DEVOLUCAO EQUIP LOJA OURINHOS;CDL OURINHOS - LABORATORIO;ALARES LABORATORIO;Sem.Info;WIFI 5;4
JUN/2026;22/06/2026;SP-ORN;ALARES LOJA;ALARES LOJA;DEVOLUCAO EQUIP LOJA RINOPOLIS;CDL OURINHOS - LABORATORIO;ALARES LABORATORIO;Sem.Info;WIFI 6;1
JUN/2026;22/06/2026;SP-ORN;ALARES LOJA;ALARES LOJA;DEVOLUCAO EQUIP LOJA OURINHOS;CDL OURINHOS - LABORATORIO;ALARES LABORATORIO;Sem.Info;WIFI 6;3
JUN/2026;22/06/2026;SP-ORN;ALARES LOJA;ALARES LOJA;DEVOLUCAO EQUIP LOJA ASSIS;CDL OURINHOS - LABORATORIO;ALARES LABORATORIO;involuntaria;OUTROS;1
JUN/2026;22/06/2026;SP-ORN;ALARES LOJA;ALARES LOJA;DEVOLUCAO EQUIP LOJA IBIRAREMA;CDL OURINHOS - LABORATORIO;ALARES LABORATORIO;involuntaria;OUTROS;1
JUN/2026;22/06/2026;SP-ORN;ALARES LOJA;ALARES LOJA;DEVOLUCAO EQUIP LOJA PRESIDENTE PRUDENTE;CDL OURINHOS - LABORATORIO;ALARES LABORATORIO;involuntaria;WIFI 5;6
JUN/2026;22/06/2026;SP-ORN;ALARES LOJA;ALARES LOJA;DEVOLUCAO EQUIP LOJA IBIRAREMA;CDL OURINHOS - LABORATORIO;ALARES LABORATORIO;involuntaria;WIFI 5;1
JUN/2026;22/06/2026;SP-ORN;ALARES LOJA;ALARES LOJA;DEVOLUCAO EQUIP LOJA ASSIS;CDL OURINHOS - LABORATORIO;ALARES LABORATORIO;involuntaria;WIFI 6;1
JUN/2026;22/06/2026;SP-ORN;ALARES LOJA;ALARES LOJA;DEVOLUCAO EQUIP LOJA IBIRAREMA;CDL OURINHOS - LABORATORIO;ALARES LABORATORIO;involuntaria;WIFI 6;1
JUN/2026;22/06/2026;SP-ORN;ALARES LOJA;ALARES LOJA;DEVOLUCAO EQUIP LOJA PRESIDENTE PRUDENTE;CDL OURINHOS - LABORATORIO;ALARES LABORATORIO;involuntaria;WIFI 6;1
JUN/2026;22/06/2026;SP-ORN;ALARES LOJA;ALARES LOJA;DEVOLUCAO EQUIP LOJA ASSIS;CDL OURINHOS - LABORATORIO;ALARES LABORATORIO;voluntaria;OUTROS;1
JUN/2026;22/06/2026;SP-ORN;ALARES LOJA;ALARES LOJA;DEVOLUCAO EQUIP LOJA PRESIDENTE PRUDENTE;CDL OURINHOS - LABORATORIO;ALARES LABORATORIO;voluntaria;WIFI 5;39
JUN/2026;22/06/2026;SP-ORN;ALARES LOJA;ALARES LOJA;DEVOLUCAO EQUIP LOJA ASSIS;CDL OURINHOS - LABORATORIO;ALARES LABORATORIO;voluntaria;WIFI 5;8
JUN/2026;22/06/2026;SP-ORN;ALARES LOJA;ALARES LOJA;DEVOLUCAO EQUIP LOJA ASSIS;CDL OURINHOS - LABORATORIO;ALARES LABORATORIO;voluntaria;WIFI 6;3
JUN/2026;22/06/2026;SP-ORN;ALARES LOJA;ALARES LOJA;DEVOLUCAO EQUIP LOJA PRESIDENTE PRUDENTE;CDL OURINHOS - LABORATORIO;ALARES LABORATORIO;voluntaria;WIFI 6;16
JUN/2026;22/06/2026;SP-RGT;ALARES LOJA;ALARES LOJA;DEVOLUCAO EQUIP LOJA REGISTRO;CDL REGISTRO - LABORATORIO;ALARES LABORATORIO;Sem.Info;WIFI 5;16
JUN/2026;22/06/2026;SP-RGT;ALARES LOJA;ALARES LOJA;DEVOLUCAO EQUIP LOJA REGISTRO;CDL REGISTRO - LABORATORIO;ALARES LABORATORIO;involuntaria;WIFI 5;3
JUN/2026;22/06/2026;SP-RGT;ALARES LOJA;ALARES LOJA;DEVOLUCAO EQUIP LOJA REGISTRO;CDL REGISTRO - LABORATORIO;ALARES LABORATORIO;involuntaria;WIFI 6;3
JUN/2026;22/06/2026;SP-RGT;ALARES LOJA;ALARES LOJA;DEVOLUCAO EQUIP LOJA REGISTRO;CDL REGISTRO - LABORATORIO;ALARES LABORATORIO;voluntaria;OUTROS;2
JUN/2026;22/06/2026;SP-RGT;ALARES LOJA;ALARES LOJA;DEVOLUCAO EQUIP LOJA REGISTRO;CDL REGISTRO - LABORATORIO;ALARES LABORATORIO;voluntaria;WIFI 5;8
JUN/2026;22/06/2026;SP-RGT;ALARES LOJA;ALARES LOJA;DEVOLUCAO EQUIP LOJA REGISTRO;CDL REGISTRO - LABORATORIO;ALARES LABORATORIO;voluntaria;WIFI 6;13
JUN/2026;22/06/2026;SP-SOC;ALARES LOJA;ALARES LOJA;DEVOLUCAO EQUIP LOJA EMBU DAS ARTES;CDL ITUPEVA - LABORATORIO;ALARES CDL;Sem.Info;WIFI 5;4
JUN/2026;22/06/2026;SP-SOC;ALARES LOJA;ALARES LOJA;DEVOLUCAO EQUIP LOJA EMBU DAS ARTES;CDL ITUPEVA - LABORATORIO;ALARES CDL;voluntaria;OUTROS;1
JUN/2026;22/06/2026;SP-SOC;ALARES LOJA;ALARES LOJA;DEVOLUCAO EQUIP LOJA EMBU DAS ARTES;CDL ITUPEVA - LABORATORIO;ALARES CDL;voluntaria;WIFI 5;3
JUN/2026;22/06/2026;SP-SOC;ALARES LOJA;ALARES LOJA;DEVOLUCAO EQUIP LOJA EMBU DAS ARTES;CDL ITUPEVA - LABORATORIO;ALARES CDL;voluntaria;WIFI 6;3
JUN/2026;20/06/2026;MG;ALARES LOJA;ALARES LOJA;DEVOLUCAO LOJAS ERRO PCS - GMUD;CDL POCOS DE CALDAS - LABORATORIO;ALARES LABORATORIO;voluntaria;WIFI 5;1
JUN/2026;19/06/2026;CE;OMEGA;TERCEIROS COLETA;EMP FLA REV OMEGA MARCOS GOMES;CDL FORTALEZA - LABORATORIO;ALARES LABORATORIO;Sem.Info;OUTROS;7
JUN/2026;19/06/2026;CE;OMEGA;TERCEIROS COLETA;EMP FLA REV OMEGA MARCOS GOMES;CDL FORTALEZA - LABORATORIO;ALARES LABORATORIO;Sem.Info;WIFI 5;1
JUN/2026;19/06/2026;CE;OMEGA;TERCEIROS COLETA;EMP FLA REV OMEGA MARCOS GOMES;CDL FORTALEZA - LABORATORIO;ALARES LABORATORIO;involuntaria;OUTROS;12
JUN/2026;19/06/2026;CE;OMEGA;TERCEIROS COLETA;EMP FLA REV OMEGA MARCOS GOMES;CDL FORTALEZA - LABORATORIO;ALARES LABORATORIO;involuntaria;WIFI 5;22
JUN/2026;19/06/2026;CE;OMEGA;TERCEIROS COLETA;EMP FLA REV OMEGA MARCOS GOMES;CDL FORTALEZA - LABORATORIO;ALARES LABORATORIO;involuntaria;WIFI 6;22
JUN/2026;19/06/2026;CE;OMEGA;TERCEIROS COLETA;EMP FLA REV OMEGA MARCOS GOMES;CDL FORTALEZA - LABORATORIO;ALARES LABORATORIO;voluntaria;IPTV;3
JUN/2026;19/06/2026;CE;OMEGA;TERCEIROS COLETA;EMP FLA REV OMEGA MARCOS GOMES;CDL FORTALEZA - LABORATORIO;ALARES LABORATORIO;voluntaria;OUTROS;25
JUN/2026;19/06/2026;CE;OMEGA;TERCEIROS COLETA;EMP FLA REV OMEGA MARCOS GOMES;CDL FORTALEZA - LABORATORIO;ALARES LABORATORIO;voluntaria;WIFI 5;57
JUN/2026;19/06/2026;CE;OMEGA;TERCEIROS COLETA;EMP FLA REV OMEGA MARCOS GOMES;CDL FORTALEZA - LABORATORIO;ALARES LABORATORIO;voluntaria;WIFI 6;50
JUN/2026;19/06/2026;MG;ALARES LOJA;ALARES LOJA;DEVOLUCAO LOJAS ERRO PCS - GMUD;CDL POCOS DE CALDAS - LABORATORIO;ALARES LABORATORIO;Sem.Info;OUTROS;30
JUN/2026;19/06/2026;MG;ALARES LOJA;ALARES LOJA;DEVOLUCAO LOJAS ERRO PCS - GMUD;CDL POCOS DE CALDAS - LABORATORIO;ALARES LABORATORIO;Sem.Info;WIFI 5;17
JUN/2026;19/06/2026;PB;DEBORAH BRUNA;TERCEIROS COLETA;EMP JPA REV DB - DEBORAH BRUNA;CDL JOAO PESSOA - LABORATORIO;ALARES LABORATORIO;involuntaria;WIFI 6;6
JUN/2026;19/06/2026;PB;DEBORAH BRUNA;TERCEIROS COLETA;EMP JPA REV DB - DEBORAH BRUNA;CDL JOAO PESSOA - LABORATORIO;ALARES LABORATORIO;voluntaria;WIFI 5;10
JUN/2026;19/06/2026;PB;DEBORAH BRUNA;TERCEIROS COLETA;EMP JPA REV DB - DEBORAH BRUNA;CDL JOAO PESSOA - LABORATORIO;ALARES LABORATORIO;voluntaria;WIFI 6;9
JUN/2026;19/06/2026;RN;ALARES LOJA;ALARES LOJA;DEVOLUCAO EQUIP LOJA PARNAMIRIM;CDL NATAL - LABORATORIO;ALARES LABORATORIO;Sem.Info;WIFI 5;5
JUN/2026;19/06/2026;RN;ALARES LOJA;ALARES LOJA;DEVOLUCAO EQUIP LOJA NATAL;CDL NATAL - LABORATORIO;ALARES LABORATORIO;Sem.Info;WIFI 5;1
JUN/2026;19/06/2026;RN;ALARES LOJA;ALARES LOJA;DEVOLUCAO EQUIP LOJA PARNAMIRIM;CDL NATAL - LABORATORIO;ALARES LABORATORIO;involuntaria;WIFI 6;2
JUN/2026;19/06/2026;RN;ALARES LOJA;ALARES LOJA;DEVOLUCAO EQUIP LOJA PARNAMIRIM;CDL NATAL - LABORATORIO;ALARES LABORATORIO;voluntaria;IPTV;1
JUN/2026;19/06/2026;RN;ALARES LOJA;ALARES LOJA;DEVOLUCAO EQUIP LOJA PARNAMIRIM;CDL NATAL - LABORATORIO;ALARES LABORATORIO;voluntaria;WIFI 5;8
JUN/2026;19/06/2026;RN;ALARES LOJA;ALARES LOJA;DEVOLUCAO EQUIP LOJA NATAL;CDL NATAL - LABORATORIO;ALARES LABORATORIO;voluntaria;WIFI 6;1
JUN/2026;19/06/2026;RN;ALARES LOJA;ALARES LOJA;DEVOLUCAO EQUIP LOJA PARNAMIRIM;CDL NATAL - LABORATORIO;ALARES LABORATORIO;voluntaria;WIFI 6;8
JUN/2026;19/06/2026;RN;ALARES LOJA;ALARES LOJA;DEVOLUCAO EQUIP LOJA NATAL;CDL POCOS DE CALDAS - LABORATORIO;ALARES LABORATORIO;Sem.Info;OUTROS;1
JUN/2026;19/06/2026;RN;NDR;TERCEIROS COLETA;EMP NTL REV NDR - PRINCIPAL;CDL NATAL - LABORATORIO;ALARES LABORATORIO;Sem.Info;OUTROS;1
JUN/2026;19/06/2026;RN;NDR;TERCEIROS COLETA;EMP NTL REV NDR - PRINCIPAL;CDL NATAL - LABORATORIO;ALARES LABORATORIO;involuntaria;OUTROS;10
JUN/2026;19/06/2026;RN;NDR;TERCEIROS COLETA;EMP NTL REV NDR - PRINCIPAL;CDL NATAL - LABORATORIO;ALARES LABORATORIO;involuntaria;WIFI 5;50
JUN/2026;19/06/2026;RN;NDR;TERCEIROS COLETA;EMP NTL REV NDR - PRINCIPAL;CDL NATAL - LABORATORIO;ALARES LABORATORIO;involuntaria;WIFI 6;52
JUN/2026;19/06/2026;RN;NDR;TERCEIROS COLETA;EMP NTL REV NDR - PRINCIPAL;CDL NATAL - LABORATORIO;ALARES LABORATORIO;voluntaria;IPTV;24
JUN/2026;19/06/2026;RN;NDR;TERCEIROS COLETA;EMP NTL REV NDR - PRINCIPAL;CDL NATAL - LABORATORIO;ALARES LABORATORIO;voluntaria;OUTROS;11
JUN/2026;19/06/2026;RN;NDR;TERCEIROS COLETA;EMP NTL REV NDR - PRINCIPAL;CDL NATAL - LABORATORIO;ALARES LABORATORIO;voluntaria;WIFI 5;70
JUN/2026;19/06/2026;RN;NDR;TERCEIROS COLETA;EMP NTL REV NDR - PRINCIPAL;CDL NATAL - LABORATORIO;ALARES LABORATORIO;voluntaria;WIFI 6;88
JUN/2026;19/06/2026;SP-MOC;ALARES LOJA;ALARES LOJA;DEVOLUCAO LOJAS ERRO FLA - GMUD;CDL FORTALEZA - LABORATORIO;ALARES LABORATORIO;Sem.Info;OUTROS;1
JUN/2026;19/06/2026;SP-MOC;ALARES LOJA;ALARES LOJA;DEVOLUCAO LOJAS ERRO FLA - GMUD;CDL FORTALEZA - LABORATORIO;ALARES LABORATORIO;Sem.Info;WIFI 5;2
JUN/2026;19/06/2026;SP-MOC;ALARES LOJA;ALARES LOJA;CNX - RETIRADA EQUIP. LOJA - INATIVO;CDL POCOS DE CALDAS - LABORATORIO;ALARES LABORATORIO;Sem.Info;OUTROS;1
JUN/2026;19/06/2026;SP-ORN;ALARES LOJA;ALARES LOJA;DEVOLUCAO EQUIP LOJA ASSIS;CDL POCOS DE CALDAS - LABORATORIO;ALARES LABORATORIO;Sem.Info;OUTROS;1
JUN/2026;19/06/2026;SP-SPR;ALARES LOJA;ALARES LOJA;DEVOLUCAO EQUIP LOJA SARAPUI;CDL ITUPEVA - LABORATORIO;ALARES CDL;involuntaria;WIFI 5;1
JUN/2026;19/06/2026;SP-SPR;ALARES LOJA;ALARES LOJA;DEVOLUCAO EQUIP LOJA SARAPUI;CDL ITUPEVA - LABORATORIO;ALARES CDL;voluntaria;WIFI 5;2
JUN/2026;19/06/2026;SP-SPR;ALARES LOJA;ALARES LOJA;DEVOLUCAO EQUIP LOJA SARAPUI;CDL ITUPEVA - LABORATORIO;ALARES CDL;voluntaria;WIFI 6;2
JUN/2026;18/06/2026;BA;ALARES LOJA;ALARES LOJA;DEVOLUCAO EQUIP LOJA EUNAPOLIS;CDL FORTALEZA - LABORATORIO;ALARES LABORATORIO;voluntaria;IPTV;4
JUN/2026;18/06/2026;BA;ALARES LOJA;ALARES LOJA;DEVOLUCAO EQUIP LOJA EUNAPOLIS;CDL FORTALEZA - LABORATORIO;ALARES LABORATORIO;voluntaria;WIFI 5;1
JUN/2026;18/06/2026;BA;ALARES LOJA;ALARES LOJA;DEVOLUCAO EQUIP LOJA EUNAPOLIS;CDL FORTALEZA - LABORATORIO;ALARES LABORATORIO;voluntaria;WIFI 6;1
JUN/2026;18/06/2026;CE;ABL;TERCEIROS COLETA;EMP FLA REV ABL JOAO SERGINO;CDL FORTALEZA - LABORATORIO;ALARES LABORATORIO;involuntaria;WIFI 5;10
JUN/2026;18/06/2026;CE;ABL;TERCEIROS COLETA;EMP FLA REV ABL JOAO SERGINO;CDL FORTALEZA - LABORATORIO;ALARES LABORATORIO;involuntaria;WIFI 6;22
JUN/2026;18/06/2026;CE;ABL;TERCEIROS COLETA;EMP FLA REV ABL JOAO SERGINO;CDL FORTALEZA - LABORATORIO;ALARES LABORATORIO;voluntaria;IPTV;1
JUN/2026;18/06/2026;CE;ABL;TERCEIROS COLETA;EMP FLA REV ABL JOAO SERGINO;CDL FORTALEZA - LABORATORIO;ALARES LABORATORIO;voluntaria;WIFI 5;5
JUN/2026;18/06/2026;CE;ABL;TERCEIROS COLETA;EMP FLA REV ABL JOAO SERGINO;CDL FORTALEZA - LABORATORIO;ALARES LABORATORIO;voluntaria;WIFI 6;8
JUN/2026;18/06/2026;CE;ALARES LOJA;ALARES LOJA;DEVOLUCAO EQUIP LOJA FORTALEZA;CDL FORTALEZA - LABORATORIO;ALARES LABORATORIO;Sem.Info;WIFI 5;5
JUN/2026;18/06/2026;CE;ALARES LOJA;ALARES LOJA;DEVOLUCAO EQUIP LOJA FORTALEZA;CDL FORTALEZA - LABORATORIO;ALARES LABORATORIO;voluntaria;IPTV;3
JUN/2026;18/06/2026;CE;ALARES LOJA;ALARES LOJA;DEVOLUCAO EQUIP LOJA FORTALEZA;CDL FORTALEZA - LABORATORIO;ALARES LABORATORIO;voluntaria;OUTROS;1
JUN/2026;18/06/2026;CE;ALARES LOJA;ALARES LOJA;DEVOLUCAO EQUIP LOJA FORTALEZA;CDL FORTALEZA - LABORATORIO;ALARES LABORATORIO;voluntaria;WIFI 5;11
JUN/2026;18/06/2026;CE;ALARES LOJA;ALARES LOJA;DEVOLUCAO EQUIP LOJA FORTALEZA;CDL FORTALEZA - LABORATORIO;ALARES LABORATORIO;voluntaria;WIFI 6;12
JUN/2026;18/06/2026;CE;ALARES LOJA;ALARES LOJA;DEVOLUCAO EQUIP LOJA SAO GONCALO DO AMARANTE;CDL NATAL - LABORATORIO;ALARES LABORATORIO;voluntaria;WIFI 6;1
JUN/2026;18/06/2026;MG;ALARES LOJA;ALARES LOJA;DEVOLUCAO LOJAS ERRO PCS - GMUD;CDL POCOS DE CALDAS - LABORATORIO;ALARES LABORATORIO;Sem.Info;OUTROS;74
JUN/2026;18/06/2026;MG;ALARES LOJA;ALARES LOJA;DEVOLUCAO LOJAS ERRO PCS - GMUD;CDL POCOS DE CALDAS - LABORATORIO;ALARES LABORATORIO;Sem.Info;WIFI 5;73
JUN/2026;18/06/2026;MG;ALARES LOJA;ALARES LOJA;DEVOLUCAO LOJAS ERRO PCS - GMUD;CDL POCOS DE CALDAS - LABORATORIO;ALARES LABORATORIO;voluntaria;OUTROS;2
JUN/2026;18/06/2026;RN;ALARES LOJA;ALARES LOJA;DEVOLUCAO EQUIP LOJA PARNAMIRIM;CDL NATAL - LABORATORIO;ALARES LABORATORIO;voluntaria;WIFI 5;2
JUN/2026;18/06/2026;RN;ALARES LOJA;ALARES LOJA;DEVOLUCAO EQUIP LOJA NATAL;CDL NATAL - LABORATORIO;ALARES LABORATORIO;voluntaria;WIFI 5;4
JUN/2026;18/06/2026;RN;ALARES LOJA;ALARES LOJA;DEVOLUCAO EQUIP LOJA PARNAMIRIM;CDL NATAL - LABORATORIO;ALARES LABORATORIO;voluntaria;WIFI 6;2
JUN/2026;18/06/2026;RN;ALARES LOJA;ALARES LOJA;DEVOLUCAO EQUIP LOJA NATAL;CDL NATAL - LABORATORIO;ALARES LABORATORIO;voluntaria;WIFI 6;7
JUN/2026;18/06/2026;SP-SOC;ALARES LOJA;ALARES LOJA;DEVOLUCAO EQUIP LOJA IBIUNA;CDL ITUPEVA - LABORATORIO;ALARES CDL;Sem.Info;OUTROS;1
JUN/2026;18/06/2026;SP-SOC;ALARES LOJA;ALARES LOJA;DEVOLUCAO EQUIP LOJA IBIUNA;CDL ITUPEVA - LABORATORIO;ALARES CDL;Sem.Info;WIFI 5;1
JUN/2026;18/06/2026;SP-SOC;ALARES LOJA;ALARES LOJA;DEVOLUCAO EQUIP LOJA PIEDADE;CDL ITUPEVA - LABORATORIO;ALARES CDL;Sem.Info;WIFI 5;2
JUN/2026;18/06/2026;SP-SOC;ALARES LOJA;ALARES LOJA;DEVOLUCAO EQUIP LOJA IBIUNA;CDL ITUPEVA - LABORATORIO;ALARES CDL;involuntaria;WIFI 6;1
JUN/2026;18/06/2026;SP-SOC;ALARES LOJA;ALARES LOJA;DEVOLUCAO EQUIP LOJA IBIUNA;CDL ITUPEVA - LABORATORIO;ALARES CDL;voluntaria;WIFI 5;11
JUN/2026;18/06/2026;SP-SOC;ALARES LOJA;ALARES LOJA;DEVOLUCAO EQUIP LOJA PIEDADE;CDL ITUPEVA - LABORATORIO;ALARES CDL;voluntaria;WIFI 5;3
JUN/2026;18/06/2026;SP-SOC;ALARES LOJA;ALARES LOJA;DEVOLUCAO EQUIP LOJA PIEDADE;CDL ITUPEVA - LABORATORIO;ALARES CDL;voluntaria;WIFI 6;1
JUN/2026;18/06/2026;SP-SOC;ALARES LOJA;ALARES LOJA;DEVOLUCAO EQUIP LOJA IBIUNA;CDL ITUPEVA - LABORATORIO;ALARES CDL;voluntaria;WIFI 6;4
JUN/2026;17/06/2026;-;ALARES LOJA;ALARES LOJA;ALARES - BAIXA VIRTUAL;CDL POCOS DE CALDAS - LABORATORIO;ALARES LABORATORIO;Sem.Info;WIFI 5;1
JUN/2026;17/06/2026;CE;ALARES LOJA;ALARES LOJA;CDL FORTALEZA - BAIXA VIRTUAL;CDL FORTALEZA - LABORATORIO;ALARES LABORATORIO;Sem.Info;OUTROS;2
JUN/2026;17/06/2026;CE;REPARO ELETROS;TERCEIROS COLETA;EMP FLA REV REPARO ELETROS JOSE ALVES;CDL FORTALEZA - LABORATORIO;ALARES LABORATORIO;Sem.Info;WIFI 6;1
JUN/2026;17/06/2026;CE;REPARO ELETROS;TERCEIROS COLETA;EMP FLA REV REPARO ELETROS JOSE ALVES;CDL FORTALEZA - LABORATORIO;ALARES LABORATORIO;involuntaria;OUTROS;1
JUN/2026;17/06/2026;CE;REPARO ELETROS;TERCEIROS COLETA;EMP FLA REV REPARO ELETROS JOSE ALVES;CDL FORTALEZA - LABORATORIO;ALARES LABORATORIO;involuntaria;WIFI 5;2
JUN/2026;17/06/2026;CE;REPARO ELETROS;TERCEIROS COLETA;EMP FLA REV REPARO ELETROS JOSE ALVES;CDL FORTALEZA - LABORATORIO;ALARES LABORATORIO;involuntaria;WIFI 6;29
JUN/2026;17/06/2026;CE;REPARO ELETROS;TERCEIROS COLETA;EMP FLA REV REPARO ELETROS JADSON ITALO;CDL FORTALEZA - LABORATORIO;ALARES LABORATORIO;voluntaria;IPTV;17
JUN/2026;17/06/2026;CE;REPARO ELETROS;TERCEIROS COLETA;EMP FLA REV REPARO ELETROS JADSON ITALO;CDL FORTALEZA - LABORATORIO;ALARES LABORATORIO;voluntaria;WIFI 5;26
JUN/2026;17/06/2026;CE;REPARO ELETROS;TERCEIROS COLETA;EMP FLA REV REPARO ELETROS JADSON ITALO;CDL FORTALEZA - LABORATORIO;ALARES LABORATORIO;voluntaria;WIFI 6;28
JUN/2026;17/06/2026;MG;ALARES LOJA;ALARES LOJA;DEVOLUCAO LOJAS ERRO PCS - GMUD;CDL POCOS DE CALDAS - LABORATORIO;ALARES LABORATORIO;Sem.Info;OUTROS;40
JUN/2026;17/06/2026;MG;ALARES LOJA;ALARES LOJA;DEVOLUCAO EQUIP LOJA CALDAS;CDL POCOS DE CALDAS - LABORATORIO;ALARES LABORATORIO;Sem.Info;OUTROS;1
JUN/2026;17/06/2026;MG;ALARES LOJA;ALARES LOJA;DEVOLUCAO EQUIP LOJA ALFENAS;CDL POCOS DE CALDAS - LABORATORIO;ALARES LABORATORIO;Sem.Info;OUTROS;1
JUN/2026;17/06/2026;MG;ALARES LOJA;ALARES LOJA;DEVOLUCAO LOJAS ERRO PCS - GMUD;CDL POCOS DE CALDAS - LABORATORIO;ALARES LABORATORIO;Sem.Info;WIFI 5;25
JUN/2026;17/06/2026;MG;ALARES LOJA;ALARES LOJA;DEVOLUCAO EQUIP LOJA MUZAMBINHO;CDL POCOS DE CALDAS - LABORATORIO;ALARES LABORATORIO;Sem.Info;WIFI 6;1
JUN/2026;17/06/2026;MG;JL - MG;TERCEIROS COLETA;EMP PCS REV JL - ROSELANE FRANCISCA;CDL POCOS DE CALDAS - LABORATORIO;ALARES LABORATORIO;Sem.Info;WIFI 5;1
JUN/2026;17/06/2026;MG;LVMOTOBOY;TERCEIROS COLETA;EMP PCS REV LV MOTOBOY - VANESSA LIMA;CDL POCOS DE CALDAS - LABORATORIO;ALARES LABORATORIO;Sem.Info;WIFI 5;1
JUN/2026;17/06/2026;RN;ALARES LOJA;ALARES LOJA;DEVOLUCAO EQUIP LOJA NATAL;CDL POCOS DE CALDAS - LABORATORIO;ALARES LABORATORIO;Sem.Info;OUTROS;1
JUN/2026;17/06/2026;SP-MOC;ALARES LOJA;ALARES LOJA;ALARES - EQUIPE SAC;CDL OURINHOS - PRINCIPAL;ALARES CDL;Sem.Info;WIFI 5;2
JUN/2026;17/06/2026;SP-MOC;ALARES LOJA;ALARES LOJA;DEVOLUCAO EQUIP LOJA SAO JOAO DA BOA VISTA;CDL POCOS DE CALDAS - LABORATORIO;ALARES LABORATORIO;Sem.Info;OUTROS;1
JUN/2026;17/06/2026;SP-MOC;ALARES LOJA;ALARES LOJA;ALARES - EQUIPE SAC;CDL POCOS DE CALDAS - LABORATORIO;ALARES LABORATORIO;Sem.Info;WIFI 5;1
JUN/2026;17/06/2026;SP-MOC;ALARES LOJA;ALARES LOJA;DEVOLUCAO EQUIP LOJA SAO JOAO DA BOA VISTA;CDL POCOS DE CALDAS - LABORATORIO;ALARES LABORATORIO;Sem.Info;WIFI 6;1
JUN/2026;17/06/2026;SP-MOC;BUENO TELECOM;TERCEIROS COLETA;EMP MGU BUENO RENAN FANIS;CDL POCOS DE CALDAS - LABORATORIO;ALARES LABORATORIO;Sem.Info;WIFI 5;1
JUN/2026;17/06/2026;SP-MOC;T2C SP;TERCEIROS COLETA;T2C CARGO - SP - INATIVO;CDL POCOS DE CALDAS - LABORATORIO;ALARES LABORATORIO;Sem.Info;WIFI 5;1
JUN/2026;17/06/2026;SP-ORN;ALARES LOJA;ALARES LOJA;DEVOLUCAO EQUIP LOJA PRESIDENTE PRUDENTE;CDL OURINHOS - LABORATORIO;ALARES LABORATORIO;Sem.Info;WIFI 5;1
JUN/2026;17/06/2026;SP-SOC;ALARES LOJA;ALARES LOJA;DEVOLUCAO EQUIP LOJA SOROCABA;CDL ITUPEVA - LABORATORIO;ALARES CDL;Sem.Info;WIFI 5;10
JUN/2026;17/06/2026;SP-SOC;ALARES LOJA;ALARES LOJA;DEVOLUCAO EQUIP LOJA SOROCABA;CDL ITUPEVA - LABORATORIO;ALARES CDL;voluntaria;WIFI 5;6
JUN/2026;17/06/2026;SP-SOC;ALARES LOJA;ALARES LOJA;DEVOLUCAO EQUIP LOJA SOROCABA;CDL ITUPEVA - LABORATORIO;ALARES CDL;voluntaria;WIFI 6;6
JUN/2026;16/06/2026;CE;ALARES LOJA;ALARES LOJA;DEVOLUCAO EQUIP LOJA SAO GONCALO DO AMARANTE;CDL NATAL - LABORATORIO;ALARES LABORATORIO;Sem.Info;OUTROS;1
JUN/2026;16/06/2026;CE;ALARES LOJA;ALARES LOJA;DEVOLUCAO EQUIP LOJA SAO GONCALO DO AMARANTE;CDL NATAL - LABORATORIO;ALARES LABORATORIO;Sem.Info;WIFI 5;1
JUN/2026;16/06/2026;CE;ALARES LOJA;ALARES LOJA;DEVOLUCAO EQUIP LOJA SAO GONCALO DO AMARANTE;CDL NATAL - LABORATORIO;ALARES LABORATORIO;voluntaria;WIFI 6;3
JUN/2026;16/06/2026;MG;ALARES LOJA;ALARES LOJA;DEVOLUCAO EQUIP LOJA RIO CLARO;CDL ITUPEVA - LABORATORIO;ALARES CDL;Sem.Info;WIFI 6;4
JUN/2026;16/06/2026;MG;ALARES LOJA;ALARES LOJA;DEVOLUCAO EQUIP LOJA RIO CLARO;CDL ITUPEVA - LABORATORIO;ALARES CDL;involuntaria;WIFI 6;2
JUN/2026;16/06/2026;MG;ALARES LOJA;ALARES LOJA;DEVOLUCAO EQUIP LOJA RIO CLARO;CDL ITUPEVA - LABORATORIO;ALARES CDL;voluntaria;WIFI 6;4
JUN/2026;16/06/2026;MG;ALARES LOJA;ALARES LOJA;DEVOLUCAO EQUIP LOJA GUAXUPE;CDL POCOS DE CALDAS - LABORATORIO;ALARES LABORATORIO;Sem.Info;OUTROS;1
JUN/2026;16/06/2026;MG;ALARES LOJA;ALARES LOJA;DEVOLUCAO EQUIP LOJA SAO LOURENCO;CDL POCOS DE CALDAS - LABORATORIO;ALARES LABORATORIO;Sem.Info;OUTROS;1
JUN/2026;16/06/2026;MG;ALARES LOJA;ALARES LOJA;DEVOLUCAO LOJAS ERRO PCS - GMUD;CDL POCOS DE CALDAS - LABORATORIO;ALARES LABORATORIO;Sem.Info;OUTROS;62
JUN/2026;16/06/2026;MG;ALARES LOJA;ALARES LOJA;DEVOLUCAO LOJAS ERRO PCS - GMUD;CDL POCOS DE CALDAS - LABORATORIO;ALARES LABORATORIO;Sem.Info;WIFI 5;32
JUN/2026;16/06/2026;MG;ALARES LOJA;ALARES LOJA;DEVOLUCAO EQUIP LOJA FAMA;CDL POCOS DE CALDAS - LABORATORIO;ALARES LABORATORIO;Sem.Info;WIFI 6;1
JUN/2026;16/06/2026;MG;ALARES LOJA;ALARES LOJA;DEVOLUCAO EQUIP LOJA GUAXUPE;CDL POCOS DE CALDAS - LABORATORIO;ALARES LABORATORIO;Sem.Info;WIFI 6;1
JUN/2026;16/06/2026;MG;ALARES LOJA;ALARES LOJA;DEVOLUCAO EQUIP LOJA NOVA RESENDE;CDL POCOS DE CALDAS - LABORATORIO;ALARES LABORATORIO;voluntaria;WIFI 5;2
JUN/2026;16/06/2026;MG;ALARES LOJA;ALARES LOJA;DEVOLUCAO EQUIP LOJA BOTELHOS;CDL POCOS DE CALDAS - LABORATORIO;ALARES LABORATORIO;voluntaria;WIFI 5;1
JUN/2026;16/06/2026;PB;ALARES LOJA;ALARES LOJA;DEVOLUCAO EQUIP LOJA JOAO PESSOA;CDL NATAL - LABORATORIO;ALARES LABORATORIO;Sem.Info;WIFI 5;1
JUN/2026;16/06/2026;RN;ALARES LOJA;ALARES LOJA;DEVOLUCAO EQUIP LOJA NATAL;CDL NATAL - LABORATORIO;ALARES LABORATORIO;Sem.Info;OUTROS;10
JUN/2026;16/06/2026;RN;ALARES LOJA;ALARES LOJA;DEVOLUCAO EQUIP LOJA NATAL;CDL NATAL - LABORATORIO;ALARES LABORATORIO;Sem.Info;WIFI 5;11
JUN/2026;16/06/2026;RN;ALARES LOJA;ALARES LOJA;DEVOLUCAO EQUIP LOJA PARNAMIRIM;CDL NATAL - LABORATORIO;ALARES LABORATORIO;Sem.Info;WIFI 5;5
JUN/2026;16/06/2026;RN;ALARES LOJA;ALARES LOJA;DEVOLUCAO EQUIP LOJA NATAL;CDL NATAL - LABORATORIO;ALARES LABORATORIO;voluntaria;IPTV;4
JUN/2026;16/06/2026;RN;ALARES LOJA;ALARES LOJA;DEVOLUCAO EQUIP LOJA PARNAMIRIM;CDL NATAL - LABORATORIO;ALARES LABORATORIO;voluntaria;IPTV;5
JUN/2026;16/06/2026;RN;ALARES LOJA;ALARES LOJA;DEVOLUCAO EQUIP LOJA NATAL;CDL NATAL - LABORATORIO;ALARES LABORATORIO;voluntaria;OUTROS;3
JUN/2026;16/06/2026;RN;ALARES LOJA;ALARES LOJA;DEVOLUCAO EQUIP LOJA PARNAMIRIM;CDL NATAL - LABORATORIO;ALARES LABORATORIO;voluntaria;WIFI 5;5
JUN/2026;16/06/2026;RN;ALARES LOJA;ALARES LOJA;DEVOLUCAO EQUIP LOJA NISIA FLORESTA;CDL NATAL - LABORATORIO;ALARES LABORATORIO;voluntaria;WIFI 5;2
JUN/2026;16/06/2026;RN;ALARES LOJA;ALARES LOJA;DEVOLUCAO EQUIP LOJA GOIANINHA;CDL NATAL - LABORATORIO;ALARES LABORATORIO;voluntaria;WIFI 5;1
JUN/2026;16/06/2026;RN;ALARES LOJA;ALARES LOJA;DEVOLUCAO EQUIP LOJA NATAL;CDL NATAL - LABORATORIO;ALARES LABORATORIO;voluntaria;WIFI 5;19
JUN/2026;16/06/2026;RN;ALARES LOJA;ALARES LOJA;DEVOLUCAO EQUIP LOJA NATAL;CDL NATAL - LABORATORIO;ALARES LABORATORIO;voluntaria;WIFI 6;19
JUN/2026;16/06/2026;RN;ALARES LOJA;ALARES LOJA;DEVOLUCAO EQUIP LOJA PARNAMIRIM;CDL NATAL - LABORATORIO;ALARES LABORATORIO;voluntaria;WIFI 6;7
JUN/2026;16/06/2026;RN;NDR;TERCEIROS COLETA;EMP NTL REV NDR - PRINCIPAL;CDL NATAL - LABORATORIO;ALARES LABORATORIO;Sem.Info;WIFI 5;4
JUN/2026;16/06/2026;RN;NDR;TERCEIROS COLETA;EMP NTL REV NDR - PRINCIPAL;CDL NATAL - LABORATORIO;ALARES LABORATORIO;Sem.Info;WIFI 6;1
JUN/2026;16/06/2026;RN;NDR;TERCEIROS COLETA;EMP NTL REV NDR - PRINCIPAL;CDL NATAL - LABORATORIO;ALARES LABORATORIO;involuntaria;OUTROS;4
JUN/2026;16/06/2026;RN;NDR;TERCEIROS COLETA;EMP NTL REV NDR - PRINCIPAL;CDL NATAL - LABORATORIO;ALARES LABORATORIO;involuntaria;WIFI 5;40
JUN/2026;16/06/2026;RN;NDR;TERCEIROS COLETA;EMP NTL REV NDR - PRINCIPAL;CDL NATAL - LABORATORIO;ALARES LABORATORIO;involuntaria;WIFI 6;42
JUN/2026;16/06/2026;RN;NDR;TERCEIROS COLETA;EMP NTL REV NDR - PRINCIPAL;CDL NATAL - LABORATORIO;ALARES LABORATORIO;voluntaria;IPTV;32
JUN/2026;16/06/2026;RN;NDR;TERCEIROS COLETA;EMP NTL REV NDR - PRINCIPAL;CDL NATAL - LABORATORIO;ALARES LABORATORIO;voluntaria;OUTROS;16
JUN/2026;16/06/2026;RN;NDR;TERCEIROS COLETA;EMP NTL REV NDR - PRINCIPAL;CDL NATAL - LABORATORIO;ALARES LABORATORIO;voluntaria;WIFI 5;81
JUN/2026;16/06/2026;RN;NDR;TERCEIROS COLETA;EMP NTL REV NDR - PRINCIPAL;CDL NATAL - LABORATORIO;ALARES LABORATORIO;voluntaria;WIFI 6;94
JUN/2026;16/06/2026;SP-ITV;ALARES LOJA;ALARES LOJA;DEVOLUCAO LOJAS ERRO ITUPEVA - GMUD;CDL ITUPEVA - LABORATORIO;ALARES CDL;Sem.Info;WIFI 5;1
JUN/2026;16/06/2026;SP-ITV;ALARES LOJA;ALARES LOJA;DEVOLUCAO LOJAS ERRO ITUPEVA - GMUD;CDL ITUPEVA - PRINCIPAL;ALARES CDL;Sem.Info;OUTROS;5
JUN/2026;16/06/2026;SP-ITV;ALARES LOJA;ALARES LOJA;DEVOLUCAO LOJAS ERRO ITUPEVA - GMUD;CDL ITUPEVA - PRINCIPAL;ALARES CDL;Sem.Info;WIFI 5;4
JUN/2026;16/06/2026;SP-MOC;ALARES LOJA;ALARES LOJA;DEVOLUCAO EQUIP LOJA LIMEIRA;CDL ITUPEVA - LABORATORIO;ALARES CDL;involuntaria;WIFI 6;1
JUN/2026;16/06/2026;SP-MOC;ALARES LOJA;ALARES LOJA;DEVOLUCAO EQUIP LOJA LIMEIRA;CDL ITUPEVA - LABORATORIO;ALARES CDL;voluntaria;WIFI 5;1
JUN/2026;16/06/2026;SP-MOC;ALARES LOJA;ALARES LOJA;DEVOLUCAO EQUIP LOJA ARARAS;CDL ITUPEVA - LABORATORIO;ALARES CDL;voluntaria;WIFI 5;1
JUN/2026;16/06/2026;SP-MOC;ALARES LOJA;ALARES LOJA;DEVOLUCAO EQUIP LOJA ARARAS;CDL ITUPEVA - LABORATORIO;ALARES CDL;voluntaria;WIFI 6;20
JUN/2026;16/06/2026;SP-MOC;ALARES LOJA;ALARES LOJA;DEVOLUCAO EQUIP LOJA LIMEIRA;CDL ITUPEVA - LABORATORIO;ALARES CDL;voluntaria;WIFI 6;3
JUN/2026;16/06/2026;SP-ORN;ALARES LOJA;ALARES LOJA;DEVOLUCAO EQUIP LOJA OURINHOS;CDL OURINHOS - LABORATORIO;ALARES LABORATORIO;voluntaria;WIFI 5;1
JUN/2026;16/06/2026;SP-ORN;JOAO MANTOAN;TERCEIROS COLETA;EMP ORN REV JM - JOAO MANTOAN;CDL ITUPEVA - LABORATORIO;ALARES CDL;Sem.Info;OUTROS;4
JUN/2026;16/06/2026;SP-ORN;JOAO MANTOAN;TERCEIROS COLETA;EMP ORN REV JM - JOAO MANTOAN;CDL ITUPEVA - LABORATORIO;ALARES CDL;Sem.Info;WIFI 5;14
JUN/2026;16/06/2026;SP-ORN;JOAO MANTOAN;TERCEIROS COLETA;EMP ORN REV JM - JOAO MANTOAN;CDL ITUPEVA - LABORATORIO;ALARES CDL;Sem.Info;WIFI 6;2
JUN/2026;16/06/2026;SP-ORN;JOAO MANTOAN;TERCEIROS COLETA;EMP ORN REV JM - JOAO MANTOAN;CDL ITUPEVA - LABORATORIO;ALARES CDL;involuntaria;WIFI 5;4
JUN/2026;16/06/2026;SP-ORN;JOAO MANTOAN;TERCEIROS COLETA;EMP ORN REV JM - JOAO MANTOAN;CDL ITUPEVA - LABORATORIO;ALARES CDL;involuntaria;WIFI 6;5
JUN/2026;16/06/2026;SP-ORN;JOAO MANTOAN;TERCEIROS COLETA;EMP ORN REV JM - JOAO MANTOAN;CDL ITUPEVA - LABORATORIO;ALARES CDL;voluntaria;WIFI 5;19
JUN/2026;16/06/2026;SP-ORN;JOAO MANTOAN;TERCEIROS COLETA;EMP ORN REV JM - JOAO MANTOAN;CDL ITUPEVA - LABORATORIO;ALARES CDL;voluntaria;WIFI 6;13
JUN/2026;15/06/2026;MG;ALARES LOJA;ALARES LOJA;DEVOLUCAO LOJAS ERRO PCS - GMUD;CDL POCOS DE CALDAS - LABORATORIO;ALARES LABORATORIO;Sem.Info;OUTROS;13
JUN/2026;15/06/2026;MG;ALARES LOJA;ALARES LOJA;DEVOLUCAO LOJAS ERRO PCS - GMUD;CDL POCOS DE CALDAS - LABORATORIO;ALARES LABORATORIO;Sem.Info;WIFI 5;3
JUN/2026;15/06/2026;MG;ALARES LOJA;ALARES LOJA;DEVOLUCAO EQUIP LOJA POUSO ALEGRE;CDL POCOS DE CALDAS - LABORATORIO;ALARES LABORATORIO;Sem.Info;WIFI 5;1
JUN/2026;15/06/2026;SP-ITV;ALARES LOJA;ALARES LOJA;DEVOLUCAO EQUIP LOJA ITUPEVA;CDL ITUPEVA - LABORATORIO;ALARES CDL;involuntaria;WIFI 5;1
JUN/2026;15/06/2026;SP-ITV;ALARES LOJA;ALARES LOJA;DEVOLUCAO EQUIP LOJA ITUPEVA;CDL ITUPEVA - LABORATORIO;ALARES CDL;voluntaria;WIFI 5;2
JUN/2026;15/06/2026;SP-ITV;ALARES LOJA;ALARES LOJA;DEVOLUCAO EQUIP LOJA ITUPEVA;CDL ITUPEVA - LABORATORIO;ALARES CDL;voluntaria;WIFI 6;2
JUN/2026;15/06/2026;SP-MOC;ALARES LOJA;ALARES LOJA;DEVOLUCAO EQUIP LOJA SAO JOAO DA BOA VISTA;CDL POCOS DE CALDAS - LABORATORIO;ALARES LABORATORIO;Sem.Info;OUTROS;1
JUN/2026;15/06/2026;SP-ORN;ALARES LOJA;ALARES LOJA;DEVOLUCAO EQUIP LOJA TUPA;CDL OURINHOS - LABORATORIO;ALARES LABORATORIO;Sem.Info;WIFI 5;1
JUN/2026;15/06/2026;SP-ORN;ALARES LOJA;ALARES LOJA;DEVOLUCAO EQUIP LOJA OURINHOS;CDL OURINHOS - LABORATORIO;ALARES LABORATORIO;Sem.Info;WIFI 5;1
JUN/2026;15/06/2026;SP-ORN;ALARES LOJA;ALARES LOJA;DEVOLUCAO EQUIP LOJA ITAPEVA;CDL OURINHOS - LABORATORIO;ALARES LABORATORIO;voluntaria;WIFI 5;1
JUN/2026;15/06/2026;SP-ORN;ALARES LOJA;ALARES LOJA;DEVOLUCAO EQUIP LOJA ITAPEVA;CDL OURINHOS - LABORATORIO;ALARES LABORATORIO;voluntaria;WIFI 6;1
JUN/2026;15/06/2026;SP-ORN;JOAO MANTOAN;TERCEIROS COLETA;EMP ORN REV JM - JOAO MANTOAN;CDL OURINHOS - PRINCIPAL;ALARES CDL;Sem.Info;WIFI 5;1
JUN/2026;15/06/2026;SP-SOC;ALARES LOJA;ALARES LOJA;DEVOLUCAO EQUIP LOJA LOUVEIRA;CDL ITUPEVA - LABORATORIO;ALARES CDL;Sem.Info;WIFI 6;1
JUN/2026;15/06/2026;SP-SOC;ALARES LOJA;ALARES LOJA;DEVOLUCAO EQUIP LOJA LOUVEIRA;CDL ITUPEVA - LABORATORIO;ALARES CDL;voluntaria;WIFI 5;1
JUN/2026;12/06/2026;CE;OMEGA;TERCEIROS COLETA;EMP FLA REV OMEGA MARCOS GOMES;CDL FORTALEZA - LABORATORIO;ALARES LABORATORIO;Sem.Info;OUTROS;16
JUN/2026;12/06/2026;CE;OMEGA;TERCEIROS COLETA;EMP FLA REV OMEGA MARCOS GOMES;CDL FORTALEZA - LABORATORIO;ALARES LABORATORIO;Sem.Info;WIFI 5;7
JUN/2026;12/06/2026;CE;OMEGA;TERCEIROS COLETA;EMP FLA REV OMEGA MARCOS GOMES;CDL FORTALEZA - LABORATORIO;ALARES LABORATORIO;involuntaria;OUTROS;7
JUN/2026;12/06/2026;CE;OMEGA;TERCEIROS COLETA;EMP FLA REV OMEGA MARCOS GOMES;CDL FORTALEZA - LABORATORIO;ALARES LABORATORIO;involuntaria;WIFI 5;8
JUN/2026;12/06/2026;CE;OMEGA;TERCEIROS COLETA;EMP FLA REV OMEGA MARCOS GOMES;CDL FORTALEZA - LABORATORIO;ALARES LABORATORIO;involuntaria;WIFI 6;11
JUN/2026;12/06/2026;CE;OMEGA;TERCEIROS COLETA;EMP FLA REV OMEGA MARCOS GOMES;CDL FORTALEZA - LABORATORIO;ALARES LABORATORIO;voluntaria;IPTV;3
JUN/2026;12/06/2026;CE;OMEGA;TERCEIROS COLETA;EMP FLA REV OMEGA MARCOS GOMES;CDL FORTALEZA - LABORATORIO;ALARES LABORATORIO;voluntaria;OUTROS;40
JUN/2026;12/06/2026;CE;OMEGA;TERCEIROS COLETA;EMP FLA REV OMEGA MARCOS GOMES;CDL FORTALEZA - LABORATORIO;ALARES LABORATORIO;voluntaria;WIFI 5;82
JUN/2026;12/06/2026;CE;OMEGA;TERCEIROS COLETA;EMP FLA REV OMEGA MARCOS GOMES;CDL FORTALEZA - LABORATORIO;ALARES LABORATORIO;voluntaria;WIFI 6;78
JUN/2026;12/06/2026;PB;DEBORAH BRUNA;TERCEIROS COLETA;EMP JPA REV DB - DEBORAH BRUNA;CDL JOAO PESSOA - LABORATORIO;ALARES LABORATORIO;Sem.Info;WIFI 5;1
JUN/2026;12/06/2026;PB;DEBORAH BRUNA;TERCEIROS COLETA;EMP JPA REV DB - DEBORAH BRUNA;CDL JOAO PESSOA - LABORATORIO;ALARES LABORATORIO;Sem.Info;WIFI 6;1
JUN/2026;12/06/2026;PB;DEBORAH BRUNA;TERCEIROS COLETA;EMP JPA REV DB - DEBORAH BRUNA;CDL JOAO PESSOA - LABORATORIO;ALARES LABORATORIO;involuntaria;OUTROS;1
JUN/2026;12/06/2026;PB;DEBORAH BRUNA;TERCEIROS COLETA;EMP JPA REV DB - DEBORAH BRUNA;CDL JOAO PESSOA - LABORATORIO;ALARES LABORATORIO;involuntaria;WIFI 5;2
JUN/2026;12/06/2026;PB;DEBORAH BRUNA;TERCEIROS COLETA;EMP JPA REV DB - DEBORAH BRUNA;CDL JOAO PESSOA - LABORATORIO;ALARES LABORATORIO;involuntaria;WIFI 6;5
JUN/2026;12/06/2026;PB;DEBORAH BRUNA;TERCEIROS COLETA;EMP JPA REV DB - DEBORAH BRUNA;CDL JOAO PESSOA - LABORATORIO;ALARES LABORATORIO;voluntaria;OUTROS;1
JUN/2026;12/06/2026;PB;DEBORAH BRUNA;TERCEIROS COLETA;EMP JPA REV DB - DEBORAH BRUNA;CDL JOAO PESSOA - LABORATORIO;ALARES LABORATORIO;voluntaria;WIFI 5;10
JUN/2026;12/06/2026;PB;DEBORAH BRUNA;TERCEIROS COLETA;EMP JPA REV DB - DEBORAH BRUNA;CDL JOAO PESSOA - LABORATORIO;ALARES LABORATORIO;voluntaria;WIFI 6;20
JUN/2026;12/06/2026;RN;ALARES LOJA;ALARES LOJA;DEVOLUCAO EQUIP LOJA TIBAU DO SUL;CDL NATAL - LABORATORIO;ALARES LABORATORIO;Sem.Info;WIFI 5;2
JUN/2026;12/06/2026;RN;ALARES LOJA;ALARES LOJA;DEVOLUCAO EQUIP LOJA TIBAU DO SUL;CDL NATAL - LABORATORIO;ALARES LABORATORIO;voluntaria;WIFI 5;14
JUN/2026;12/06/2026;RN;ALARES LOJA;ALARES LOJA;DEVOLUCAO EQUIP LOJA GOIANINHA;CDL NATAL - LABORATORIO;ALARES LABORATORIO;voluntaria;WIFI 5;6
JUN/2026;12/06/2026;RN;ALARES LOJA;ALARES LOJA;DEVOLUCAO EQUIP LOJA TIBAU DO SUL;CDL NATAL - LABORATORIO;ALARES LABORATORIO;voluntaria;WIFI 6;2
JUN/2026;12/06/2026;RN;ALARES LOJA;ALARES LOJA;DEVOLUCAO EQUIP LOJA GOIANINHA;CDL NATAL - LABORATORIO;ALARES LABORATORIO;voluntaria;WIFI 6;1
JUN/2026;12/06/2026;RN;NDR;TERCEIROS COLETA;EMP NTL REV NDR - PRINCIPAL;CDL NATAL - LABORATORIO;ALARES LABORATORIO;Sem.Info;WIFI 5;3
JUN/2026;12/06/2026;RN;NDR;TERCEIROS COLETA;EMP NTL REV NDR - PRINCIPAL;CDL NATAL - LABORATORIO;ALARES LABORATORIO;involuntaria;OUTROS;6
JUN/2026;12/06/2026;RN;NDR;TERCEIROS COLETA;EMP NTL REV NDR - PRINCIPAL;CDL NATAL - LABORATORIO;ALARES LABORATORIO;involuntaria;WIFI 5;52
JUN/2026;12/06/2026;RN;NDR;TERCEIROS COLETA;EMP NTL REV NDR - PRINCIPAL;CDL NATAL - LABORATORIO;ALARES LABORATORIO;involuntaria;WIFI 6;56
JUN/2026;12/06/2026;RN;NDR;TERCEIROS COLETA;EMP NTL REV NDR - PRINCIPAL;CDL NATAL - LABORATORIO;ALARES LABORATORIO;voluntaria;IPTV;25
JUN/2026;12/06/2026;RN;NDR;TERCEIROS COLETA;EMP NTL REV NDR - PRINCIPAL;CDL NATAL - LABORATORIO;ALARES LABORATORIO;voluntaria;OUTROS;9
JUN/2026;12/06/2026;RN;NDR;TERCEIROS COLETA;EMP NTL REV NDR - PRINCIPAL;CDL NATAL - LABORATORIO;ALARES LABORATORIO;voluntaria;WIFI 5;67
JUN/2026;12/06/2026;RN;NDR;TERCEIROS COLETA;EMP NTL REV NDR - PRINCIPAL;CDL NATAL - LABORATORIO;ALARES LABORATORIO;voluntaria;WIFI 6;88
JUN/2026;12/06/2026;SP-ITV;ALARES LOJA;ALARES LOJA;DEVOLUCAO LOJAS ERRO ITUPEVA - GMUD;CDL ITUPEVA - LABORATORIO;ALARES CDL;Sem.Info;WIFI 5;20
JUN/2026;12/06/2026;SP-MOC;ALARES LOJA;ALARES LOJA;DEVOLUCAO EQUIP LOJA MOGI GUACU;CDL ITUPEVA - LABORATORIO;ALARES CDL;Sem.Info;WIFI 6;1
JUN/2026;12/06/2026;SP-ORN;TELECOM;TERCEIROS COLETA;EMP ORN REV TELECOM - FERNANDA SOARES;CDL OURINHOS - LABORATORIO;ALARES LABORATORIO;Sem.Info;WIFI 5;1
JUN/2026;12/06/2026;SP-ORN;TELECOM;TERCEIROS COLETA;EMP ORN REV TELECOM - FERNANDA SOARES;CDL OURINHOS - LABORATORIO;ALARES LABORATORIO;involuntaria;OUTROS;8
JUN/2026;12/06/2026;SP-ORN;TELECOM;TERCEIROS COLETA;EMP ORN REV TELECOM - FERNANDA SOARES;CDL OURINHOS - LABORATORIO;ALARES LABORATORIO;involuntaria;WIFI 5;82
JUN/2026;12/06/2026;SP-ORN;TELECOM;TERCEIROS COLETA;EMP ORN REV TELECOM - FERNANDA SOARES;CDL OURINHOS - LABORATORIO;ALARES LABORATORIO;involuntaria;WIFI 6;56
JUN/2026;12/06/2026;SP-ORN;TELECOM;TERCEIROS COLETA;EMP ORN REV TELECOM - FERNANDA SOARES;CDL OURINHOS - LABORATORIO;ALARES LABORATORIO;voluntaria;OUTROS;32
JUN/2026;12/06/2026;SP-ORN;TELECOM;TERCEIROS COLETA;EMP ORN REV TELECOM - FERNANDA SOARES;CDL OURINHOS - LABORATORIO;ALARES LABORATORIO;voluntaria;WIFI 5;134
JUN/2026;12/06/2026;SP-ORN;TELECOM;TERCEIROS COLETA;EMP ORN REV TELECOM - FERNANDA SOARES;CDL OURINHOS - LABORATORIO;ALARES LABORATORIO;voluntaria;WIFI 6;60
JUN/2026;12/06/2026;SP-SOC;MAXPLAY;TERCEIROS COLETA;EMP MGU MAXPLAY HYRAN MARTINS;CDL ITUPEVA - LABORATORIO;ALARES CDL;involuntaria;OUTROS;1
JUN/2026;12/06/2026;SP-SOC;MAXPLAY;TERCEIROS COLETA;EMP MGU MAXPLAY HYRAN MARTINS;CDL ITUPEVA - LABORATORIO;ALARES CDL;involuntaria;WIFI 5;1
JUN/2026;12/06/2026;SP-SOC;MAXPLAY;TERCEIROS COLETA;EMP MGU MAXPLAY HYRAN MARTINS;CDL ITUPEVA - LABORATORIO;ALARES CDL;involuntaria;WIFI 6;16
JUN/2026;12/06/2026;SP-SOC;MAXPLAY;TERCEIROS COLETA;EMP MGU MAXPLAY HYRAN MARTINS;CDL ITUPEVA - LABORATORIO;ALARES CDL;voluntaria;OUTROS;1
JUN/2026;12/06/2026;SP-SOC;MAXPLAY;TERCEIROS COLETA;EMP MGU MAXPLAY HYRAN MARTINS;CDL ITUPEVA - LABORATORIO;ALARES CDL;voluntaria;WIFI 5;6
JUN/2026;12/06/2026;SP-SOC;MAXPLAY;TERCEIROS COLETA;EMP MGU MAXPLAY HYRAN MARTINS;CDL ITUPEVA - LABORATORIO;ALARES CDL;voluntaria;WIFI 6;38
JUN/2026;11/06/2026;-;ALARES LOJA;ALARES LOJA;ALARES - BAIXA VIRTUAL;CDL NATAL - LABORATORIO;ALARES LABORATORIO;Sem.Info;WIFI 5;1
JUN/2026;11/06/2026;BA;DEROYQUE;TERCEIROS COLETA;EMP PCS REV DEROYQUE - PRINCIPAL;CDL PORTO E EUNAPOLIS - LABORATORIO;ALARES LABORATORIO;involuntaria;WIFI 5;2
JUN/2026;11/06/2026;BA;DEROYQUE;TERCEIROS COLETA;EMP PCS REV DEROYQUE - PRINCIPAL;CDL PORTO E EUNAPOLIS - LABORATORIO;ALARES LABORATORIO;voluntaria;WIFI 6;1
JUN/2026;11/06/2026;CE;ALARES LOJA;ALARES LOJA;DEVOLUCAO EQUIP LOJA FORTALEZA;CDL FORTALEZA - LABORATORIO;ALARES LABORATORIO;Sem.Info;OUTROS;4
JUN/2026;11/06/2026;CE;ALARES LOJA;ALARES LOJA;DEVOLUCAO EQUIP LOJA FORTALEZA;CDL FORTALEZA - LABORATORIO;ALARES LABORATORIO;Sem.Info;WIFI 5;2
JUN/2026;11/06/2026;CE;ALARES LOJA;ALARES LOJA;DEVOLUCAO EQUIP LOJA FORTALEZA;CDL FORTALEZA - LABORATORIO;ALARES LABORATORIO;Sem.Info;WIFI 6;1
JUN/2026;11/06/2026;CE;ALARES LOJA;ALARES LOJA;DEVOLUCAO EQUIP LOJA FORTALEZA;CDL FORTALEZA - LABORATORIO;ALARES LABORATORIO;involuntaria;WIFI 5;2
JUN/2026;11/06/2026;CE;ALARES LOJA;ALARES LOJA;DEVOLUCAO EQUIP LOJA FORTALEZA;CDL FORTALEZA - LABORATORIO;ALARES LABORATORIO;involuntaria;WIFI 6;1
JUN/2026;11/06/2026;CE;ALARES LOJA;ALARES LOJA;DEVOLUCAO EQUIP LOJA FORTALEZA;CDL FORTALEZA - LABORATORIO;ALARES LABORATORIO;voluntaria;IPTV;13
JUN/2026;11/06/2026;CE;ALARES LOJA;ALARES LOJA;DEVOLUCAO EQUIP LOJA FORTALEZA;CDL FORTALEZA - LABORATORIO;ALARES LABORATORIO;voluntaria;OUTROS;1
JUN/2026;11/06/2026;CE;ALARES LOJA;ALARES LOJA;DEVOLUCAO EQUIP LOJA FORTALEZA;CDL FORTALEZA - LABORATORIO;ALARES LABORATORIO;voluntaria;WIFI 5;20
JUN/2026;11/06/2026;CE;ALARES LOJA;ALARES LOJA;DEVOLUCAO EQUIP LOJA FORTALEZA;CDL FORTALEZA - LABORATORIO;ALARES LABORATORIO;voluntaria;WIFI 6;20
JUN/2026;11/06/2026;CE;ALARES LOJA;ALARES LOJA;DEVOLUCAO EQUIP LOJA SAO GONCALO DO AMARANTE;CDL NATAL - LABORATORIO;ALARES LABORATORIO;voluntaria;WIFI 6;2
JUN/2026;11/06/2026;RN;ALARES LOJA;ALARES LOJA;DEVOLUCAO EQUIP LOJA NATAL;CDL NATAL - LABORATORIO;ALARES LABORATORIO;Sem.Info;OUTROS;1
JUN/2026;11/06/2026;RN;ALARES LOJA;ALARES LOJA;DEVOLUCAO EQUIP LOJA SAO JOSE DE MIPIBU;CDL NATAL - LABORATORIO;ALARES LABORATORIO;Sem.Info;WIFI 5;1
JUN/2026;11/06/2026;RN;ALARES LOJA;ALARES LOJA;DEVOLUCAO EQUIP LOJA NISIA FLORESTA;CDL NATAL - LABORATORIO;ALARES LABORATORIO;Sem.Info;WIFI 5;2
JUN/2026;11/06/2026;RN;ALARES LOJA;ALARES LOJA;DEVOLUCAO EQUIP LOJA NATAL;CDL NATAL - LABORATORIO;ALARES LABORATORIO;Sem.Info;WIFI 5;2
JUN/2026;11/06/2026;RN;ALARES LOJA;ALARES LOJA;DEVOLUCAO EQUIP LOJA NATAL;CDL NATAL - LABORATORIO;ALARES LABORATORIO;Sem.Info;WIFI 6;1
JUN/2026;11/06/2026;RN;ALARES LOJA;ALARES LOJA;DEVOLUCAO EQUIP LOJA SAO JOSE DE MIPIBU;CDL NATAL - LABORATORIO;ALARES LABORATORIO;involuntaria;OUTROS;1
JUN/2026;11/06/2026;RN;ALARES LOJA;ALARES LOJA;DEVOLUCAO EQUIP LOJA SAO JOSE DE MIPIBU;CDL NATAL - LABORATORIO;ALARES LABORATORIO;involuntaria;WIFI 5;2
JUN/2026;11/06/2026;RN;ALARES LOJA;ALARES LOJA;DEVOLUCAO EQUIP LOJA SAO JOSE DE MIPIBU;CDL NATAL - LABORATORIO;ALARES LABORATORIO;involuntaria;WIFI 6;1
JUN/2026;11/06/2026;RN;ALARES LOJA;ALARES LOJA;DEVOLUCAO EQUIP LOJA NATAL;CDL NATAL - LABORATORIO;ALARES LABORATORIO;voluntaria;IPTV;2
JUN/2026;11/06/2026;RN;ALARES LOJA;ALARES LOJA;DEVOLUCAO EQUIP LOJA PARNAMIRIM;CDL NATAL - LABORATORIO;ALARES LABORATORIO;voluntaria;IPTV;1
JUN/2026;11/06/2026;RN;ALARES LOJA;ALARES LOJA;DEVOLUCAO EQUIP LOJA SAO JOSE DE MIPIBU;CDL NATAL - LABORATORIO;ALARES LABORATORIO;voluntaria;OUTROS;1
JUN/2026;11/06/2026;RN;ALARES LOJA;ALARES LOJA;DEVOLUCAO EQUIP LOJA NATAL;CDL NATAL - LABORATORIO;ALARES LABORATORIO;voluntaria;WIFI 5;5
JUN/2026;11/06/2026;RN;ALARES LOJA;ALARES LOJA;DEVOLUCAO EQUIP LOJA PARNAMIRIM;CDL NATAL - LABORATORIO;ALARES LABORATORIO;voluntaria;WIFI 5;1
JUN/2026;11/06/2026;RN;ALARES LOJA;ALARES LOJA;DEVOLUCAO EQUIP LOJA SAO JOSE DE MIPIBU;CDL NATAL - LABORATORIO;ALARES LABORATORIO;voluntaria;WIFI 5;4
JUN/2026;11/06/2026;RN;ALARES LOJA;ALARES LOJA;DEVOLUCAO EQUIP LOJA NISIA FLORESTA;CDL NATAL - LABORATORIO;ALARES LABORATORIO;voluntaria;WIFI 5;2
JUN/2026;11/06/2026;RN;ALARES LOJA;ALARES LOJA;DEVOLUCAO EQUIP LOJA SAO JOSE DE MIPIBU;CDL NATAL - LABORATORIO;ALARES LABORATORIO;voluntaria;WIFI 6;2
JUN/2026;11/06/2026;RN;ALARES LOJA;ALARES LOJA;DEVOLUCAO EQUIP LOJA NATAL;CDL NATAL - LABORATORIO;ALARES LABORATORIO;voluntaria;WIFI 6;6
JUN/2026;11/06/2026;RN;ALARES LOJA;ALARES LOJA;DEVOLUCAO EQUIP LOJA PARNAMIRIM;CDL NATAL - LABORATORIO;ALARES LABORATORIO;voluntaria;WIFI 6;3
JUN/2026;11/06/2026;SP-ITV;ALARES LOJA;ALARES LOJA;DEVOLUCAO LOJAS ERRO ITUPEVA - GMUD;CDL ITUPEVA - LABORATORIO;ALARES CDL;Sem.Info;WIFI 5;16
JUN/2026;11/06/2026;SP-ITV;ALARES LOJA;ALARES LOJA;DEVOLUCAO LOJAS ERRO ITUPEVA - GMUD;CDL ITUPEVA - LABORATORIO;ALARES CDL;Sem.Info;WIFI 6;5
JUN/2026;11/06/2026;SP-ORN;ALARES LOJA;ALARES LOJA;DEVOLUCAO EQUIP LOJA OURINHOS;CDL OURINHOS - LABORATORIO;ALARES LABORATORIO;Sem.Info;WIFI 6;1
JUN/2026;11/06/2026;SP-ORN;JOAO MANTOAN;TERCEIROS COLETA;EMP ORN REV JM - JOAO MANTOAN;CDL OURINHOS - LABORATORIO;ALARES LABORATORIO;Sem.Info;OUTROS;1
JUN/2026;11/06/2026;SP-ORN;JOAO MANTOAN;TERCEIROS COLETA;EMP ORN REV JM - JOAO MANTOAN;CDL OURINHOS - LABORATORIO;ALARES LABORATORIO;Sem.Info;WIFI 5;1
JUN/2026;11/06/2026;SP-ORN;JOAO MANTOAN;TERCEIROS COLETA;EMP ORN REV JM - JOAO MANTOAN;CDL OURINHOS - LABORATORIO;ALARES LABORATORIO;involuntaria;OUTROS;16
JUN/2026;11/06/2026;SP-ORN;JOAO MANTOAN;TERCEIROS COLETA;EMP ORN REV JM - JOAO MANTOAN;CDL OURINHOS - LABORATORIO;ALARES LABORATORIO;involuntaria;WIFI 5;36
JUN/2026;11/06/2026;SP-ORN;JOAO MANTOAN;TERCEIROS COLETA;EMP ORN REV JM - JOAO MANTOAN;CDL OURINHOS - LABORATORIO;ALARES LABORATORIO;involuntaria;WIFI 6;28
JUN/2026;11/06/2026;SP-ORN;JOAO MANTOAN;TERCEIROS COLETA;EMP ORN REV JM - JOAO MANTOAN;CDL OURINHOS - LABORATORIO;ALARES LABORATORIO;voluntaria;OUTROS;20
JUN/2026;11/06/2026;SP-ORN;JOAO MANTOAN;TERCEIROS COLETA;EMP ORN REV JM - JOAO MANTOAN;CDL OURINHOS - LABORATORIO;ALARES LABORATORIO;voluntaria;WIFI 5;80
JUN/2026;11/06/2026;SP-ORN;JOAO MANTOAN;TERCEIROS COLETA;EMP ORN REV JM - JOAO MANTOAN;CDL OURINHOS - LABORATORIO;ALARES LABORATORIO;voluntaria;WIFI 6;32
JUN/2026;10/06/2026;BA;ALARES LOJA;ALARES LOJA;DEVOLUCAO EQUIP LOJA PORTO SEGURO;CDL PORTO E EUNAPOLIS - LABORATORIO;ALARES LABORATORIO;Sem.Info;OUTROS;2
JUN/2026;10/06/2026;BA;ALARES LOJA;ALARES LOJA;DEVOLUCAO EQUIP LOJA PORTO SEGURO;CDL PORTO E EUNAPOLIS - LABORATORIO;ALARES LABORATORIO;Sem.Info;WIFI 5;3
JUN/2026;10/06/2026;BA;ALARES LOJA;ALARES LOJA;DEVOLUCAO EQUIP LOJA PORTO SEGURO;CDL PORTO E EUNAPOLIS - LABORATORIO;ALARES LABORATORIO;Sem.Info;WIFI 6;1
JUN/2026;10/06/2026;BA;ALARES LOJA;ALARES LOJA;DEVOLUCAO EQUIP LOJA PORTO SEGURO;CDL PORTO E EUNAPOLIS - LABORATORIO;ALARES LABORATORIO;involuntaria;WIFI 6;2
JUN/2026;10/06/2026;BA;ALARES LOJA;ALARES LOJA;DEVOLUCAO EQUIP LOJA PORTO SEGURO;CDL PORTO E EUNAPOLIS - LABORATORIO;ALARES LABORATORIO;voluntaria;OUTROS;18
JUN/2026;10/06/2026;BA;ALARES LOJA;ALARES LOJA;DEVOLUCAO EQUIP LOJA PORTO SEGURO;CDL PORTO E EUNAPOLIS - LABORATORIO;ALARES LABORATORIO;voluntaria;WIFI 5;16
JUN/2026;10/06/2026;BA;ALARES LOJA;ALARES LOJA;DEVOLUCAO EQUIP LOJA PORTO SEGURO;CDL PORTO E EUNAPOLIS - LABORATORIO;ALARES LABORATORIO;voluntaria;WIFI 6;20
JUN/2026;10/06/2026;BA;DEROYQUE;TERCEIROS COLETA;EMP PCS REV DEROYQUE - PRINCIPAL;CDL PORTO E EUNAPOLIS - LABORATORIO;ALARES LABORATORIO;Sem.Info;WIFI 5;10
JUN/2026;10/06/2026;BA;DEROYQUE;TERCEIROS COLETA;EMP PCS REV DEROYQUE - PRINCIPAL;CDL PORTO E EUNAPOLIS - LABORATORIO;ALARES LABORATORIO;Sem.Info;WIFI 6;4
JUN/2026;10/06/2026;BA;DEROYQUE;TERCEIROS COLETA;EMP PCS REV DEROYQUE - PRINCIPAL;CDL PORTO E EUNAPOLIS - LABORATORIO;ALARES LABORATORIO;involuntaria;WIFI 5;9
JUN/2026;10/06/2026;BA;DEROYQUE;TERCEIROS COLETA;EMP PCS REV DEROYQUE - PRINCIPAL;CDL PORTO E EUNAPOLIS - LABORATORIO;ALARES LABORATORIO;involuntaria;WIFI 6;3
JUN/2026;10/06/2026;BA;DEROYQUE;TERCEIROS COLETA;EMP PCS REV DEROYQUE - PRINCIPAL;CDL PORTO E EUNAPOLIS - LABORATORIO;ALARES LABORATORIO;voluntaria;WIFI 5;16
JUN/2026;10/06/2026;BA;DEROYQUE;TERCEIROS COLETA;EMP PCS REV DEROYQUE - PRINCIPAL;CDL PORTO E EUNAPOLIS - LABORATORIO;ALARES LABORATORIO;voluntaria;WIFI 6;4
JUN/2026;10/06/2026;CE;REPARO ELETROS;TERCEIROS COLETA;EMP FLA REV REPARO ELETROS JADSON ITALO;CDL FORTALEZA - LABORATORIO;ALARES LABORATORIO;Sem.Info;IPTV;2
JUN/2026;10/06/2026;CE;REPARO ELETROS;TERCEIROS COLETA;EMP FLA REV REPARO ELETROS JADSON ITALO;CDL FORTALEZA - LABORATORIO;ALARES LABORATORIO;Sem.Info;WIFI 5;4
JUN/2026;10/06/2026;CE;REPARO ELETROS;TERCEIROS COLETA;EMP FLA REV REPARO ELETROS JADSON ITALO;CDL FORTALEZA - LABORATORIO;ALARES LABORATORIO;Sem.Info;WIFI 6;3
JUN/2026;10/06/2026;CE;REPARO ELETROS;TERCEIROS COLETA;EMP FLA REV REPARO ELETROS JADSON ITALO;CDL FORTALEZA - LABORATORIO;ALARES LABORATORIO;involuntaria;IPTV;4
JUN/2026;10/06/2026;CE;REPARO ELETROS;TERCEIROS COLETA;EMP FLA REV REPARO ELETROS JADSON ITALO;CDL FORTALEZA - LABORATORIO;ALARES LABORATORIO;involuntaria;WIFI 5;3
JUN/2026;10/06/2026;CE;REPARO ELETROS;TERCEIROS COLETA;EMP FLA REV REPARO ELETROS JADSON ITALO;CDL FORTALEZA - LABORATORIO;ALARES LABORATORIO;involuntaria;WIFI 6;5
JUN/2026;10/06/2026;CE;REPARO ELETROS;TERCEIROS COLETA;EMP FLA REV REPARO ELETROS JADSON ITALO;CDL FORTALEZA - LABORATORIO;ALARES LABORATORIO;voluntaria;IPTV;17
JUN/2026;10/06/2026;CE;REPARO ELETROS;TERCEIROS COLETA;EMP FLA REV REPARO ELETROS JADSON ITALO;CDL FORTALEZA - LABORATORIO;ALARES LABORATORIO;voluntaria;OUTROS;2
JUN/2026;10/06/2026;CE;REPARO ELETROS;TERCEIROS COLETA;EMP FLA REV REPARO ELETROS JADSON ITALO;CDL FORTALEZA - LABORATORIO;ALARES LABORATORIO;voluntaria;WIFI 5;33
JUN/2026;10/06/2026;CE;REPARO ELETROS;TERCEIROS COLETA;EMP FLA REV REPARO ELETROS JADSON ITALO;CDL FORTALEZA - LABORATORIO;ALARES LABORATORIO;voluntaria;WIFI 6;32
JUN/2026;10/06/2026;RN;ALARES LOJA;ALARES LOJA;DEVOLUCAO EQUIP LOJA NISIA FLORESTA;CDL NATAL - LABORATORIO;ALARES LABORATORIO;Sem.Info;OUTROS;1
JUN/2026;10/06/2026;RN;ALARES LOJA;ALARES LOJA;DEVOLUCAO EQUIP LOJA PARNAMIRIM;CDL NATAL - LABORATORIO;ALARES LABORATORIO;voluntaria;WIFI 6;1
JUN/2026;10/06/2026;RN;NDR;TERCEIROS COLETA;EMP NTL REV NDR - MATHEUS SANTOS;CDL NATAL - LABORATORIO;ALARES LABORATORIO;Sem.Info;WIFI 5;1
JUN/2026;10/06/2026;SP-ITV;ALARES LOJA;ALARES LOJA;DEVOLUCAO LOJAS ERRO ITUPEVA - GMUD;CDL ITUPEVA - LABORATORIO;ALARES CDL;Sem.Info;WIFI 5;10
JUN/2026;10/06/2026;SP-SOC;DEROYQUE;TERCEIROS COLETA;EMP PCS REV DEROYQUE - PRINCIPAL;CDL ITUPEVA - LABORATORIO;ALARES CDL;voluntaria;WIFI 5;1
JUN/2026;09/06/2026;-;ALARES LOJA;ALARES LOJA;DEVOLUCAO EQUIP. LOJA - INATIVO;CDL NATAL - LABORATORIO;ALARES LABORATORIO;voluntaria;WIFI 5;1
JUN/2026;09/06/2026;BA;ALARES LOJA;ALARES LOJA;DEVOLUCAO EQUIP LOJA EUNAPOLIS;CDL PORTO E EUNAPOLIS - LABORATORIO;ALARES LABORATORIO;Sem.Info;WIFI 6;2
JUN/2026;09/06/2026;BA;ALARES LOJA;ALARES LOJA;DEVOLUCAO EQUIP LOJA EUNAPOLIS;CDL PORTO E EUNAPOLIS - LABORATORIO;ALARES LABORATORIO;involuntaria;WIFI 5;1
JUN/2026;09/06/2026;BA;ALARES LOJA;ALARES LOJA;DEVOLUCAO EQUIP LOJA EUNAPOLIS;CDL PORTO E EUNAPOLIS - LABORATORIO;ALARES LABORATORIO;involuntaria;WIFI 6;1
JUN/2026;09/06/2026;BA;ALARES LOJA;ALARES LOJA;DEVOLUCAO EQUIP LOJA EUNAPOLIS;CDL PORTO E EUNAPOLIS - LABORATORIO;ALARES LABORATORIO;voluntaria;WIFI 5;6
JUN/2026;09/06/2026;BA;ALARES LOJA;ALARES LOJA;DEVOLUCAO EQUIP LOJA EUNAPOLIS;CDL PORTO E EUNAPOLIS - LABORATORIO;ALARES LABORATORIO;voluntaria;WIFI 6;10
JUN/2026;09/06/2026;RN;ALARES LOJA;ALARES LOJA;DEVOLUCAO EQUIP LOJA NATAL;CDL NATAL - LABORATORIO;ALARES LABORATORIO;Sem.Info;WIFI 5;1
JUN/2026;09/06/2026;RN;ALARES LOJA;ALARES LOJA;DEVOLUCAO EQUIP LOJA PARNAMIRIM;CDL NATAL - LABORATORIO;ALARES LABORATORIO;Sem.Info;WIFI 5;7
JUN/2026;09/06/2026;RN;ALARES LOJA;ALARES LOJA;DEVOLUCAO EQUIP LOJA NATAL;CDL NATAL - LABORATORIO;ALARES LABORATORIO;Sem.Info;WIFI 6;1
JUN/2026;09/06/2026;RN;ALARES LOJA;ALARES LOJA;DEVOLUCAO EQUIP LOJA PARNAMIRIM;CDL NATAL - LABORATORIO;ALARES LABORATORIO;involuntaria;WIFI 5;1
JUN/2026;09/06/2026;RN;ALARES LOJA;ALARES LOJA;DEVOLUCAO EQUIP LOJA PARNAMIRIM;CDL NATAL - LABORATORIO;ALARES LABORATORIO;involuntaria;WIFI 6;2
JUN/2026;09/06/2026;RN;ALARES LOJA;ALARES LOJA;DEVOLUCAO EQUIP LOJA PARNAMIRIM;CDL NATAL - LABORATORIO;ALARES LABORATORIO;voluntaria;IPTV;3
JUN/2026;09/06/2026;RN;ALARES LOJA;ALARES LOJA;DEVOLUCAO EQUIP LOJA SAO JOSE DE MIPIBU;CDL NATAL - LABORATORIO;ALARES LABORATORIO;voluntaria;WIFI 5;1
JUN/2026;09/06/2026;RN;ALARES LOJA;ALARES LOJA;DEVOLUCAO EQUIP LOJA NATAL;CDL NATAL - LABORATORIO;ALARES LABORATORIO;voluntaria;WIFI 5;8
JUN/2026;09/06/2026;RN;ALARES LOJA;ALARES LOJA;DEVOLUCAO EQUIP LOJA PARNAMIRIM;CDL NATAL - LABORATORIO;ALARES LABORATORIO;voluntaria;WIFI 5;11
JUN/2026;09/06/2026;RN;ALARES LOJA;ALARES LOJA;DEVOLUCAO EQUIP LOJA NATAL;CDL NATAL - LABORATORIO;ALARES LABORATORIO;voluntaria;WIFI 6;5
JUN/2026;09/06/2026;RN;ALARES LOJA;ALARES LOJA;DEVOLUCAO EQUIP LOJA PARNAMIRIM;CDL NATAL - LABORATORIO;ALARES LABORATORIO;voluntaria;WIFI 6;12
JUN/2026;09/06/2026;RN;NDR;TERCEIROS COLETA;EMP NTL REV NDR - PRINCIPAL;CDL NATAL - LABORATORIO;ALARES LABORATORIO;Sem.Info;IPTV;2
JUN/2026;09/06/2026;RN;NDR;TERCEIROS COLETA;EMP NTL REV NDR - PRINCIPAL;CDL NATAL - LABORATORIO;ALARES LABORATORIO;Sem.Info;WIFI 5;1
JUN/2026;09/06/2026;RN;NDR;TERCEIROS COLETA;EMP NTL REV NDR - PRINCIPAL;CDL NATAL - LABORATORIO;ALARES LABORATORIO;involuntaria;IPTV;1
JUN/2026;09/06/2026;RN;NDR;TERCEIROS COLETA;EMP NTL REV NDR - PRINCIPAL;CDL NATAL - LABORATORIO;ALARES LABORATORIO;involuntaria;OUTROS;1
JUN/2026;09/06/2026;RN;NDR;TERCEIROS COLETA;EMP NTL REV NDR - PRINCIPAL;CDL NATAL - LABORATORIO;ALARES LABORATORIO;involuntaria;WIFI 5;15
JUN/2026;09/06/2026;RN;NDR;TERCEIROS COLETA;EMP NTL REV NDR - PRINCIPAL;CDL NATAL - LABORATORIO;ALARES LABORATORIO;involuntaria;WIFI 6;23
JUN/2026;09/06/2026;RN;NDR;TERCEIROS COLETA;EMP NTL REV NDR - PRINCIPAL;CDL NATAL - LABORATORIO;ALARES LABORATORIO;voluntaria;IPTV;31
JUN/2026;09/06/2026;RN;NDR;TERCEIROS COLETA;EMP NTL REV NDR - PRINCIPAL;CDL NATAL - LABORATORIO;ALARES LABORATORIO;voluntaria;OUTROS;5
JUN/2026;09/06/2026;RN;NDR;TERCEIROS COLETA;EMP NTL REV NDR - PRINCIPAL;CDL NATAL - LABORATORIO;ALARES LABORATORIO;voluntaria;WIFI 5;80
JUN/2026;09/06/2026;RN;NDR;TERCEIROS COLETA;EMP NTL REV NDR - PRINCIPAL;CDL NATAL - LABORATORIO;ALARES LABORATORIO;voluntaria;WIFI 6;93
JUN/2026;09/06/2026;SP-MOC;ALARES LOJA;ALARES LOJA;CNX - RETIRADA EQUIP. LOJA - INATIVO;CDL POCOS DE CALDAS - LABORATORIO;ALARES LABORATORIO;Sem.Info;WIFI 5;1
JUN/2026;09/06/2026;SP-MOC;ALARES LOJA;ALARES LOJA;DEVOLUCAO EQUIP LOJA SÃO JOSÉ DO RIO PARDO;CDL POCOS DE CALDAS - LABORATORIO;ALARES LABORATORIO;Sem.Info;WIFI 5;1
JUN/2026;08/06/2026;CE;ALARES LOJA;ALARES LOJA;DEVOLUCAO EQUIP LOJA SAO GONCALO DO AMARANTE;CDL NATAL - LABORATORIO;ALARES LABORATORIO;Sem.Info;OUTROS;1
JUN/2026;08/06/2026;CE;ALARES LOJA;ALARES LOJA;DEVOLUCAO EQUIP LOJA SAO GONCALO DO AMARANTE;CDL NATAL - LABORATORIO;ALARES LABORATORIO;voluntaria;WIFI 5;1
JUN/2026;08/06/2026;CE;ALARES LOJA;ALARES LOJA;DEVOLUCAO EQUIP LOJA SAO GONCALO DO AMARANTE;CDL NATAL - LABORATORIO;ALARES LABORATORIO;voluntaria;WIFI 6;5
JUN/2026;08/06/2026;RN;ALARES LOJA;ALARES LOJA;DEVOLUCAO EQUIP LOJA PARNAMIRIM;CDL NATAL - LABORATORIO;ALARES LABORATORIO;voluntaria;WIFI 5;1
JUN/2026;08/06/2026;RN;ALARES LOJA;ALARES LOJA;DEVOLUCAO EQUIP LOJA NATAL;CDL NATAL - LABORATORIO;ALARES LABORATORIO;voluntaria;WIFI 5;2
JUN/2026;08/06/2026;RN;ALARES LOJA;ALARES LOJA;DEVOLUCAO EQUIP LOJA NATAL;CDL NATAL - LABORATORIO;ALARES LABORATORIO;voluntaria;WIFI 6;4
JUN/2026;05/06/2026;CE;ALARES LOJA;ALARES LOJA;DEVOLUCAO EQUIP LOJA SAO GONCALO DO AMARANTE;CDL NATAL - LABORATORIO;ALARES LABORATORIO;voluntaria;WIFI 5;1
JUN/2026;05/06/2026;CE;ALARES LOJA;ALARES LOJA;DEVOLUCAO EQUIP LOJA SAO GONCALO DO AMARANTE;CDL NATAL - LABORATORIO;ALARES LABORATORIO;voluntaria;WIFI 6;1
JUN/2026;05/06/2026;CE;OMEGA;TERCEIROS COLETA;EMP FLA REV OMEGA MARCOS GOMES;CDL FORTALEZA - LABORATORIO;ALARES LABORATORIO;involuntaria;OUTROS;5
JUN/2026;05/06/2026;CE;OMEGA;TERCEIROS COLETA;EMP FLA REV OMEGA MARCOS GOMES;CDL FORTALEZA - LABORATORIO;ALARES LABORATORIO;involuntaria;WIFI 5;5
JUN/2026;05/06/2026;CE;OMEGA;TERCEIROS COLETA;EMP FLA REV OMEGA MARCOS GOMES;CDL FORTALEZA - LABORATORIO;ALARES LABORATORIO;involuntaria;WIFI 6;16
JUN/2026;05/06/2026;CE;OMEGA;TERCEIROS COLETA;EMP FLA REV OMEGA MARCOS GOMES;CDL FORTALEZA - LABORATORIO;ALARES LABORATORIO;voluntaria;IPTV;12
JUN/2026;05/06/2026;CE;OMEGA;TERCEIROS COLETA;EMP FLA REV OMEGA MARCOS GOMES;CDL FORTALEZA - LABORATORIO;ALARES LABORATORIO;voluntaria;OUTROS;25
JUN/2026;05/06/2026;CE;OMEGA;TERCEIROS COLETA;EMP FLA REV OMEGA MARCOS GOMES;CDL FORTALEZA - LABORATORIO;ALARES LABORATORIO;voluntaria;WIFI 5;57
JUN/2026;05/06/2026;CE;OMEGA;TERCEIROS COLETA;EMP FLA REV OMEGA MARCOS GOMES;CDL FORTALEZA - LABORATORIO;ALARES LABORATORIO;voluntaria;WIFI 6;51
JUN/2026;05/06/2026;MG;ALARES LOJA;ALARES LOJA;DEVOLUCAO EQUIP LOJA CALDAS;CDL POCOS DE CALDAS - LABORATORIO;ALARES LABORATORIO;Sem.Info;OUTROS;1
JUN/2026;05/06/2026;MG;ALARES LOJA;ALARES LOJA;DEVOLUCAO EQUIP LOJA POCOS DE CALDAS;CDL POCOS DE CALDAS - LABORATORIO;ALARES LABORATORIO;voluntaria;WIFI 5;1
JUN/2026;05/06/2026;MG;JL - MG;TERCEIROS COLETA;EMP PCS REV JL - ROSELANE FRANCISCA;CDL POCOS DE CALDAS - LABORATORIO;ALARES LABORATORIO;Sem.Info;OUTROS;3
JUN/2026;05/06/2026;MG;JL - MG;TERCEIROS COLETA;EMP PCS REV JL - ROSELANE FRANCISCA;CDL POCOS DE CALDAS - LABORATORIO;ALARES LABORATORIO;Sem.Info;WIFI 5;5
JUN/2026;05/06/2026;MG;JL - MG;TERCEIROS COLETA;EMP PCS REV JL - ROSELANE FRANCISCA;CDL POCOS DE CALDAS - LABORATORIO;ALARES LABORATORIO;Sem.Info;WIFI 6;1
JUN/2026;05/06/2026;MG;JL - MG;TERCEIROS COLETA;EMP PCS REV JL - ROSELANE FRANCISCA;CDL POCOS DE CALDAS - LABORATORIO;ALARES LABORATORIO;involuntaria;OUTROS;2
JUN/2026;05/06/2026;MG;JL - MG;TERCEIROS COLETA;EMP PCS REV JL - ROSELANE FRANCISCA;CDL POCOS DE CALDAS - LABORATORIO;ALARES LABORATORIO;involuntaria;WIFI 5;6
JUN/2026;05/06/2026;MG;JL - MG;TERCEIROS COLETA;EMP PCS REV JL - ROSELANE FRANCISCA;CDL POCOS DE CALDAS - LABORATORIO;ALARES LABORATORIO;involuntaria;WIFI 6;17
JUN/2026;05/06/2026;MG;JL - MG;TERCEIROS COLETA;EMP PCS REV JL - ROSELANE FRANCISCA;CDL POCOS DE CALDAS - LABORATORIO;ALARES LABORATORIO;voluntaria;OUTROS;12
JUN/2026;05/06/2026;MG;JL - MG;TERCEIROS COLETA;EMP PCS REV JL - ROSELANE FRANCISCA;CDL POCOS DE CALDAS - LABORATORIO;ALARES LABORATORIO;voluntaria;WIFI 5;23
JUN/2026;05/06/2026;MG;JL - MG;TERCEIROS COLETA;EMP PCS REV JL - ROSELANE FRANCISCA;CDL POCOS DE CALDAS - LABORATORIO;ALARES LABORATORIO;voluntaria;WIFI 6;21
JUN/2026;05/06/2026;PB;DEBORAH BRUNA;TERCEIROS COLETA;EMP JPA REV DB - DEBORAH BRUNA;CDL JOAO PESSOA - LABORATORIO;ALARES LABORATORIO;involuntaria;WIFI 5;3
JUN/2026;05/06/2026;PB;DEBORAH BRUNA;TERCEIROS COLETA;EMP JPA REV DB - DEBORAH BRUNA;CDL JOAO PESSOA - LABORATORIO;ALARES LABORATORIO;involuntaria;WIFI 6;11
JUN/2026;05/06/2026;PB;DEBORAH BRUNA;TERCEIROS COLETA;EMP JPA REV DB - DEBORAH BRUNA;CDL JOAO PESSOA - LABORATORIO;ALARES LABORATORIO;voluntaria;OUTROS;1
JUN/2026;05/06/2026;PB;DEBORAH BRUNA;TERCEIROS COLETA;EMP JPA REV DB - DEBORAH BRUNA;CDL JOAO PESSOA - LABORATORIO;ALARES LABORATORIO;voluntaria;WIFI 5;7
JUN/2026;05/06/2026;PB;DEBORAH BRUNA;TERCEIROS COLETA;EMP JPA REV DB - DEBORAH BRUNA;CDL JOAO PESSOA - LABORATORIO;ALARES LABORATORIO;voluntaria;WIFI 6;15
JUN/2026;05/06/2026;RN;ALARES LOJA;ALARES LOJA;DEVOLUCAO EQUIP LOJA NATAL;CDL NATAL - LABORATORIO;ALARES LABORATORIO;Sem.Info;OUTROS;11
JUN/2026;05/06/2026;RN;ALARES LOJA;ALARES LOJA;DEVOLUCAO EQUIP LOJA NATAL;CDL NATAL - LABORATORIO;ALARES LABORATORIO;Sem.Info;WIFI 5;9
JUN/2026;05/06/2026;RN;ALARES LOJA;ALARES LOJA;DEVOLUCAO EQUIP LOJA PARNAMIRIM;CDL NATAL - LABORATORIO;ALARES LABORATORIO;Sem.Info;WIFI 5;1
JUN/2026;05/06/2026;RN;ALARES LOJA;ALARES LOJA;DEVOLUCAO EQUIP LOJA NATAL;CDL NATAL - LABORATORIO;ALARES LABORATORIO;voluntaria;WIFI 5;4
JUN/2026;05/06/2026;RN;ALARES LOJA;ALARES LOJA;DEVOLUCAO EQUIP LOJA PARNAMIRIM;CDL NATAL - LABORATORIO;ALARES LABORATORIO;voluntaria;WIFI 5;1
JUN/2026;05/06/2026;RN;ALARES LOJA;ALARES LOJA;DEVOLUCAO EQUIP LOJA NATAL;CDL NATAL - LABORATORIO;ALARES LABORATORIO;voluntaria;WIFI 6;4
JUN/2026;05/06/2026;RN;ALARES LOJA;ALARES LOJA;DEVOLUCAO EQUIP LOJA PARNAMIRIM;CDL NATAL - LABORATORIO;ALARES LABORATORIO;voluntaria;WIFI 6;2
JUN/2026;05/06/2026;RN;NDR;TERCEIROS COLETA;EMP NTL REV NDR - PRINCIPAL;CDL NATAL - LABORATORIO;ALARES LABORATORIO;Sem.Info;WIFI 5;1
JUN/2026;05/06/2026;RN;NDR;TERCEIROS COLETA;EMP NTL REV NDR - PRINCIPAL;CDL NATAL - LABORATORIO;ALARES LABORATORIO;involuntaria;WIFI 5;11
JUN/2026;05/06/2026;RN;NDR;TERCEIROS COLETA;EMP NTL REV NDR - PRINCIPAL;CDL NATAL - LABORATORIO;ALARES LABORATORIO;involuntaria;WIFI 6;7
JUN/2026;05/06/2026;RN;NDR;TERCEIROS COLETA;EMP NTL REV NDR - PRINCIPAL;CDL NATAL - LABORATORIO;ALARES LABORATORIO;voluntaria;IPTV;28
JUN/2026;05/06/2026;RN;NDR;TERCEIROS COLETA;EMP NTL REV NDR - PRINCIPAL;CDL NATAL - LABORATORIO;ALARES LABORATORIO;voluntaria;OUTROS;8
JUN/2026;05/06/2026;RN;NDR;TERCEIROS COLETA;EMP NTL REV NDR - PRINCIPAL;CDL NATAL - LABORATORIO;ALARES LABORATORIO;voluntaria;WIFI 5;72
JUN/2026;05/06/2026;RN;NDR;TERCEIROS COLETA;EMP NTL REV NDR - PRINCIPAL;CDL NATAL - LABORATORIO;ALARES LABORATORIO;voluntaria;WIFI 6;81
JUN/2026;05/06/2026;SP-ORN;ALARES LOJA;ALARES LOJA;DEVOLUCAO EQUIP LOJA ASSIS;CDL POCOS DE CALDAS - LABORATORIO;ALARES LABORATORIO;voluntaria;OUTROS;1
JUN/2026;03/06/2026;CE;ALARES LOJA;ALARES LOJA;DEVOLUCAO EQUIP LOJA FORTALEZA;CDL FORTALEZA - LABORATORIO;ALARES LABORATORIO;Sem.Info;OUTROS;1
JUN/2026;03/06/2026;CE;ALARES LOJA;ALARES LOJA;DEVOLUCAO EQUIP LOJA FORTALEZA;CDL FORTALEZA - LABORATORIO;ALARES LABORATORIO;Sem.Info;WIFI 5;11
JUN/2026;03/06/2026;CE;ALARES LOJA;ALARES LOJA;DEVOLUCAO EQUIP LOJA FORTALEZA;CDL FORTALEZA - LABORATORIO;ALARES LABORATORIO;involuntaria;WIFI 6;1
JUN/2026;03/06/2026;CE;ALARES LOJA;ALARES LOJA;DEVOLUCAO EQUIP LOJA FORTALEZA;CDL FORTALEZA - LABORATORIO;ALARES LABORATORIO;voluntaria;IPTV;7
JUN/2026;03/06/2026;CE;ALARES LOJA;ALARES LOJA;DEVOLUCAO EQUIP LOJA FORTALEZA;CDL FORTALEZA - LABORATORIO;ALARES LABORATORIO;voluntaria;WIFI 5;5
JUN/2026;03/06/2026;CE;ALARES LOJA;ALARES LOJA;DEVOLUCAO EQUIP LOJA FORTALEZA;CDL FORTALEZA - LABORATORIO;ALARES LABORATORIO;voluntaria;WIFI 6;8
JUN/2026;02/06/2026;-;ALARES LOJA;ALARES LOJA;DEVOLUCAO EQUIP. LOJA - INATIVO;CDL FORTALEZA - PRINCIPAL;ALARES CDL;Sem.Info;IPTV;4
JUN/2026;02/06/2026;-;ALARES LOJA;ALARES LOJA;ALARES - BAIXA VIRTUAL;CDL NATAL - LABORATORIO;ALARES LABORATORIO;voluntaria;WIFI 5;1
JUN/2026;02/06/2026;-;ALARES LOJA;ALARES LOJA;ALARES - BAIXA VIRTUAL;CDL NATAL - LABORATORIO;ALARES LABORATORIO;voluntaria;WIFI 6;1
JUN/2026;02/06/2026;-;ALARES LOJA;ALARES LOJA;DEVOLUCAO EQUIP. LOJA - INATIVO;CDL POCOS DE CALDAS - ERRO DE CADASTRO;ALARES DIVERSOS;Sem.Info;WIFI 5;1
JUN/2026;02/06/2026;MG;ALARES LOJA;ALARES LOJA;WEB - RETIRADA EQUIP. LOJA - INATIVO;CDL POCOS DE CALDAS - ERRO DE CADASTRO;ALARES DIVERSOS;Sem.Info;WIFI 5;2
JUN/2026;02/06/2026;RN;ALARES LOJA;ALARES LOJA;DEVOLUCAO EQUIP LOJA NATAL;CDL NATAL - LABORATORIO;ALARES LABORATORIO;Sem.Info;OUTROS;1
JUN/2026;02/06/2026;RN;ALARES LOJA;ALARES LOJA;DEVOLUCAO EQUIP LOJA NATAL;CDL NATAL - LABORATORIO;ALARES LABORATORIO;involuntaria;WIFI 6;1
JUN/2026;02/06/2026;RN;ALARES LOJA;ALARES LOJA;DEVOLUCAO EQUIP LOJA PARNAMIRIM;CDL NATAL - LABORATORIO;ALARES LABORATORIO;voluntaria;IPTV;2
JUN/2026;02/06/2026;RN;ALARES LOJA;ALARES LOJA;DEVOLUCAO EQUIP LOJA PARNAMIRIM;CDL NATAL - LABORATORIO;ALARES LABORATORIO;voluntaria;OUTROS;1
JUN/2026;02/06/2026;RN;ALARES LOJA;ALARES LOJA;DEVOLUCAO EQUIP LOJA NATAL;CDL NATAL - LABORATORIO;ALARES LABORATORIO;voluntaria;WIFI 5;1
JUN/2026;02/06/2026;RN;ALARES LOJA;ALARES LOJA;DEVOLUCAO EQUIP LOJA PARNAMIRIM;CDL NATAL - LABORATORIO;ALARES LABORATORIO;voluntaria;WIFI 6;1
JUN/2026;02/06/2026;RN;ALARES LOJA;ALARES LOJA;DEVOLUCAO EQUIP LOJA NATAL;CDL NATAL - LABORATORIO;ALARES LABORATORIO;voluntaria;WIFI 6;3
JUN/2026;01/06/2026;-;ALARES LOJA;ALARES LOJA;DEVOLUCAO EQUIP. LOJA - INATIVO;CDL JOAO PESSOA - LABORATORIO;ALARES LABORATORIO;Sem.Info;WIFI 5;1
JUN/2026;01/06/2026;-;ALARES LOJA;ALARES LOJA;ALARES - BAIXA VIRTUAL;CDL NATAL - LABORATORIO;ALARES LABORATORIO;Sem.Info;WIFI 5;1
JUN/2026;01/06/2026;-;ALARES LOJA;ALARES LOJA;ALARES - BAIXA VIRTUAL;CDL NATAL - LABORATORIO;ALARES LABORATORIO;Sem.Info;WIFI 6;1
JUN/2026;01/06/2026;CE;ALARES LOJA;ALARES LOJA;DEVOLUCAO EQUIP LOJA SAO GONCALO DO AMARANTE;CDL NATAL - LABORATORIO;ALARES LABORATORIO;Sem.Info;WIFI 5;1
JUN/2026;01/06/2026;CE;REPARO ELETROS;TERCEIROS COLETA;EMP FLA REV REPARO ELETROS JADSON ITALO;CDL FORTALEZA - LABORATORIO;ALARES LABORATORIO;Sem.Info;IPTV;1
JUN/2026;01/06/2026;CE;REPARO ELETROS;TERCEIROS COLETA;EMP FLA REV REPARO ELETROS JADSON ITALO;CDL FORTALEZA - LABORATORIO;ALARES LABORATORIO;Sem.Info;OUTROS;2
JUN/2026;01/06/2026;CE;REPARO ELETROS;TERCEIROS COLETA;EMP FLA REV REPARO ELETROS JADSON ITALO;CDL FORTALEZA - LABORATORIO;ALARES LABORATORIO;Sem.Info;WIFI 5;1
JUN/2026;01/06/2026;CE;REPARO ELETROS;TERCEIROS COLETA;EMP FLA REV REPARO ELETROS JADSON ITALO;CDL FORTALEZA - LABORATORIO;ALARES LABORATORIO;involuntaria;IPTV;2
JUN/2026;01/06/2026;CE;REPARO ELETROS;TERCEIROS COLETA;EMP FLA REV REPARO ELETROS JADSON ITALO;CDL FORTALEZA - LABORATORIO;ALARES LABORATORIO;involuntaria;OUTROS;2
JUN/2026;01/06/2026;CE;REPARO ELETROS;TERCEIROS COLETA;EMP FLA REV REPARO ELETROS JOSE ALVES;CDL FORTALEZA - LABORATORIO;ALARES LABORATORIO;involuntaria;OUTROS;9
JUN/2026;01/06/2026;CE;REPARO ELETROS;TERCEIROS COLETA;EMP FLA REV REPARO ELETROS JADSON ITALO;CDL FORTALEZA - LABORATORIO;ALARES LABORATORIO;involuntaria;WIFI 5;1
JUN/2026;01/06/2026;CE;REPARO ELETROS;TERCEIROS COLETA;EMP FLA REV REPARO ELETROS JOSE ALVES;CDL FORTALEZA - LABORATORIO;ALARES LABORATORIO;involuntaria;WIFI 5;2
JUN/2026;01/06/2026;CE;REPARO ELETROS;TERCEIROS COLETA;EMP FLA REV REPARO ELETROS JADSON ITALO;CDL FORTALEZA - LABORATORIO;ALARES LABORATORIO;involuntaria;WIFI 6;1
JUN/2026;01/06/2026;CE;REPARO ELETROS;TERCEIROS COLETA;EMP FLA REV REPARO ELETROS JOSE ALVES;CDL FORTALEZA - LABORATORIO;ALARES LABORATORIO;involuntaria;WIFI 6;6
JUN/2026;01/06/2026;CE;REPARO ELETROS;TERCEIROS COLETA;EMP FLA REV REPARO ELETROS JADSON ITALO;CDL FORTALEZA - LABORATORIO;ALARES LABORATORIO;voluntaria;IPTV;6
JUN/2026;01/06/2026;CE;REPARO ELETROS;TERCEIROS COLETA;EMP FLA REV REPARO ELETROS JADSON ITALO;CDL FORTALEZA - LABORATORIO;ALARES LABORATORIO;voluntaria;OUTROS;2
JUN/2026;01/06/2026;CE;REPARO ELETROS;TERCEIROS COLETA;EMP FLA REV REPARO ELETROS JOSE ALVES;CDL FORTALEZA - LABORATORIO;ALARES LABORATORIO;voluntaria;OUTROS;1
JUN/2026;01/06/2026;CE;REPARO ELETROS;TERCEIROS COLETA;EMP FLA REV REPARO ELETROS JADSON ITALO;CDL FORTALEZA - LABORATORIO;ALARES LABORATORIO;voluntaria;WIFI 5;5
JUN/2026;01/06/2026;CE;REPARO ELETROS;TERCEIROS COLETA;EMP FLA REV REPARO ELETROS JOSE ALVES;CDL FORTALEZA - LABORATORIO;ALARES LABORATORIO;voluntaria;WIFI 5;1
JUN/2026;01/06/2026;CE;REPARO ELETROS;TERCEIROS COLETA;EMP FLA REV REPARO ELETROS JADSON ITALO;CDL FORTALEZA - LABORATORIO;ALARES LABORATORIO;voluntaria;WIFI 6;8
JUN/2026;01/06/2026;MG;CLOVIS LUCIANO;TERCEIROS COLETA;EMP PCS REV CLOVIS - CLOVIS LUCIANO;CDL NATAL - ERRO DE CADASTRO;ALARES DIVERSOS;voluntaria;WIFI 5;1
JUN/2026;01/06/2026;PB;DEBORAH BRUNA;TERCEIROS COLETA;EMP JPA REV DB - DEBORAH BRUNA;CDL JOAO PESSOA - LABORATORIO;ALARES LABORATORIO;voluntaria;WIFI 6;1
JUN/2026;01/06/2026;RN;ALARES LOJA;ALARES LOJA;DEVOLUCAO EQUIP LOJA NATAL;CDL NATAL - LABORATORIO;ALARES LABORATORIO;Sem.Info;WIFI 6;1
JUN/2026;01/06/2026;SP-MOC;ALARES LOJA;ALARES LOJA;DEVOLUCAO EQUIP LOJA MOGI GUACU;CDL ITUPEVA - LABORATORIO;ALARES CDL;Sem.Info;WIFI 6;1
JUN/2026;01/06/2026;SP-SOC;DEROYQUE;TERCEIROS COLETA;EMP PCS REV DEROYQUE - PRINCIPAL;CDL REGISTRO - LABORATORIO;ALARES LABORATORIO;Sem.Info;OUTROS;1
JUN/2026;01/06/2026;SP-SOC;DEROYQUE;TERCEIROS COLETA;EMP PCS REV DEROYQUE - PRINCIPAL;CDL REGISTRO - LABORATORIO;ALARES LABORATORIO;Sem.Info;WIFI 5;3
JUN/2026;01/06/2026;SP-SOC;DEROYQUE;TERCEIROS COLETA;EMP PCS REV DEROYQUE - PRINCIPAL;CDL REGISTRO - LABORATORIO;ALARES LABORATORIO;Sem.Info;WIFI 6;4
JUN/2026;01/06/2026;SP-SOC;DEROYQUE;TERCEIROS COLETA;EMP PCS REV DEROYQUE - PRINCIPAL;CDL REGISTRO - LABORATORIO;ALARES LABORATORIO;involuntaria;OUTROS;1
JUN/2026;01/06/2026;SP-SOC;DEROYQUE;TERCEIROS COLETA;EMP PCS REV DEROYQUE - PRINCIPAL;CDL REGISTRO - LABORATORIO;ALARES LABORATORIO;involuntaria;WIFI 5;3
JUN/2026;01/06/2026;SP-SOC;DEROYQUE;TERCEIROS COLETA;EMP PCS REV DEROYQUE - PRINCIPAL;CDL REGISTRO - LABORATORIO;ALARES LABORATORIO;voluntaria;WIFI 5;10
JUN/2026;01/06/2026;SP-SOC;DEROYQUE;TERCEIROS COLETA;EMP PCS REV DEROYQUE - PRINCIPAL;CDL REGISTRO - LABORATORIO;ALARES LABORATORIO;voluntaria;WIFI 6;8
